schema_version,input_group_id,width,input_index,fold,seed,input_bits_sha256,computed_root_bits,correct_root_bits,correctly_rounded,root_ulp_exponent,signed_error_root_ulp,absolute_error_root_ulp,cell_error_low_root_ulp,cell_error_high_root_ulp,q_all,q_inexact,q_corr4_all,q_corr4_inexact,b_all,b_inexact,b_all_strict_cell_certificate,b_inexact_strict_cell_certificate,addition_count,inexact_addition_count,inexact_fraction,inexact_energy_fraction,top8_energy_concentration,top8_inexact_energy_concentration,max_leaf_root_ratio,effective_leaf_count,q_all__zero_mean__mu_root_ulp,q_all__zero_mean__sigma_root_ulp,q_all__zero_mean__z,q_all__zero_mean__p_safe,q_all__zero_mean__prevalence_baseline,q_all__bias_aware__mu_root_ulp,q_all__bias_aware__sigma_root_ulp,q_all__bias_aware__z,q_all__bias_aware__p_safe,q_all__bias_aware__prevalence_baseline,q_inexact__zero_mean__mu_root_ulp,q_inexact__zero_mean__sigma_root_ulp,q_inexact__zero_mean__z,q_inexact__zero_mean__p_safe,q_inexact__zero_mean__prevalence_baseline,q_inexact__bias_aware__mu_root_ulp,q_inexact__bias_aware__sigma_root_ulp,q_inexact__bias_aware__z,q_inexact__bias_aware__p_safe,q_inexact__bias_aware__prevalence_baseline,q_corr4_all__zero_mean__mu_root_ulp,q_corr4_all__zero_mean__sigma_root_ulp,q_corr4_all__zero_mean__z,q_corr4_all__zero_mean__p_safe,q_corr4_all__zero_mean__prevalence_baseline,q_corr4_all__bias_aware__mu_root_ulp,q_corr4_all__bias_aware__sigma_root_ulp,q_corr4_all__bias_aware__z,q_corr4_all__bias_aware__p_safe,q_corr4_all__bias_aware__prevalence_baseline,q_corr4_inexact__zero_mean__mu_root_ulp,q_corr4_inexact__zero_mean__sigma_root_ulp,q_corr4_inexact__zero_mean__z,q_corr4_inexact__zero_mean__p_safe,q_corr4_inexact__zero_mean__prevalence_baseline,q_corr4_inexact__bias_aware__mu_root_ulp,q_corr4_inexact__bias_aware__sigma_root_ulp,q_corr4_inexact__bias_aware__z,q_corr4_inexact__bias_aware__p_safe,q_corr4_inexact__bias_aware__prevalence_baseline
1,w256_g000,256,0,0,898398919,a06b2305c563ec0b845aabfc97ff86d36f61cb7d56852895c73a4dfc1ac0920e,0x43bd4a19,0x43bd4a19,True,-15,-0.2866469917280483,0.2866469917280483,-0.5,0.5,0.22653166502506888,0.06986768593145475,0.6621705545005119,0.1485465620100267,4.4462722575699525,2.7034728841099467,False,False,255,229,0.8980392156862745,0.3084234865078262,0.8047072211582144,0.7081838478980013,0.08418486444181131,21.50911068886628,0.0,0.4798501991456121,-0.5973676623213494,0.7025845456294766,0.7516339869281046,0.021500323278478364,0.4793682819284194,-0.6428195744760186,0.7025842345587725,0.7516339869281046,0.0,0.36532790383267894,-0.7846293390699587,0.8288861265775975,0.7516339869281046,0.01284085180281181,0.3651021635703592,-0.8202850418692343,0.8288860652334356,0.7516339869281046,0.0,0.487643821590955,-0.587820411202694,0.6947965192297443,0.7516339869281046,0.022298615108272746,0.4871337275328862,-0.6342110787544767,0.6947961752986495,0.7516339869281046,0.0,0.36857940362075364,-0.7777075683344234,0.8250788759420531,0.7516339869281046,0.012527257578786484,0.3683664542150726,-0.8121647503009609,0.8250788203193934,0.7516339869281046
1,w256_g001,256,1,1,1057959139,ed87ac8b2edadf952c1119139292265ac3221fe2818e7b2561257f2c6925622f,0x43a2d62b,0x43a2d62b,True,-15,0.012888835424746503,0.012888835424746503,-0.5,0.5,0.162973135357441,0.12512934032834136,0.4449093771424542,0.23992233924662837,3.647794755699584,2.8774366648431213,False,False,255,229,0.8980392156862745,0.7677912071452838,0.8309140421804115,0.8636896541057567,0.09119987821719755,20.40385221879565,0.0,0.41787713578971664,0.030843600476941145,0.7685078408352233,0.738562091503268,0.01403464574638289,0.4176413884358096,-0.002743526751330333,0.7685077631973583,0.738562091503268,0.0,0.5013232581810698,0.02570962989331579,0.6814104279388156,0.738562091503268,0.009900936561994957,0.501225478850067,0.005961187108058657,0.6814104156318306,0.738562091503268,0.0,0.41014679985121727,0.0314249323155075,0.7771845406946549,0.738562091503268,0.013747032017050196,0.4099163531001375,-0.002093589547753528,0.7771844669991119,0.738562091503268,0.0,0.482696045203773,0.026701763051125486,0.6997271978595798,0.738562091503268,0.008484883023524714,0.48262146534881767,0.00912506533052525,0.6997271904475898,0.738562091503268
1,w256_g002,256,2,2,2417741,8be72e68570b45ace2f6c476c83199b8859137a91d9f4a9e4971cbb0b7e0bf28,0x43c7b3f6,0x43c7b3f5,False,-15,0.531834283940043,0.531834283940043,-0.5,0.5,0.18274235363517968,0.07781272764717309,0.5206152574417253,0.16732433974331445,4.161306381873153,2.942312241248151,False,False,255,240,0.9411764705882353,0.4258056553354656,0.8265279704572529,0.7362762930820875,0.07582960238409356,24.07413483989476,0.0,0.4341490922507324,1.2250037911697276,0.7505466236362297,0.7516339869281046,0.026758476988895503,0.4333236875724309,1.1655854997927455,0.7505456687682672,0.7516339869281046,0.0,0.38965352933231867,1.3648902009211996,0.8005749198194092,0.7516339869281046,0.018015863690084472,0.38923681940000543,1.3200663314482712,0.8005746880450619,0.7516339869281046,0.0,0.43516297433411144,1.2221496664642906,0.7494418801902427,0.7516339869281046,0.027012765944680234,0.43432375563320097,1.162316155742812,0.7494408932971103,0.7516339869281046,0.0,0.3970843361377368,1.3393484344231734,0.7920340811126558,0.7516339869281046,0.019419919600698207,0.3966091737827676,1.291988179325389,0.792033774260785,0.7516339869281046
1,w256_g003,256,3,3,1980357211,55be2b5564fca62728a4c1bcd032f2604fd0d51b06a832cc4a39af58dd9d6e36,0x43e094bf,0x43e094bf,True,-15,0.11562345541733521,0.11562345541733521,-0.5,0.5,0.19534998888856325,0.1023302587862407,0.5745574094622248,0.2633829133792151,4.521151872857453,3.6249701385677384,False,False,255,231,0.9058823529411765,0.5238303793537181,0.7731849258144974,0.71256212513821,0.06821623627297255,27.060923519512425,0.0,0.4530314299739898,0.25522170818032114,0.730266369836563,0.7320261437908496,0.019387122101740668,0.4526164115903114,0.21262227981848672,0.7302661310398543,0.7320261437908496,0.0,0.4519454912890148,0.25583495719264765,0.7314154696855018,0.7320261437908496,0.010571840009435441,0.45182182693544565,0.23250672974439787,0.7314154484664912,0.7320261437908496,0.0,0.46172609563814027,0.2504156826083977,0.7211441221547761,0.7320261437908496,0.020214140238276435,0.4612834008802704,0.2068344861249906,0.7211438528940183,0.7320261437908496,0.0,0.5034025577225736,0.22968388547810198,0.6794074198465907,0.7320261437908496,0.013341808102850745,0.5032257259701413,0.20325202396459618,0.6794073797616467,0.7320261437908496
1,w256_g004,256,4,4,395027572,6e89c525775656afd0c867581365cf99d1e2cae0f5219910e8680456a99c65ca,0x43b04e10,0x43b04e11,False,-15,-0.6362284573015131,0.6362284573015131,-0.5,0.5,0.16526443169690197,0.12309738155381905,0.4509427807376364,0.2191943951810364,3.749105320002861,2.674520355310965,False,False,255,231,0.9058823529411765,0.744851026260641,0.8193938966554118,0.877946511148301,0.08803355100001987,20.233112624791893,0.0,0.41233190151516685,-1.543000808241151,0.774723089058255,0.75,0.017258532772646114,0.4119705572655026,-1.5862468289281328,0.7747229074641291,0.75,0.0,0.49023286522444715,-1.2978086587691824,0.692235237576317,0.75,0.019344151915354196,0.4898510650522735,-1.3383100619509916,0.6922350458180568,0.75,0.0,0.4039524846481416,-1.5750081543766044,0.7841983997331532,0.75,0.01696024903718652,0.4035962831915127,-1.6184210151131433,0.7841982251080213,0.75,0.0,0.45550762402209516,-1.3967460120286632,0.7276542112647566,0.75,0.018846965034322604,0.4551175534422392,-1.4393543324823088,0.727654000812621,0.75
1,w256_g005,256,5,0,1969590685,5a5b024504ad6a549061a46040f69cd154d5af88cf15478cd5acd994b22f4582,0x439b2ee6,0x439b2ee5,False,-15,0.8119701291543606,0.8119701291543606,-0.5,0.5,0.1732213777898394,0.13857367461906067,0.4771308327270649,0.2874059312333366,3.620121334899528,2.8930704342055877,False,False,255,239,0.9372549019607843,0.7999802125300318,0.8719574257740736,0.8926509093932343,0.09076912660343477,20.208530655774823,0.0,0.41960626622481434,1.935076271523857,0.7665792321447698,0.7516339869281046,0.01880101412810107,0.4191848524492324,1.8921702690159121,0.766578983821089,0.7516339869281046,0.0,0.5144995888845338,1.5781744955613295,0.668858937833942,0.7516339869281046,0.018084063396645842,0.5141816737432602,1.5439796988060603,0.6688588112763085,0.7516339869281046,0.0,0.4139391798522913,1.9615686764516986,0.7729169326696903,0.7516339869281046,0.018928303899444995,0.41350618366389374,1.9178475596861115,0.7729166715397682,0.7516339869281046,0.0,0.5126814734424264,1.583771154635928,0.6705708855074373,0.7516339869281046,0.017424991224668167,0.5123852680277973,1.5506791227389227,0.6705707752080625,0.7516339869281046
1,w256_g006,256,6,1,1638269948,275497743c21ffb869b548f8f9b770554c3c1548b6f959b72ead1de82c968b95,0x43cbd4c8,0x43cbd4c8,True,-15,0.28363845993317227,0.28363845993317227,-0.5,0.5,0.20505516810247426,0.13372284737630807,0.5921205614015084,0.26021403225036593,4.311805531753641,3.1981275450889424,False,False,255,235,0.9215686274509803,0.6521310758160527,0.812789398135904,0.8373974146059519,0.07601264601880706,22.421047213447586,0.0,0.46873346260310045,0.6051167295758929,0.7138946151013963,0.738562091503268,0.015742684951349794,0.4684690244129431,0.5718537641149982,0.7138945198899501,0.738562091503268,0.0,0.5182521157974368,0.5472982189310246,0.6653456841859124,0.738562091503268,0.010235274820975464,0.5181510346200796,0.527651527923055,0.6653456715022379,0.738562091503268,0.0,0.4731606490146808,0.5994548796985266,0.7093622254418053,0.738562091503268,0.015859088973929885,0.4728947970457181,0.5662556928774038,0.7093621298112598,0.738562091503268,0.0,0.5026940597682819,0.5642367448382345,0.6800889824459659,0.738562091503268,0.008836410275443608,0.5026163900826962,0.5467431127992365,0.6800889747024013,0.738562091503268
1,w256_g007,256,7,2,496817694,f48fccc34b5f55c5500e5a1bb02e103e300441f0219a84f043b20eb1e66515e7,0x43917793,0x43917793,True,-15,-0.4661367412636537,0.4661367412636537,-0.5,0.5,0.15049763002112287,0.13221916006746598,0.39401524263819854,0.27613097132923864,3.243752117079571,2.716864222355075,False,False,255,233,0.9137254901960784,0.8785464598273645,0.8738371271906987,0.9060083773451739,0.1082168065974181,17.474946697581306,0.0,0.39398902177596073,-1.1831211417071394,0.7955842197900371,0.7516339869281046,0.024283239009931866,0.39323996946287765,-1.2471264834636342,0.7955834627401903,0.7516339869281046,0.0,0.507926055274687,-0.917725594942292,0.6750787910601357,0.7516339869281046,0.02348426457769054,0.5073828603176792,-0.9649931917975825,0.6750784161944424,0.7516339869281046,0.0,0.3785733186281087,-1.2312984521805743,0.8134146375837676,0.7516339869281046,0.023499959905022502,0.3778432339761583,-1.295872618959142,0.8134139528376316,0.7516339869281046,0.0,0.5101063807597768,-0.9138030004042831,0.6730065249972426,0.7516339869281046,0.0249474078945331,0.5094959730274442,-0.963862670474403,0.6730060537775902,0.7516339869281046
1,w256_g008,256,8,3,1795070972,0589f7529e5a2d1e8c013f0dd167cd29dd9754604c22ed366a8887f8b64b28db,0x439da9f0,0x439da9f0,True,-15,-0.21231373346654436,0.21231373346654436,-0.5,0.5,0.1540612419294104,0.05963921290609947,0.4111857673187398,0.13396275999963042,3.47188412983815,2.4931510631286113,False,False,255,232,0.9098039215686274,0.3871136708960562,0.8536242796674564,0.7641434963003308,0.08538255864437083,21.410563072118148,0.0,0.4023169543915764,-0.5277275321086735,0.7860589055497305,0.7320261437908496,0.01721683618913093,0.40194839512374014,-0.5710448715313668,0.7860587190909893,0.7320261437908496,0.0,0.34502453044631876,-0.6153583723218126,0.8527105350807407,0.7320261437908496,0.008070761199112172,0.344930122522475,-0.6389250467717463,0.8527105259986096,0.7320261437908496,0.0,0.390604050491479,-0.5435523087878884,0.799479007245204,0.7320261437908496,0.017100452257005485,0.3902295462839221,-0.5878954782081861,0.7994788195436606,0.7320261437908496,0.0,0.35901588311092947,-0.5913769932037888,0.8362882744761251,0.7320261437908496,0.009515090745687575,0.35888977050624044,-0.6180973726259349,0.8362882561085043,0.7320261437908496
1,w256_g009,256,9,4,612380784,1effe921c36b885a5688e0d738b1475aabe421dcd9a7665de5406860afc87f7b,0x43900f74,0x43900f74,True,-15,-0.3344101345028321,0.3344101345028321,-0.5,0.5,0.14902515438609337,0.11010363419451762,0.3924253903319733,0.18637548813698318,3.291419136887276,2.3117892701084237,False,False,255,228,0.8941176470588236,0.7388258354644066,0.8562592482613415,0.9106004302232099,0.0967315419697189,21.07978679908329,0.0,0.3915498210111271,-0.8540679028769848,0.7983895281502036,0.75,0.01638867958848848,0.3912066889959725,-0.8967096523621355,0.7983893701774465,0.75,0.0,0.4636378065072917,-0.7212745160323175,0.7191572102551689,0.75,0.018294734602651425,0.4632767189366539,-0.7613265564370192,0.7191570315379706,0.75,0.0,0.37683229380736116,-0.8874242998764444,0.8154417554222237,0.75,0.015821587417129135,0.37650000667691835,-0.9302303206079398,0.8154416144901089,0.75,0.0,0.42002517825105307,-0.7961668771745677,0.7661126835634247,0.75,0.017378852582385595,0.4196654928008123,-0.8382604553388641,0.7661125026196336,0.75
1,w256_g010,256,10,0,498644252,3500b8a3636eb36af76dbc77e7209be4a900a963c665a6e3d54a910f8b0c27e2,0x438e2cae,0x438e2cae,True,-15,-0.40416266691227065,0.40416266691227065,-0.5,0.5,0.15145950659620538,0.12144798546773337,0.39812406203294215,0.25255296558207807,3.214557028237328,2.530513119592801,False,False,255,228,0.8941176470588236,0.8018511891202482,0.8682876342471955,0.8898699822022142,0.10315223243338845,19.438433851393057,0.0,0.3923643038616857,-1.0300699195478906,0.7974520636120537,0.7516339869281046,0.01758040194832021,0.39197024939681424,-1.0759568347587418,0.7974518548492591,0.7516339869281046,0.0,0.48165915892528455,-0.8391051211692307,0.700766473287247,0.7516339869281046,0.016929760399740135,0.48136153625878736,-0.8747945059856737,0.7007663550166991,0.7516339869281046,0.0,0.37811769960986324,-1.0688805822347915,0.8139449014363203,0.7516339869281046,0.017290285810897317,0.37772217405764286,-1.1157749840200049,0.8139447007052626,0.7516339869281046,0.0,0.4805914020282789,-0.8409694081220558,0.701838849312538,0.7516339869281046,0.016334315548334623,0.48031373688358553,-0.8754631612014917,0.7018387461924471,0.7516339869281046
1,w256_g011,256,11,1,1809835532,c6277336f8ea8d1e1c67bee399b2731f6d923c41e4161620d5fa9227a90722a8,0x43b5ca17,0x43b5ca17,True,-15,-0.18746514727808972,0.18746514727808972,-0.5,0.5,0.20051978554431382,0.05374006456080641,0.5712521954377288,0.10915138367800957,4.156928991815228,2.3977703709679226,False,False,255,226,0.8862745098039215,0.26800380029795184,0.8311731743291447,0.7026492613149187,0.0836724027398542,25.578623602448985,0.0,0.46352078636009414,-0.40443741207423256,0.7192786372172,0.738562091503268,0.015567614199218493,0.4632592889257854,-0.43827024375076107,0.7192785434817346,0.738562091503268,0.0,0.32853933063256746,-0.5706018421512747,0.8719628040930127,0.738562091503268,0.0064885221613605265,0.3284752515071067,-0.5904666136932815,0.8719628007877052,0.738562091503268,0.0,0.4647479564342074,-0.40336949239416064,0.71800653036119,0.738562091503268,0.015577117849699925,0.4644868312549544,-0.43713244696132364,0.7180064370346649,0.738562091503268,0.0,0.3255764772466081,-0.5757945072183275,0.8753972221754307,0.738562091503268,0.005723018350984268,0.3255261734442646,-0.5934643091368841,0.8753972202529601,0.738562091503268
1,w256_g012,256,12,2,1568453747,c926848f58f36baf423bef37039a00cff388f9415b8e51cf0547550d48856054,0x4377d80d,0x4377d80e,False,-16,-0.5217291816225043,0.5217291816225043,-0.5,0.5,0.2600680296554752,0.11592174120959367,0.7938673918028537,0.2633690031400217,5.397964141157001,3.7777143816783854,False,False,255,229,0.8980392156862745,0.44573622279970687,0.700938392574271,0.6290163165754112,0.12416615993971021,19.0743692563614,0.0,0.5179201095537076,-1.0073545552654424,0.665655427211516,0.7516339869281046,0.03192164530791033,0.5169354393354748,-1.0710250928861402,0.665654221285959,0.7516339869281046,0.0,0.47559331613263206,-1.0970069677703502,0.706887616916881,0.7516339869281046,0.021989341069340817,0.4750846990057352,-1.1444665000361995,0.706887268085759,0.7516339869281046,0.0,0.5373626443874308,-0.9709070533126695,0.647872383663417,0.7516339869281046,0.033356816173214246,0.536326332001179,-1.034978080834745,0.647871107656108,0.7516339869281046,0.0,0.49817912519617114,-1.04727226661105,0.684455094781639,0.7516339869281046,0.0243640901380204,0.49758298995541317,-1.09749184112877,0.684454634178002,0.7516339869281046
1,w256_g013,256,13,3,54873416,24fe245cdd3324a71283ba7a83a0afc06c8588cae7eeb73b7233c7219c3d27f9,0x43e43b87,0x43e43b87,True,-15,0.33436837327644753,0.33436837327644753,-0.5,0.5,0.21828549053695157,0.08343681476875005,0.6502294108436341,0.19503763156955806,4.775930363716733,3.3817805833105066,False,False,255,236,0.9254901960784314,0.38223710867592364,0.7635260880450191,0.6398304730906547,0.06615997182686338,22.899380326674727,0.0,0.4788881296910138,0.6982181276704171,0.7035540190125851,0.7320261437908496,0.020493639136531756,0.47844942419643355,0.6560248968155316,0.703553760837563,0.7320261437908496,0.0,0.4080965093984963,0.8193365186320302,0.7795002701315783,0.7320261437908496,0.009546131312129844,0.4079848432971604,0.7961625224585358,0.779500252868286,0.7320261437908496,0.0,0.49119168954242765,0.6807288893424281,0.6912899796816192,0.7320261437908496,0.021504129374719273,0.49072074369785906,0.6375606654491895,0.6912896884073938,0.7320261437908496,0.0,0.4331923977402906,0.7718703629626241,0.7515906495820026,0.7320261437908496,0.011481010085470976,0.43304022892498045,0.7456290238727759,0.7515906171285585,0.7320261437908496
1,w256_g014,256,14,4,297006301,11052fba4e2dc8638fe7943c0eae1d34cad5966e00dd943288f137eaa88d0992,0x43aef312,0x43aef312,True,-15,-0.41565229621483013,0.41565229621483013,-0.5,0.5,0.19113186988677655,0.05713170230144929,0.537673177851296,0.12529116822275863,3.8493484054561176,2.450502732732279,False,False,255,233,0.9137254901960784,0.298912485580208,0.8719983054913727,0.7293090348825417,0.08890687624738697,18.748563468113854,0.0,0.4434286952855236,-0.937359942272549,0.74050139730041,0.75,0.01856011781236242,0.4430400995727282,-0.9800747481908542,0.7405011864423747,0.75,0.0,0.33397702960220305,-1.2445535452240823,0.8656350885869242,0.75,0.013178435913116307,0.33371692364756494,-1.2850134402558206,0.8656350289684129,0.75,0.0,0.44109156257391463,-0.9423265631955461,0.743017270721535,0.75,0.01851956117059559,0.44070261223181584,-0.9851810389475186,0.743017059217415,0.75,0.0,0.3443825656146136,-1.2069492991697262,0.8534632817125991,0.75,0.014249083506567383,0.3440876561554142,-1.2493949493126362,0.8534631938168689,0.75
1,w256_g015,256,15,0,208691290,cf477543936ad7d9878a4d8a2d341d25154e4c314952a80edb8a7a49672a4aaa,0x438a2473,0x438a2473,True,-15,-0.2413981540075838,0.2413981540075838,-0.5,0.5,0.16628280444923388,0.03963453568952479,0.4359783779573516,0.068811190653062,3.27611948011509,1.7359650081216411,False,False,255,233,0.9137254901960784,0.23835618975036715,0.8848504639671693,0.8295190947665385,0.11294437091224287,19.57016869012741,0.0,0.41111648458367545,-0.5871770241761043,0.7760913780422023,0.7516339869281046,0.018420618225018854,0.4107035971605893,-0.6326186915061541,0.7760911412412297,0.7516339869281046,0.0,0.27515762534861593,-0.8773086106617618,0.9308043611055803,0.7516339869281046,0.009671471170002477,0.27498760232580866,-0.9130216164440604,0.9308043718736863,0.7516339869281046,0.0,0.3956856218482018,-0.6100756274136041,0.7936369376384851,0.7516339869281046,0.0180936187332067,0.3952717195784888,-0.6564895991484243,0.7936367054975627,0.7516339869281046,0.0,0.25085877481387997,-0.9622870644516409,0.9537553391983316,0.7516339869281046,0.008526174976466646,0.25071383934954933,-0.9968509502006464,0.9537553628650357,0.7516339869281046
1,w256_g016,256,16,1,692935764,86a474e24566719792ae557ffe40882c1ad06d332130fab4832742e6206e0d52,0x43411437,0x43411437,True,-16,0.048250329800794134,0.048250329800794134,-0.5,0.5,0.2062179178991576,0.09231858075157132,0.5955751485073234,0.24103609364166786,4.230701971042442,3.065653841185854,False,False,255,230,0.9019607843137255,0.44767487564643116,0.8082065242660832,0.7475246706009621,0.15391869446613257,15.487829706047915,0.0,0.4700605427808655,0.10264705375045198,0.7125320984164114,0.738562091503268,0.015787255708102927,0.46979535591217675,0.06910045764428509,0.7125320028400477,0.738562091503268,0.0,0.43060873535212896,0.11205144215510997,0.7544178370965353,0.738562091503268,0.008504352635126338,0.4305247483569525,0.0923198429761673,0.7544178272078031,0.738562091503268,0.0,0.47453891349187066,0.10167834171015927,0.7079588130574055,0.738562091503268,0.015905284740671852,0.4742722871256165,0.06819931490442604,0.7079587170658057,0.738562091503268,0.0,0.4838151206043489,0.09972885870231403,0.6986078637809177,0.738562091503268,0.008504554251335129,0.48374036784455643,0.08216344591326474,0.6986078563486366,0.738562091503268
1,w256_g017,256,17,2,2007357162,2cf05e8df3c69e14bedcb52586fbfd9d55755e3f282d5d3ee950d60b8c6a5b8a,0x4380ddd8,0x4380ddd8,True,-15,0.2125453040953289,0.2125453040953289,-0.5,0.5,0.13813818801545535,0.09894852982952257,0.3427997131162224,0.14479781800624555,3.0448029843046296,2.072032291282088,False,False,255,230,0.9019607843137255,0.7163010551322121,0.8671871868861055,0.9145642873378638,0.07818818725205816,23.89805679840311,0.0,0.3774645474835474,0.563086799839376,0.8147053402122078,0.7516339869281046,0.02326476454344197,0.3767469115171316,0.5024076741323993,0.8147046816342864,0.7516339869281046,0.0,0.43939789044129984,0.48371944590326454,0.7448464459116284,0.7516339869281046,0.020315823940990924,0.43892798204473504,0.43795221088170716,0.744846136952677,0.7516339869281046,0.0,0.3531130073052221,0.6019186484161713,0.8432178470074483,0.7516339869281046,0.021919509657167126,0.3524320232676469,0.5408867011310011,0.8432173371341829,0.7516339869281046,0.0,0.36938920919128604,0.5753966244998336,0.8241314504201878,0.7516339869281046,0.01806545383691989,0.36894718760905304,0.5271211078168874,0.8241312098597832,0.7516339869281046
1,w256_g018,256,18,3,350949638,befccee42763ca06589dee9655f91ee9bac7915984d70fc424d28f31251a59aa,0x43981f1e,0x43981f1f,False,-15,-0.5105573451346572,0.5105573451346572,-0.5,0.5,0.17059884616410548,0.13967269806223132,0.4650676895067686,0.2749032938438943,3.5914028324241425,2.9317300948350793,False,False,255,240,0.9411764705882353,0.8187200629005126,0.8624643130653507,0.8856270293536747,0.10189861108268244,18.691573928924505,0.0,0.42335986346546106,-1.205965395385928,0.762408537800495,0.7320261437908496,0.018117350856765913,0.4229720269609169,-1.2499046326774543,0.7624083271349749,0.7320261437908496,0.0,0.5280071252036167,-0.9669516200899178,0.6563392675283701,0.7320261437908496,0.012351062150379864,0.527862648356128,-0.9906145261716861,0.6563392421930254,0.7320261437908496,0.0,0.4154088930972177,-1.2290477012372771,0.7712686787563152,0.7320261437908496,0.01818639600538252,0.4150106064483063,-1.2740487421877495,0.7712684575447805,0.7320261437908496,0.0,0.5142941578293851,-0.9927340946074531,0.6690520533478332,0.7320261437908496,0.013630470995656606,0.5141135001513508,-1.0195955095051914,0.6690520124690686,0.7320261437908496
1,w256_g019,256,19,4,162717262,b704360934632f55c1a783989ab3d78c59474aab325c3510ea8526125ba46245,0x43c54873,0x43c54873,True,-15,-0.06321465655037173,0.06321465655037173,-0.5,0.5,0.19532931195657227,0.08111083852212372,0.5636130032873621,0.19232462775825848,4.195738761467516,3.0057973235379953,False,False,255,235,0.9215686274509803,0.4152517495180506,0.8532598870963196,0.7544973986426533,0.07458393944756893,22.92568083172854,0.0,0.44827131558526656,-0.1410187410002761,0.7353192062280149,0.75,0.01876281016005971,0.4478784760751997,-0.18303506662969724,0.7353189914285609,0.75,0.0,0.3979398767323856,-0.15885479251149176,0.7910548237104047,0.75,0.015702352850546327,0.3976299556229928,-0.19846847121282307,0.7910546929183491,0.75,0.0,0.4516063777984871,-0.1399773334879229,0.7317747467160056,0.75,0.018961033600067304,0.4512081555923907,-0.18212368090410658,0.7317745265815684,0.75,0.0,0.4266761602273315,-0.14815605473877702,0.7587422843213791,0.75,0.01765404188359639,0.4263107792579396,-0.18969423802685145,0.7587420971968466,0.75
1,w256_g020,256,20,0,124105961,cdbac470b819bf933a08c579998879c273216a95aa0d6010d9cb7578c5300302,0x43b76c0e,0x43b76c0f,False,-15,-0.6889488532979158,0.6889488532979158,-0.5,0.5,0.18289455308693908,0.12598815966790752,0.5242938563632058,0.23646114111783365,4.093494810325871,3.0365478174517246,False,False,255,236,0.9254901960784314,0.6888568169004953,0.8258401582624982,0.8267972715947263,0.08718127528952523,22.732058029169494,0.0,0.4311631207201018,-1.597884466897995,0.7538102587102418,0.7516339869281046,0.019318834289837872,0.43073010030734904,-1.6443422158849976,0.7538099958357597,0.7516339869281046,0.0,0.4905796526708584,-1.40435676356954,0.6918931517788605,0.7516339869281046,0.01724330540134857,0.4902765179299289,-1.4403956397524111,0.6918930309865343,0.7516339869281046,0.0,0.4339155142228966,-1.5877488375398625,0.7508013811344887,0.7516339869281046,0.019841766906011978,0.43346162202595084,-1.6351865636711278,0.750801092403618,0.7516339869281046,0.0,0.46502858671082353,-1.481519358134291,0.7177160208110056,0.7516339869281046,0.01580536739166158,0.4647599130947941,-1.5163834075032052,0.7177159220452062,0.7516339869281046
1,w256_g021,256,21,1,270345687,bbe682803650dec46933e5d5b52fbf50022711e668ea8896f7654652eb620ca5,0x43c3232b,0x43c3232c,False,-15,-0.5729646218997004,0.5729646218997004,-0.5,0.5,0.20190850914392153,0.09115000087784787,0.5820593112026222,0.2408743166761956,4.275099198132019,3.2588531986984948,False,False,255,235,0.9215686274509803,0.45144209753376785,0.8254563781057178,0.714253055838301,0.08136232412314282,24.209372380143893,0.0,0.46512310103138366,-1.231855869186425,0.7176182125136108,0.738562091503268,0.015621428865922576,0.4648606996437079,-1.2661557563733485,0.7176181183171495,0.738562091503268,0.0,0.42787470689184054,-1.3390943953238539,0.7574216222354835,0.738562091503268,0.008450356651691979,0.4277912531483523,-1.3591090847988083,0.7574216124725109,0.738562091503268,0.0,0.46912347779009145,-1.2213514117834718,0.7134938396656927,0.738562091503268,0.015723773710948737,0.4688598941625923,-1.2555742193775747,0.7134937451191149,0.738562091503268,0.0,0.4836527314814321,-1.1846611930521003,0.6987701409845894,0.738562091503268,0.008501699757858474,0.4835780038118747,-1.2024250835936812,0.6987701335552394,0.738562091503268
1,w256_g022,256,22,2,67033932,a68a52c5840e027af8013d512a092005bd0f1f46c1a5a35e55639dedd4487b97,0x43765fd3,0x43765fd4,False,-16,-1.017839538084445,1.017839538084445,-0.5,0.5,0.3241862468723713,0.12135994544092793,0.96407417196911,0.26566118365965463,5.401373685650478,3.6054369665798784,False,False,255,229,0.8980392156862745,0.37435254151514347,0.8032933820575984,0.7295789920222435,0.12112168664838507,17.101536068270278,0.0,0.5782512543808829,-1.7602029055245487,0.6127833716652882,0.7516339869281046,0.03564011340881644,0.577151882531168,-1.82530748556706,0.6127820811536377,0.7516339869281046,0.0,0.4866211501469326,-2.091646731296233,0.6958117889333049,0.7516339869281046,0.022499219562521544,0.4861007394454374,-2.140171106988698,0.6958114302975323,0.7516339869281046,0.0,0.592173153746767,-1.7188208071311977,0.6015248233992774,0.7516339869281046,0.03675918160400038,0.5910311384235152,-1.7843369851907047,0.6015234835483693,0.7516339869281046,0.0,0.5003423308403091,-2.034286278306726,0.6823582693978103,0.7516339869281046,0.02446988448915885,0.49974360704645393,-2.0856883567431317,0.6823578067727798,0.7516339869281046
1,w256_g023,256,23,3,1290259150,e345b7f402302240d532222129be09f3d76a85f3006cbabea637ab3d8087a72b,0x43b04ed8,0x43b04ed8,True,-15,0.2793355029862141,0.2793355029862141,-0.5,0.5,0.18700179739264394,0.17693916244772342,0.5222997061942627,0.44077132993860996,3.902063918934806,3.4521126202817007,False,False,255,233,0.9137254901960784,0.9461896351520502,0.849479357319351,0.8757129542333284,0.0867137675751337,22.283066040182327,0.0,0.4432456969140309,0.6302046583441334,0.7406980443693174,0.7320261437908496,0.018968349387230864,0.4428396431602853,0.5879490637759901,0.7406978141138811,0.7320261437908496,0.0,0.5942866925419205,0.47003492841379757,0.5998451828326474,0.7320261437908496,0.013901463681760694,0.594124079835113,0.4467653278387896,0.5998451558704883,0.7320261437908496,0.0,0.44022793385772047,0.6345247120926543,0.7439493700976807,0.7320261437908496,0.019272961341957058,0.43980585115451665,0.5913121459425275,0.7439491209217524,0.7320261437908496,0.0,0.6512208370446091,0.42894128549986715,0.5573872711568588,0.7320261437908496,0.017259474166627584,0.6509920807141765,0.40257944233680043,0.5573872259071573,0.7320261437908496
1,w256_g024,256,24,4,322815100,46b921dde9d0b961516b3435158398e6bd472e77bd061fc89e2afa037bbae73a,0x43a7fc20,0x43a7fc20,True,-15,0.12291314591675473,0.12291314591675473,-0.5,0.5,0.17526076837638288,0.08009672765194611,0.49203791946580533,0.18274701192875353,3.7998738040259976,2.7678913441777735,False,False,255,232,0.9098039215686274,0.45701458685798785,0.8618110491350566,0.8128193070454961,0.08331731714697369,22.309553370623494,0.0,0.42461916822348467,0.28946678604029324,0.7610142697392517,0.75,0.017772827675350714,0.4242470561114434,0.24782804435957057,0.7610140757387233,0.75,0.0,0.39544437489898454,0.31082284568633106,0.7939136272033762,0.75,0.015603882572450519,0.3951363973211197,0.2715752435660743,0.7939134987316856,0.75,0.0,0.4219576366254249,0.2912926209838114,0.7639640001945871,0.75,0.0177162088916063,0.4215855583971338,0.2495268989410042,0.7639638063985911,0.75,0.0,0.4159164237171943,0.29552366511097555,0.7707002372140521,0.75,0.017208849822935638,0.41556025676846475,0.25436574930386985,0.770700060245858,0.75
1,w256_g025,256,25,0,829496255,6b404e4ed752d599de3ee8e91acfbf8eb67e37fa5177c2bc1e5f4ef14b4ed0a2,0x4404048a,0x44040489,False,-14,0.6238986675143678,0.6238986675143678,-0.5,0.5,0.15407092760490687,0.12664579737224418,0.40009927995790034,0.24943394091776389,3.133289146242537,2.4614021806100967,False,False,255,237,0.9294117647058824,0.8219967215165306,0.9042777818793991,0.9381685506502745,0.05980879344323425,28.441694424382188,0.0,0.3957323640510704,1.5765672059964546,0.793583336197198,0.7516339869281046,0.01773131234290185,0.39533492701764583,1.5333007881299838,0.7935831221324556,0.7516339869281046,0.0,0.4918583591853324,1.2684518944594834,0.6906337898733488,0.7516339869281046,0.01728825045120485,0.49155443431712,1.2340655982605095,0.690633668736875,0.7516339869281046,0.0,0.3790545191373876,1.6459338591561203,0.8128547783328184,0.7516339869281046,0.017333123999643412,0.37865801363616897,1.6018822305911606,0.8128545758398196,0.7516339869281046,0.0,0.477614534746335,1.3062807392277658,0.704840143301783,0.7516339869281046,0.016233137938157727,0.47733858950815905,1.273028292563435,0.7048400409673673,0.7516339869281046
1,w256_g026,256,26,1,1861531999,fbfcd1bf8d6ccf565d30f8826fd66eeef6464dd33b5d5d4f50d67040fa5b3b6b,0x43869ebc,0x43869ebc,True,-15,0.1496100056274372,0.1496100056274372,-0.5,0.5,0.15352364979808958,0.13666586173432482,0.38578893191790065,0.2651169304175579,2.9843648085025096,2.3318757254564875,False,False,255,222,0.8705882352941177,0.890194194276024,0.9075013318788385,0.9408401449706917,0.11155939122312837,16.536654089777375,0.0,0.4055815981602794,0.3688776963897502,0.7823486938550008,0.738562091503268,0.01362169299039073,0.4053527873918247,0.33548138033548686,0.7823486216190503,0.738562091503268,0.0,0.5239240059927148,0.2855566912685378,0.6600868532590503,0.738562091503268,0.010347292414601183,0.5238218185558339,0.26585893958518275,0.6600868404634886,0.738562091503268,0.0,0.38192530103558925,0.3917258302127933,0.8095186646891412,0.738562091503268,0.012801122289293409,0.3817107109307518,0.35840986228694804,0.809518604707202,0.738562091503268,0.0,0.5074077875867113,0.2948516149880144,0.6755727246170435,0.738562091503268,0.008919268690260792,0.5073293895977958,0.2773163546640067,0.6755727168044383,0.738562091503268
1,w256_g027,256,27,2,578438898,98be5943ec2d4d3f32437a2d3b2125dd20b227e1fad513e50c693b5fc5d72692,0x43aa5b3e,0x43aa5b3e,True,-15,-0.44386468390075606,0.44386468390075606,-0.5,0.5,0.19446258917505288,0.06495947781988809,0.5522197416594201,0.14819523898997647,3.883704282005062,2.5396784314725704,False,False,255,225,0.8823529411764706,0.33404614273346095,0.8570628796710885,0.7616928018395809,0.08768311524108531,24.215708279120253,0.0,0.4478548917219959,-0.9910904002725134,0.7357631842972743,0.7516339869281046,0.027603224395517774,0.4470034295643506,-1.054729957566022,0.7357621746387238,0.7516339869281046,0.0,0.3560201322417471,-1.2467404051166415,0.8398046815325495,0.7516339869281046,0.01646080348453082,0.3556393911113824,-1.2943602393052067,0.839804518042266,0.7516339869281046,0.0,0.44817688616620843,-0.9903783474816388,0.7354198566081509,0.7516339869281046,0.027820605248754925,0.4473125699298328,-1.0544869982605258,0.7354188164726572,0.7516339869281046,0.0,0.37369761098266424,-1.1877643069046724,0.8190971049475702,0.7516339869281046,0.01827616176161387,0.3732504338449106,-1.2381521995883178,0.8190968533441283,0.7516339869281046
1,w256_g028,256,28,3,2078784804,1f4791caa86119838356ed446a2d0375db4252f600ae01fece54e22a8aec1ab2,0x4378480a,0x4378480a,True,-16,-0.05969267921136634,0.05969267921136634,-0.5,0.5,0.3086669997626929,0.25964549245973495,0.9125664827596467,0.6183315098296096,5.426019894359352,4.3782899244033695,False,False,255,235,0.9215686274509803,0.8411831930830109,0.7930606992482695,0.8675691402638133,0.11851584979786406,17.895149307555048,0.0,0.5694646079734916,-0.10482245669979373,0.6200658815895903,0.7320261437908496,0.024369787959382477,0.5689429261087768,-0.14775202100795048,0.6200655842332532,0.7320261437908496,0.0,0.7199037165748615,-0.08291758722315055,0.5126546968328385,0.7320261437908496,0.01683987795103463,0.7197067316962463,-0.10633853178227835,0.5126546694665176,0.7320261437908496,0.0,0.5819021509761757,-0.1025819875579224,0.6097979435359013,0.7320261437908496,0.025475388538588557,0.5813442335565975,-0.14650195673036334,0.6097976147798021,0.7320261437908496,0.0,0.7713159432702426,-0.07739069797815923,0.4831720707877803,0.7320261437908496,0.02044238580816299,0.771045000765412,-0.10393046442163519,0.48317202628642036,0.7320261437908496
1,w256_g029,256,29,4,1512061165,36c3359549daf627e026c724bc8834b71df5d6f5a4c32f78d82e983875ee7fb0,0x43c7f483,0x43c7f484,False,-15,-0.722028242581473,0.722028242581473,-0.5,0.5,0.19806587309882062,0.09778351167823354,0.5605381843515524,0.22260863197264238,4.173244126691322,3.005976561889843,False,False,255,229,0.8980392156862745,0.4936918720442396,0.8217489167629647,0.7456949072007791,0.07857511769773062,21.654542603120145,0.0,0.4514005313143197,-1.5995290047160127,0.7319929346577736,0.75,0.018893786376098516,0.45100494953739084,-1.6428246069528887,0.7319927173948311,0.75,0.0,0.4369289594180004,-1.6525071799846627,0.7475218124346108,0.75,0.01724082730220418,0.43658867306886495,-1.6932850426173773,0.7475216502776754,0.75,0.0,0.45037281245968747,-1.6031790165977242,0.7330834199574567,0.75,0.018909241431075183,0.44997567799976723,-1.6466167400561849,0.733083200796752,0.75,0.0,0.4590414769129068,-1.5729041467824971,0.7239458486950539,0.75,0.018993180812845636,0.4586483801443033,-1.6156634482414896,0.7239456357495881,0.75
1,w256_g030,256,30,0,337777278,cf854dbe2574e069e02d489cb23722513f5b294976dcbb56f2935daefe6b4c35,0x43e97b34,0x43e97b33,False,-15,0.9377785112546917,0.9377785112546917,-0.5,0.5,0.21409002071161864,0.1764478397868176,0.6421917046107617,0.41363393632775347,4.833067837369535,3.9363345529072893,False,False,255,234,0.9176470588235294,0.8241759200186848,0.778488722233197,0.8338748541463251,0.06211013823321281,30.560405221468862,0.0,0.4664868791954373,2.0102998671090258,0.7162087740049286,0.7516339869281046,0.020901562041087878,0.46601838286245867,1.9674694881815686,0.7162084742074083,0.7516339869281046,0.0,0.580567657346444,1.6152785974005577,0.6108864538562286,0.7516339869281046,0.020406279321345557,0.5802089179950591,1.5811067418670015,0.6108863174749837,0.7516339869281046,0.0,0.4802309426973096,1.9527656964115598,0.7022013621999859,0.7516339869281046,0.021959644478532478,0.47972860279362445,1.9090353617504383,0.7022010244075032,0.7516339869281046,0.0,0.6150463450791646,1.5247282074881483,0.5837514785459148,0.7516339869281046,0.020904163151844804,0.6146909976225127,1.4916020433829547,0.5837513571598082,0.7516339869281046
1,w256_g031,256,31,1,1832423838,fbcadde26ab9986bb5065711e8a1ad0caed8d7dda182a1dfa5c577855b405859,0x43cf420f,0x43cf420f,True,-15,0.2860918710784972,0.2860918710784972,-0.5,0.5,0.19421868115838123,0.07654162833648678,0.5650821863851603,0.17696928470547194,4.3204161064804865,3.130956747199894,False,False,255,236,0.9254901960784314,0.39410023731995536,0.777688663962739,0.6464347276380106,0.07715968714215547,18.692964786069318,0.0,0.4561798512601532,0.6271471006187489,0.7269470140942313,0.738562091503268,0.01532106464014737,0.45592249524894896,0.5938965707109931,0.7269469225555105,0.738562091503268,0.0,0.39209122654216466,0.7296563955320523,0.7977662928800096,0.738562091503268,0.007743647032443533,0.3920147520973873,0.7100452790534381,0.7977662850197687,0.738562091503268,0.0,0.4622313061026262,0.6189365958154684,0.7206183742616066,0.738562091503268,0.015492766410906505,0.4619715949387762,0.5857483612243571,0.7206182816585661,0.738562091503268,0.0,0.41455995144803093,0.6901097659800396,0.7722203607319189,0.738562091503268,0.00728717943564194,0.41449589908763457,0.6726355851928686,0.7722203550140828,0.738562091503268
1,w256_g032,256,32,2,1968731893,3e963d8807f418ece7a9b38d536c9816bcb6c46398a152e2c000f1d58c3ebf9c,0x43989f41,0x43989f41,True,-15,-0.3168915549731537,0.3168915549731537,-0.5,0.5,0.15271659429619533,0.0474700491504108,0.40911499517088573,0.10492872781920252,3.3625857727693123,2.117398458542088,False,False,255,232,0.9098039215686274,0.31083753124000507,0.8611403185930203,0.7954577115987649,0.09656859966663733,18.33852696078354,0.0,0.39688291647687524,-0.7984509834441758,0.7922647550483135,0.7516339869281046,0.02446160219471076,0.3961283622883598,-0.8617235968561575,0.7922639817927946,0.7516339869281046,0.0,0.3043428724706281,-1.0412320564653166,0.899593039688042,0.7516339869281046,0.01407147450935414,0.30401739691801455,-1.0886318771151107,0.8995930010740075,0.7516339869281046,0.0,0.3857591087077591,-0.821475236280739,0.8050746982060502,0.7516339869281046,0.02394601822569242,0.3850151661456202,-0.8852575253358584,0.8050739684235726,0.7516339869281046,0.0,0.3144491314033571,-1.0077673090044683,0.8881837462252236,0.7516339869281046,0.01537853875012685,0.3140728526731284,-1.0579395541361576,0.8881836660723251,0.7516339869281046
1,w256_g033,256,33,3,1964372372,eb5831e54402f90b05b80cbb38c73f06830ca80db83a5de5d6686ccb35b01a03,0x43b13042,0x43b13042,True,-15,0.19029164799030696,0.19029164799030696,-0.5,0.5,0.2059678563524897,0.14532272647154604,0.6028628855610896,0.2956561776593857,4.1995321135818875,3.0906601746701248,False,False,255,225,0.8823529411764706,0.705560222090399,0.8091877520026053,0.8511945768570928,0.08033794642712261,19.159985060077403,0.0,0.46518035116124046,0.4090706916473955,0.7175589752849791,0.7320261437908496,0.01990702558498282,0.46475420325033506,0.36661233231181395,0.717558726828825,0.7320261437908496,0.0,0.5385807050998778,0.35332058164805236,0.6467822368006169,0.7320261437908496,0.012598397718816306,0.53843333503861,0.33001903617046413,0.6467822111066306,0.7320261437908496,0.0,0.4729627958482023,0.4023395701749471,0.7095639855845985,0.7320261437908496,0.020706077419231604,0.47250932754227926,0.3589041754014922,0.7095637072212719,0.7320261437908496,0.0,0.5333534370582982,0.3567833912158836,0.6514804073696325,0.7320261437908496,0.014135603999352913,0.5331660843690955,0.3303961920222335,0.6514803653052583,0.7320261437908496
1,w256_g034,256,34,4,994933685,8907c5eca035ab336c76848207df87ae0647ffa44845df6bab25265058a2b60e,0x43a58470,0x43a58470,True,-15,-0.4608281362634443,0.4608281362634443,-0.5,0.5,0.17555566953884566,0.040422237838298035,0.48379630992471667,0.09641067309713607,3.7159218187152927,2.2830982762097887,False,False,255,231,0.9058823529411765,0.23025310401242094,0.860363365440871,0.6442410925105562,0.0920250807563818,23.648825154273787,0.0,0.4249762591353318,-1.0843620704861436,0.7606193686095255,0.75,0.017787774045452766,0.42460383408910546,-1.1272058137102383,0.7606191742652835,0.75,0.0,0.28092357854316347,-1.640403908611889,0.9248984205723847,0.75,0.011084994021067714,0.2807047913539237,-1.6811723377015868,0.924898430614728,0.75,0.0,0.4184088290591757,-1.101382438080123,0.7679143231937726,0.75,0.017567209535503652,0.41803988013562327,-1.1443772915726218,0.7679141329792831,0.75,0.0,0.30209496383547874,-1.525441306311918,0.9020975476382829,0.75,0.012499402688759481,0.30183626705083577,-1.5681599284836278,0.9020975264559542,0.75
1,w256_g035,256,35,0,102669123,923801e5505f7515a1f094b0b1298353afbb63f2b44e49322ad7c659af8ffcaf,0x43976cb5,0x43976cb5,True,-15,-0.11560492296848679,0.11560492296848679,-0.5,0.5,0.17285238550718884,0.08640586059419172,0.46006526697172245,0.20378471600523645,3.4310647352285795,2.7342224717722314,False,False,255,239,0.9372549019607843,0.49988237270001773,0.8738188149586453,0.7986774993281603,0.10456872219478605,16.029219041419704,0.0,0.41915911005236395,-0.27580200500484103,0.7670775348572603,0.7516339869281046,0.01878097870396085,0.41873814535913867,-0.32093064164763163,0.7670772871226434,0.7516339869281046,0.0,0.4062714137382235,-0.28455096533810165,0.7815665429684517,0.7516339869281046,0.014279968655010567,0.4060203740159682,-0.3198974729735833,0.7815664559325437,0.7516339869281046,0.0,0.4064690826567617,-0.2844125861009411,0.7813425336038984,0.7516339869281046,0.0185867168336209,0.4060439004752764,-0.3304855451468073,0.7813422838925178,0.7516339869281046,0.0,0.43170349516835654,-0.26778778551098587,0.7532185279788539,0.7516339869281046,0.014672715915512693,0.43145407536403907,-0.30195018733819545,0.7532184407699767,0.7516339869281046
1,w256_g036,256,36,1,1386648438,6514ad3afb3a74805555c424b96af503b4dc1cbe4284dcbd66577ae1b8f729d8,0x439591e2,0x439591e2,True,-15,0.0876817570951971,0.0876817570951971,-0.5,0.5,0.17677390077897753,0.06946471332697884,0.48250873438562714,0.15894988493029671,3.508610429500555,2.5436445737323123,False,False,255,233,0.9137254901960784,0.39295797072346883,0.8544342009826202,0.7685256889404413,0.09758194285331126,17.755076411408588,0.0,0.4352108075276276,0.20146962248778938,0.749389803433905,0.738562091503268,0.014616807155778802,0.43496528130118667,0.1679788090691894,0.7493897189762616,0.738562091503268,0.0,0.37352562399801065,0.23474094268741275,0.8192978527909593,0.738562091503268,0.007376983706884261,0.37345277063437565,0.2150332778409997,0.8192978461123753,0.738562091503268,0.0,0.42712612667293004,0.20528305720417572,0.7582461986756535,0.738562091503268,0.01431613398134863,0.42688613984814255,0.1718622748912556,0.7582461179453001,0.738562091503268,0.0,0.39288776624849603,0.22317253075205098,0.7968499472560464,0.738562091503268,0.0069062234321499525,0.39282706238959414,0.20562619380570166,0.7968499422934552,0.738562091503268
1,w256_g037,256,37,2,1499512735,48984b305e28d81520d41415acf0434dfe36ff6101b171fb8b349cc6b1f63d37,0x432ae546,0x432ae546,True,-16,-0.20223105018339993,0.20223105018339993,-0.5,0.5,0.17629715633156168,0.05406779876979757,0.48231107856975325,0.10761586896720486,3.772856979052454,2.3131377978716086,False,False,255,229,0.8980392156862745,0.30668559774221416,0.8345875777482729,0.6983901236193796,0.14369851105917467,14.922048772721645,0.0,0.42642429866014087,-0.4742484206899701,0.7590201036221393,0.7516339869281046,0.026282364714961655,0.42561358036696,-0.5369034857894794,0.759019182380639,0.7516339869281046,0.0,0.3248049498102289,-0.6226230551645097,0.876289765611294,0.7516339869281046,0.01501755087827063,0.32445759135339075,-0.6695747205527672,0.8762896757108474,0.7516339869281046,0.0,0.4188486398874949,-0.48282608781473024,0.767423697727522,0.7516339869281046,0.02600005272241209,0.4180408836394309,-0.5459540246849783,0.7674227858121131,0.7516339869281046,0.0,0.31845007399927955,-0.635047898226764,0.8836092754084279,0.7516339869281046,0.015574209987868324,0.3180690076279052,-0.6847736024192239,0.8836091826970887,0.7516339869281046
1,w256_g038,256,38,3,1211403178,cc514ba0196b2a263e183493aa40031ee75004794d959c997ec54ff0e3843090,0x43c5b17a,0x43c5b17a,True,-15,0.17115406415177858,0.17115406415177858,-0.5,0.5,0.19049047828331367,0.1301618941189309,0.5545991104707161,0.24141950047169836,4.226573762587583,3.166209873686972,False,False,255,234,0.9176470588235294,0.6832986892150223,0.7929092730925092,0.8302961277431842,0.0806661713866847,21.673184754161273,0.0,0.44736115789334746,0.3825858842054015,0.7362899910170699,0.7320261437908496,0.019144467288179902,0.4469513339994952,0.3401032401075021,0.7362897570843675,0.7320261437908496,0.0,0.5097132835789838,0.3357849788610757,0.6733794609510824,0.7320261437908496,0.01192313539695222,0.5095738124150175,0.3124786338610789,0.6733794363441321,0.7320261437908496,0.0,0.45363576778668097,0.3772940237645956,0.7296278135514109,0.7320261437908496,0.019859949683945714,0.45320082989107885,0.3338345927217179,0.7296275514238209,0.7320261437908496,0.0,0.4819564454317925,0.3551235091346043,0.7004682904795498,0.7320261437908496,0.012773416245585935,0.48178714712066095,0.32873572666422146,0.70046825223427,0.7320261437908496
1,w256_g039,256,39,4,806851792,85c04da1e8b728d6053fa1a15dcdb71485a18047eed56e701bbc7fe2f6988062,0x43e58b09,0x43e58b09,True,-15,0.4941433986004995,0.4941433986004995,-0.5,0.5,0.21569354441387595,0.11367701438994939,0.6476138319244804,0.2777512855129452,4.690967879708304,3.5595172264966144,False,False,255,231,0.9058823529411765,0.5270302117703822,0.7727012281223595,0.7788880376725918,0.06647661737877585,25.168523597799567,0.0,0.4710595502760058,1.0490040979128186,0.7115086159368667,0.75,0.019716632781582987,0.47064674045189037,1.0080315553941726,0.7115083846274555,0.75,0.0,0.47110134579509727,1.0489110315881462,0.7114658377122569,0.75,0.018589239210667505,0.47073444551628085,1.0102387108473974,0.7114656550092537,0.75,0.0,0.4840916843299758,1.0207640713441217,0.6983316074937922,0.75,0.020324953639582092,0.48366481688973595,0.9796421579883837,0.6983313651628511,0.75,0.0,0.5127538933549793,0.9637048201960784,0.6705025725535787,0.75,0.021215571792065804,0.5123148003564071,0.9231195867841947,0.6705023301652453,0.75
1,w256_g040,256,40,0,386934916,1bf0562154a4439b58aa580fa4dd2db304e38777639f5ec8eeca125ee4b48c7c,0x43a9cf5c,0x43a9cf5c,True,-15,0.4634961518959244,0.4634961518959244,-0.5,0.5,0.18447146290391522,0.08147809371897635,0.5134828510652377,0.17741311613603108,3.842177763986007,2.7410844708001645,False,False,255,235,0.9215686274509803,0.44168400052974843,0.8187806628136246,0.7510965693152145,0.09225656365708478,20.7748348580936,0.0,0.4330178673511091,1.0703857435058268,0.7517812783183848,0.7516339869281046,0.019401938667490164,0.4325829842021594,1.0266104526684185,0.7517810132274956,0.7516339869281046,0.0,0.3945164305471361,1.1748462573615086,0.7949785288434252,0.7516339869281046,0.013866794639235331,0.39427265436254455,1.1404020854138226,0.7949784485163764,0.7516339869281046,0.0,0.429418515042915,1.0793576328435763,0.7557239792538433,0.7516339869281046,0.019636131461827595,0.4289693268788295,1.0347127233166336,0.7557236963728763,0.7516339869281046,0.0,0.40280293150040264,1.150677206269193,0.7855057164094608,0.7516339869281046,0.013690445062383039,0.40257020920494346,1.1173348065717175,0.7855056419988534,0.7516339869281046
1,w256_g041,256,41,1,89906954,d554994a2119c720f83b704665fa9b74436c7ab54f9ac32bb06c00a93959007d,0x4343c7f4,0x4343c7f3,False,-16,0.9589761031602393,0.9589761031602393,-0.5,0.5,0.22642141655687537,0.20673558532032205,0.6354575919043787,0.5171736293099328,4.214157468937635,3.600169149511208,False,False,255,227,0.8901960784313725,0.9130566731013787,0.8050990468954883,0.881762403817508,0.15049821446518705,12.805330839374856,0.0,0.49254889656273965,1.9469663009144258,0.6899550133690773,0.738562091503268,0.016542540100850267,0.49227102278336893,1.9144607735201198,0.6899549122424702,0.738562091503268,0.0,0.644385701377228,1.4882020211042017,0.562211333797705,0.738562091503268,0.012726363372688763,0.6442600187926675,1.468738882106648,0.5622113198632303,0.738562091503268,0.0,0.4901701202462393,1.9564148518038862,0.6922971566970788,0.738562091503268,0.016429201298829535,0.4898947112665079,1.9239785206594204,0.6922970569186772,0.738562091503268,0.0,0.7086904542892642,1.3531663892975432,0.5195174449842819,0.738562091503268,0.012457437064756778,0.7085809567455941,1.3357946711448478,0.5195174362435806,0.738562091503268
1,w256_g042,256,42,2,390237984,c38a4c7c2302de8c414efd7324ce2afdf1970ead5aa8a977b563df6da6d47e6f,0x43839d26,0x43839d26,True,-15,0.4462975514716163,0.4462975514716163,-0.5,0.5,0.1457718749614935,0.12307506162069597,0.3813251940671222,0.2648961036087481,3.1162466434070715,2.7060397452878577,False,False,255,231,0.9058823529411765,0.8442990916677648,0.875368905698538,0.8781057286791025,0.1206410722230265,18.130520323576523,0.0,0.3877538871069152,1.1509815022139518,0.8027679443965945,0.7516339869281046,0.023898940826330085,0.387016689037956,1.0914222115208583,0.8027672233171125,0.7516339869281046,0.0,0.49004766652061055,0.9107227356889084,0.6924180205760233,0.7516339869281046,0.022657646593904537,0.4895235913754528,0.8654126427030361,0.6924176590959453,0.7516339869281046,0.0,0.37242707029108707,1.1983488502132578,0.8205805622231794,0.7516339869281046,0.023118431196106258,0.3717088387765796,1.138469350549577,0.8205799175414449,0.7516339869281046,0.0,0.49962134116288637,0.8932715933087305,0.6830561283271512,0.7516339869281046,0.02443462356271519,0.49902348012568476,0.8453769105266352,0.683055666371012,0.7516339869281046
1,w256_g043,256,43,3,165007324,fcb33e3685a42cc783b155944d34453fdb0866eaef5eeefd2fee56f4e5675191,0x43c90bbd,0x43c90bbd,True,-15,0.23022314959143841,0.23022314959143841,-0.5,0.5,0.2060382208047734,0.08380504722727913,0.5946407412953653,0.17736044693667757,4.274439710683516,2.9611295196446057,False,False,255,235,0.9215686274509803,0.40674515097219077,0.8089114049600908,0.7768525741666165,0.07564735485585003,25.577874915381805,0.0,0.4652598037664221,0.49482707882286575,0.7174767751569127,0.7320261437908496,0.01991042569644539,0.4648335830696357,0.452447352246248,0.7174765266409021,0.7320261437908496,0.0,0.408996046038437,0.562898228042533,0.7784835525640454,0.7320261437908496,0.00956717313602979,0.4088841337998584,0.5396540443005202,0.7784835352057096,0.7320261437908496,0.0,0.46972647224188946,0.49012172657129516,0.7128747755062226,0.7320261437908496,0.020564392771444832,0.46927610686540633,0.4467705765384856,0.7128744996713947,0.7320261437908496,0.0,0.4130950646991707,0.5573127574377933,0.7738650262801925,0.7320261437908496,0.010948365273281774,0.4129499555353588,0.530996023559037,0.7738649969718134,0.7320261437908496
1,w256_g044,256,44,4,1971706111,a0b6c66faa4cf36e78c64501dd3559ed182f64ceb1acad79c560bf0d5b6a7ce8,0x4392ac1c,0x4392ac1c,True,-15,0.08556451711228874,0.08556451711228874,-0.5,0.5,0.16764717561142414,0.14247998358932368,0.4559578841315861,0.32862241580928364,3.459565420422228,2.903290290740192,False,False,255,236,0.9254901960784314,0.8498800118146133,0.877649242404775,0.8955936367487645,0.07961175218458705,20.135539752965293,0.0,0.4152937164792294,0.20603373881426926,0.7713977315933391,0.75,0.017382502274971675,0.41492977666322184,0.16432181702075593,0.7713975469046392,0.75,0.0,0.5274179953593555,0.16223283593876897,0.656878017068407,0.75,0.020811444007230888,0.5270072348907698,0.122869419655081,0.6568778119178322,0.75,0.0,0.4061925271454308,0.2106501508375946,0.7816559564009162,0.75,0.017054298907039404,0.4058343504406458,0.1688132562728179,0.7816557792536614,0.75,0.0,0.5577370815299073,0.15341371399868192,0.6300034097718419,0.75,0.02307678449182096,0.5572594675113349,0.11213399908579705,0.6300031526435234,0.75
1,w256_g045,256,45,0,786771751,6ac9013eb207bd8c1ffa86d227f0484da2624791070448e7655d14b97d39dc96,0x43c2f13f,0x43c2f13f,True,-15,0.0854808603762649,0.0854808603762649,-0.5,0.5,0.18662380285127644,0.07240127100401055,0.5383132983158899,0.17576022316647585,4.182005281363678,2.989461762634169,False,False,255,233,0.9137254901960784,0.3879530365250798,0.8093376319580962,0.737354689031764,0.07887952244677193,25.88554968572386,0.0,0.4355366819891032,0.19626558200763342,0.7490351223799032,0.7516339869281046,0.019514797491122754,0.43509926917538916,0.1516115230672822,0.7490348543306184,0.7516339869281046,0.0,0.3718927915709698,0.2298535016373186,0.8212046771839532,0.7516339869281046,0.013071599987292399,0.371662994789932,0.19482504689469826,0.8212046112849428,0.7516339869281046,0.0,0.43967862018932974,0.19441668630477424,0.744542911036894,0.7516339869281046,0.02010529794256734,0.4392186995634788,0.1488451254435925,0.7445426151080344,0.7516339869281046,0.0,0.40092215699816536,0.21321061678478415,0.7876482912859499,0.7516339869281046,0.01362652139653061,0.4006905213337239,0.17932627590131792,0.7876482178042707,0.7516339869281046
1,w256_g046,256,46,1,582863066,d596e4cb22e27a12cd5a6fa2b043b5865f5695f6c5f96ef3799d7468b5ff94cf,0x43e3a25c,0x43e3a25c,True,-15,0.48768545003167674,0.48768545003167674,-0.5,0.5,0.23391846602807448,0.11767684703717164,0.704297556714006,0.2868135041156494,4.922952072585767,3.6874783202729358,False,False,255,237,0.9294117647058824,0.50306779552431,0.7792957510451027,0.7524136556675266,0.06974021402472032,22.804516679316976,0.0,0.5006368953298702,0.9741300622886379,0.6820734446467291,0.738562091503268,0.016814180226073533,0.5003544586679092,0.9410753949494147,0.6820733417985001,0.738562091503268,0.0,0.48616510968471294,1.0031272099060127,0.6962651789836132,0.738562091503268,0.00960156910953672,0.4860702868365683,0.9835694422582273,0.6962651670729312,0.738562091503268,0.0,0.5160379467945603,0.9450573413466996,0.6674153898166884,0.738562091503268,0.017296222179890332,0.5157480036124708,0.9120524452969737,0.6674152849120971,0.738562091503268,0.0,0.5277620946529104,0.924063048431717,0.656563263405832,0.738562091503268,0.009277058890113566,0.5276805517837254,0.9066250206197539,0.6565632553313221,0.738562091503268
1,w256_g047,256,47,2,1060205944,eb1113f57e884c0996dbef94af51001ca37cdfb07744eab7c21e1c1f248ec57a,0x4357dbde,0x4357dbdd,False,-16,0.8994760575460532,0.8994760575460532,-0.5,0.5,0.28214027077582937,0.1065111240679712,0.8086007535633246,0.2536328486176076,4.850720578662739,3.465679296499735,False,False,255,230,0.9019607843137255,0.37751124210339376,0.8122437326529252,0.6845920302196241,0.13619159025340036,16.52078179457635,0.0,0.5394507852967173,1.667392247934738,0.6460052436258523,0.7516339869281046,0.03324867351482863,0.538425180936729,1.6088166280117127,0.6460040002915879,0.7516339869281046,0.0,0.4558802508972504,1.9730533528831973,0.7272620973068675,0.7516339869281046,0.021077895722488874,0.4553927156532611,1.9288805719333952,0.7272617686468115,0.7516339869281046,0.0,0.5423261695970689,1.6585518235535919,0.6434476400186266,0.7516339869281046,0.033664927277918505,0.541280284973692,1.5995615475080827,0.6434463562103361,0.7516339869281046,0.0,0.4888841365951621,1.839855274933775,0.6935678890776042,0.7516339869281046,0.02390950677903746,0.4882991240008324,1.793094658030808,0.6935674376660177,0.7516339869281046
1,w256_g048,256,48,3,1286537761,6202fe0b5e051d4ecfdbc4f975abe193c04e9311ed288428061cc05b17def28d,0x43b64106,0x43b64106,True,-15,-0.18112668205685623,0.18112668205685623,-0.5,0.5,0.20191192936738128,0.1811990752498382,0.5774747978932638,0.4376693385891327,4.13206385450122,3.4258947249181855,False,False,255,231,0.9058823529411765,0.8974163924715125,0.8254423955476874,0.8982408792222135,0.08112846800643038,21.409633962152792,0.0,0.46057740341182185,-0.3932600269034544,0.7223412813897327,0.7320261437908496,0.019710046072874722,0.4601554722236618,-0.4364540687937594,0.7223410364738185,0.7320261437908496,0.0,0.6013980427797426,-0.30117604177703067,0.5942501103802604,0.7320261437908496,0.014067811302025458,0.6012334842176338,-0.32465672402275153,0.5942500833191091,0.7320261437908496,0.0,0.46289684789056734,-0.39128951273324736,0.719926505051768,0.7320261437908496,0.020265395193191062,0.4624530306362872,-0.43548655519232465,0.7199262347996713,0.7320261437908496,0.0,0.6489252611071497,-0.2791179399424687,0.5589994651139594,0.7320261437908496,0.017198633924214703,0.6486973111506809,-0.30572859263016655,0.558999419877567,0.7320261437908496
1,w256_g049,256,49,4,376703381,64807414a4d66ea6627aaaf152b742e3e512f0c360452b58695c85da459da4fc,0x438db200,0x438db1ff,False,-15,0.8481995330630525,0.8481995330630525,-0.5,0.5,0.16330563203137324,0.1562628813103129,0.43777488253926233,0.3761423225467331,3.403394799344829,3.005563806276773,False,False,255,233,0.9137254901960784,0.9568738038397395,0.8770620148553749,0.9165911025423665,0.10844288188737992,19.057392107803153,0.0,0.40988103196388986,2.0693798124763627,0.7774843835696745,0.75,0.017155949362735883,0.4095218355170412,2.0293022535686864,0.7774842045869321,0.75,0.0,0.5523392799922048,1.53564948897899,0.6346621190359689,0.75,0.021794815686408092,0.551909110480614,1.4973565423788602,0.6346619075163119,0.75,0.0,0.3980109170858146,2.1310961500088035,0.7909735501572523,0.75,0.01671078785212633,0.39765995484691746,2.0909541810188426,0.7909733824136451,0.75,0.0,0.5967013614701887,1.4214808073727325,0.5979356554766859,0.75,0.024688960409180404,0.5961903806791005,1.3812879230219024,0.5979353909067746,0.75
1,w256_g050,256,50,0,1830913774,e1aa65c3f64210db63adef18e0a83015574a282ebf62ac91e10076e27884ef47,0x43ceeb4a,0x43ceeb4b,False,-15,-0.6893526743142502,0.6893526743142502,-0.5,0.5,0.19919369844780055,0.1684418342352959,0.5771704651223912,0.40116535514980173,4.34410219224447,3.5462270261850843,False,False,255,232,0.9098039215686274,0.845618287866856,0.8367065221711433,0.8735087535388247,0.07300150248522151,23.37153252137359,0.0,0.4499652947274781,-1.5320129849831137,0.7335163558415634,0.7516339869281046,0.020161290581856874,0.4495133911478725,-1.578404512231104,0.7335160719602049,0.7516339869281046,0.0,0.5672436544907283,-1.215267317416096,0.6219286331595535,0.7516339869281046,0.01993795608543734,0.5668931481920838,-1.2511892808401952,0.6219284981580808,0.7516339869281046,0.0,0.4552708491860029,-1.5141594845063584,0.727903501174866,0.7516339869281046,0.02081828782920741,0.454794618493232,-1.5615201527588567,0.7279031873929878,0.7516339869281046,0.0,0.6057054349848289,-1.1380988752916117,0.5909030011354219,0.7516339869281046,0.020586684785928205,0.6053554843062756,-1.1727643963013792,0.5909028802097247,0.7516339869281046
1,w256_g051,256,51,1,1004779174,4669a2d67a04c00e0ce95b1e098565bf45bf3ab6b4c78aec8f1a855d3d4c29b3,0x4357c8e1,0x4357c8e0,False,-16,0.5908086943891249,0.5908086943891249,-0.5,0.5,0.289824405896315,0.19399410411758078,0.8414026239924067,0.47101565441140103,4.934304283684478,3.992610903180327,False,False,255,234,0.9176470588235294,0.6693504762569319,0.7907086567052304,0.7785889543071864,0.11781684261416284,19.370701404421997,0.0,0.557260263605091,1.0602024457423156,0.6304127737941883,0.738562091503268,0.018715908860275715,0.5569458826032824,1.0271963639532928,0.6304126622764699,0.738562091503268,0.0,0.6242126154160843,0.9464863089883353,0.576873635947925,0.738562091503268,0.012327952883844428,0.6240908674402166,0.9269174918036991,0.5768736220774344,0.738562091503268,0.0,0.5640342528349721,1.0474695311846363,0.6246362176884825,0.738562091503268,0.018904930954594976,0.5637173422529301,1.014522209213721,0.6246361063801562,0.738562091503268,0.0,0.6763259756468227,0.8735561188879207,0.5402681546784738,0.738562091503268,0.01188853077657173,0.6762214786374366,0.8561102862024698,0.5402681459145005,0.738562091503268
1,w256_g052,256,52,2,1726356095,b67661874451f9b09df2df75e790685a3da099590a7bba24a272607e951a1351,0x4375a974,0x4375a974,True,-16,0.3322887429021648,0.3322887429021648,-0.5,0.5,0.3036352465801314,0.12508190344926373,0.8941848329879448,0.31409968095880914,5.4058695483690915,4.042067562390009,False,False,255,240,0.9411764705882353,0.41194790413191956,0.7547432956081007,0.5829513675113158,0.10447070657928034,17.366867044480166,0.0,0.5596227769535773,0.5937727279633748,0.6283885745441156,0.7516339869281046,0.034491960174192524,0.5585588215833451,0.5331520535004864,0.6283873037464698,0.7516339869281046,0.0,0.4940268297713297,0.6726127466720205,0.688505350124335,0.7516339869281046,0.02284162558377379,0.49349849916144745,0.627047737418054,0.6885049854570501,0.7516339869281046,0.0,0.5703049489049984,0.5826509896857262,0.6193633979826489,0.7516339869281046,0.03540171156665416,0.5692051067617756,0.5215818126167377,0.6193620781106597,0.7516339869281046,0.0,0.5440476558129701,0.6107713898805904,0.6419238521084853,0.7516339869281046,0.02660734955601824,0.5433966329902973,0.5625382543575767,0.64192335711673,0.7516339869281046
1,w256_g053,256,53,3,856870619,6d6c4154b28fe6b2997530700a916b2342bb6e92fda068c0e8214a2bdf12794b,0x43950003,0x43950003,True,-15,0.31874662488098693,0.31874662488098693,-0.5,0.5,0.16692879404105976,0.05020923014166047,0.44136697385001955,0.10512468364974795,3.4469320519874658,2.1578457045416184,False,False,255,237,0.9294117647058824,0.30078232116929104,0.8580255281268991,0.7520612556721008,0.10028823556598739,17.156093243843177,0.0,0.4187812854444099,0.7611291047610536,0.767498814957889,0.7320261437908496,0.01792141422792857,0.41839764333770246,0.7189935589820051,0.7674986092469236,0.7320261437908496,0.0,0.31657440778157214,1.0068616320398,0.8857573861867278,0.7320261437908496,0.007405260268451987,0.31648778457092086,0.9837389617884835,0.8857573816257196,0.7320261437908496,0.0,0.40468547993348686,0.7876403792233301,0.7833657156009333,0.7320261437908496,0.017716930277600663,0.40429747470214944,0.7445747585367885,0.7833655081737246,0.7320261437908496,0.0,0.31803430656021275,1.0022397530897798,0.8840859560999856,0.7320261437908496,0.008428945429768707,0.3179225896789616,0.9760793649944071,0.8840859481918332,0.7320261437908496
1,w256_g054,256,54,4,1872604266,fd09e55dcae5963f5563388b900dd4c59fb2dcc23f72b320efffa331838ffe94,0x43a9be84,0x43a9be84,True,-15,0.3364095111719507,0.3364095111719507,-0.5,0.5,0.1868908882162248,0.14964919090330286,0.5180766255044411,0.30498727161262473,3.797304239888041,2.945250476514052,False,False,255,235,0.9215686274509803,0.8007302674390692,0.8708847082922513,0.9048940782724801,0.09250808259108202,20.237330319165018,0.0,0.4384815291284278,0.7672147828909323,0.7458381989882426,0.75,0.018353049601195107,0.43809726883095307,0.7259950796303248,0.745837992321905,0.75,0.0,0.5405242739112383,0.6223763250032948,0.6450485723335015,0.75,0.021328606077212656,0.5401033060906723,0.5833715541853071,0.6450483636016271,0.75,0.0,0.4329787313671128,0.7769654414888956,0.7518240311639799,0.75,0.01817893784757316,0.43259693484236406,0.7356283590875164,0.7518238268440482,0.75,0.0,0.5373061174776216,0.6261040033402596,0.647923042546579,0.75,0.02223143823458191,0.5368459993637819,0.5852294201869854,0.6479227911774473,0.75
1,w256_g055,256,55,0,1792402054,232a953293e0c044d2105ca8fcbf03c1e18dccbcfb94831715b0a19d77bfdff0,0x436cfa87,0x436cfa87,True,-16,0.0971546282289637,0.0971546282289637,-0.5,0.5,0.2844808186776248,0.17033450161325248,0.8398975356912433,0.3801391177447507,4.937101056682885,3.7558185177622416,False,False,255,234,0.9176470588235294,0.5987556644593197,0.8055610488324683,0.7950043319710567,0.12894305534188627,18.973858068927537,0.0,0.5377342703441355,0.18067404959476985,0.6475394864507154,0.7516339869281046,0.02409389570099403,0.53719421971247,0.136004316217466,0.6475391404838651,0.7516339869281046,0.0,0.5704216196042105,0.17032073275268717,0.619265967742145,0.7516339869281046,0.02004965787067907,0.570069149604817,0.13525546929128737,0.6192658323875788,0.7516339869281046,0.0,0.5492005295637976,0.17690192015315198,0.637395925886304,0.7516339869281046,0.025113434608990525,0.5486260448386456,0.13131201899312114,0.6373955454958196,0.7516339869281046,0.0,0.5896184188105777,0.16477542954806476,0.6035654114922768,0.7516339869281046,0.020039920117828885,0.5892777625215098,0.13086308870907035,0.6035652915711032,0.7516339869281046
1,w256_g056,256,56,1,560310082,92e0b39c29f151fb54af5d6d6adb785ea0f0e0db8c73227b50fdc90611bd1019,0x438e2e5a,0x438e2e59,False,-15,0.6003358039079103,0.6003358039079103,-0.5,0.5,0.16666359373273576,0.129120291951414,0.4443331291033228,0.25490060058222186,3.3579684739397684,2.483822010124644,False,False,255,236,0.9254901960784314,0.7747360359843989,0.859390845107727,0.8974996487017903,0.10234758001606323,18.102360584540577,0.0,0.42258197644194856,1.420637503195502,0.7632710497668769,0.738562091503268,0.014192660545930293,0.4223435748300328,1.3878348773220155,0.7632709701875344,0.738562091503268,0.0,0.5092552626858214,1.1788504663490926,0.6738143674372599,0.738562091503268,0.010057590521549807,0.5091559362769974,1.1593269788869358,0.6738143549455444,0.738562091503268,0.0,0.40988110207091255,1.4646584116094419,0.7774843044608584,0.738562091503268,0.013738126532735718,0.40965080460586956,1.4319456248585865,0.7774842308825239,0.738562091503268,0.0,0.4975352165217918,1.2066197205190519,0.6850809938342022,0.738562091503268,0.008745727573734938,0.4974583439129273,1.189225356400343,0.6850809861700577,0.738562091503268
1,w256_g057,256,57,2,1708149163,171f8219193a8cd2cae36b5cf067cafa72a4a5ad0af9317753652984214de83f,0x43b7d73e,0x43b7d73e,True,-15,0.15688730065812706,0.15688730065812706,-0.5,0.5,0.2397415529941423,0.1407698432880208,0.662974644066081,0.2823164457091807,4.169720676554796,2.936909150828801,False,False,255,224,0.8784313725490196,0.5871733186422643,0.8744225356369021,0.8787245462337818,0.08444398189671547,20.982536238019986,0.0,0.4972684978484594,0.3154981691720553,0.6853404876493681,0.7516339869281046,0.0306487976008389,0.496323090494575,0.2543474310886771,0.6853393266611618,0.7516339869281046,0.0,0.5240926971440742,0.29935028958245224,0.6599313924813477,0.7516339869281046,0.02423173892174272,0.523532212980805,0.25338567226091224,0.6599310074530481,0.7516339869281046,0.0,0.4910683566721197,0.3194815925858542,0.6914114679551988,0.7516339869281046,0.03048309567678883,0.49012132355429705,0.2579039084948827,0.6914102892097869,0.7516339869281046,0.0,0.5157880602015248,0.30417008993350725,0.6676495654902288,0.7516339869281046,0.02522527772699462,0.5151708536107684,0.255569627063196,0.6676490896533487,0.7516339869281046
1,w256_g058,256,58,3,1581744317,95d3175acc1783a78f7128324b8fe3822f9e97449a175c993f67bf2213961ba6,0x43a02074,0x43a02074,True,-15,-0.2779789746946335,0.2779789746946335,-0.5,0.5,0.17348099356454127,0.033627435682312426,0.47543195763202767,0.07661442496612401,3.679351350940129,2.160216559372206,False,False,255,233,0.9137254901960784,0.1938393076461243,0.8481356582265994,0.5420920833477338,0.09129409225499223,19.960522653499503,0.0,0.4269210688658507,-0.6511249853119371,0.7584722330915896,0.7320261437908496,0.01826974982813683,0.4265299699701976,-0.6945554717842448,0.7584720186896783,0.7320261437908496,0.0,0.2590782156467725,-1.0729538722531202,0.9463831391057027,0.7320261437908496,0.0060603181103452385,0.25900732492946404,-1.0966457913201169,0.9463831434367715,0.7320261437908496,0.0,0.42001218613235286,-0.661835498761071,0.7661271490100956,0.7320261437908496,0.018387925899077395,0.4196094859280569,-0.7062921848352202,0.7661269222029672,0.7320261437908496,0.0,0.27150441261605385,-1.0238469865597934,0.9344649568910763,0.7320261437908496,0.007195751623886049,0.2714090404326204,-1.0507193344184738,0.9344649612454495,0.7320261437908496
1,w256_g059,256,59,4,1367171454,274f7b7f305b8177cfd1ead288c155d7f54c7afff36f1cbabe0059a32c1c0cf9,0x439e937c,0x439e937c,True,-15,-0.40238974960175256,0.40238974960175256,-0.5,0.5,0.16886716046558514,0.05678555327791143,0.450044915210851,0.11904512319236586,3.5218731952627476,2.3084903325798263,False,False,255,232,0.9098039215686274,0.33627351298705727,0.8481765564824343,0.7337547010019934,0.10039971320511176,16.90783050531444,0.0,0.416802043839398,-0.9654217284903747,0.7697092523887534,0.75,0.017445634710472523,0.41643678221099567,-1.008161147733361,0.7697090661497094,0.75,0.0,0.33296374399741274,-1.2085092051490125,0.8668163522383621,0.75,0.013138452566296567,0.33270442720369353,-1.2489410064677255,0.8668162939189785,0.75,0.0,0.4035501323486297,-0.9971245635824134,0.7846557738654765,0.75,0.016943355973126403,0.40319428568242943,-1.0400274023356597,0.7846555996975453,0.75,0.0,0.33568870773849135,-1.1986990933136266,0.8636377168492255,0.75,0.013889368703206157,0.33540124320008813,-1.2411376723986136,0.8636376421427894,0.75
1,w256_g060,256,60,0,1705085417,5752941e5daa82cabb4d748d0726661695b6e4403c51dad17c2915edc995a282,0x43ec589e,0x43ec589e,True,-15,0.0484249966493735,0.0484249966493735,-0.5,0.5,0.2914110036398749,0.23502838696723438,0.8453306957998417,0.555145102711936,5.067286137295023,4.068230148179289,False,False,255,234,0.9176470588235294,0.8065185735322541,0.8400220431249732,0.8753375254851562,0.06759813499340633,23.228818705514485,0.0,0.544244682072601,0.08897651781356995,0.6417498075222876,0.7516339869281046,0.024385603315343757,0.5436980929847495,0.044214599323054896,0.6417494588275383,0.7516339869281046,0.0,0.6700463184374426,0.07227111815538555,0.5444637014382883,0.7516339869281046,0.02355135040551265,0.6696322892047899,0.03714523126326407,0.54446356119751,0.7516339869281046,0.0,0.5509740104027532,0.08788980194179323,0.63584899840825,0.7516339869281046,0.025194531025839913,0.5503976705489234,0.04220669320850385,0.6358486172954645,0.7516339869281046,0.0,0.7125297746953114,0.06796206750809924,0.5171493593347458,0.7516339869281046,0.02421742488179626,0.7121181054849299,0.033993759716434466,0.5171492371254709,0.7516339869281046
1,w256_g061,256,61,1,1604003463,090291785d4572c9c86bce7e32ce4f9c67bf0256345e75910dc71136d95c442c,0x43cadac9,0x43cadac9,True,-15,0.016584852934101946,0.016584852934101946,-0.5,0.5,0.20585068666848275,0.0669686652035125,0.6018700162048534,0.14391844992155092,4.37703591329774,2.885527667305728,False,False,255,228,0.8941176470588236,0.32532641152353214,0.8096483396000473,0.6221815313183404,0.07570620977964708,22.32510947635854,0.0,0.46964181624059387,0.03531383356546269,0.7129616460420394,0.738562091503268,0.015773192534614826,0.46937686559845454,0.0017292296637846732,0.7129615505803464,0.738562091503268,0.0,0.36675335674927007,0.04522072566997699,0.8272164405463638,0.738562091503268,0.007243234100584449,0.36668182426542695,0.02547608911958357,0.8272164343317219,0.738562091503268,0.0,0.4770401159080662,0.034766159870081303,0.7054212291814355,0.738562091503268,0.015989118406347258,0.4767720842060376,0.001249516377928789,0.7054211325461444,0.738562091503268,0.0,0.3738493530327977,0.04436239570714721,0.8189200036278836,0.738562091503268,0.006571564155999196,0.3737915907395256,0.026788427097281728,0.818919999423054,0.738562091503268
1,w256_g062,256,62,2,1734523339,341baadf4f9a8a2c6faffc6675bbe64f4d427b0f254c0cb721742e5fc93ee738,0x440015bc,0x440015bc,True,-14,-0.0023095927062968258,0.0023095927062968258,-0.5,0.5,0.14048434251085343,0.12920102399840794,0.3556639451742506,0.26686549291526523,3.031341349985273,2.472227781824589,False,False,255,226,0.8862745098039215,0.9196827325324616,0.8805103434007965,0.9271727340809837,0.06173679189054181,27.620704606635012,0.0,0.3806565015484535,-0.006067393297899154,0.8109922776465825,0.7516339869281046,0.023461498409572165,0.3799327970358513,-0.0678306566764679,0.8109915992624556,0.7516339869281046,0.0,0.5020954345694936,-0.00459990780094847,0.6806656066162444,0.7516339869281046,0.023214682346436675,0.5015584750944627,-0.05088992873248987,0.6806652358562688,0.7516339869281046,0.0,0.3596776163813976,-0.00642128562108731,0.8355117389674285,0.7516339869281046,0.02232700813234048,0.3589839723910557,-0.06862869301529614,0.835511181808529,0.7516339869281046,0.0,0.5014751375571584,-0.004605597632511895,0.6812638378510076,0.7516339869281046,0.024525285856984935,0.5008750582147249,-0.05357599290116311,0.6812633741847192,0.7516339869281046
1,w256_g063,256,63,3,2122192286,180f74b87dca0e1bf2483b9acfced373354b2dad93f49262c7e7d57abc5d510c,0x4368afa3,0x4368afa4,False,-16,-0.8718872108565847,0.8718872108565847,-0.5,0.5,0.25020048035217685,0.11891248661961533,0.7460107108101091,0.302950845466621,4.945729828752528,3.7007222448446613,False,False,255,230,0.9019607843137255,0.47526881823822503,0.7910323209135467,0.67889562283655,0.13003782541194034,17.121125110267666,0.0,0.5127028212773133,-1.7005703395281182,0.670550747263692,0.7320261437908496,0.021940712145691252,0.512233138420638,-1.7449630958243045,0.6705504698846094,0.7320261437908496,0.0,0.48718931224475326,-1.7896271304460958,0.69524748994007,0.7320261437908496,0.011396258094462836,0.4870560042407444,-1.813515204125179,0.695247466440678,0.7320261437908496,0.0,0.5261265729068728,-1.6571814763876473,0.6580613221998919,0.7320261437908496,0.023033561300287036,0.5256221321182706,-1.7025933983227042,0.6580610118214791,0.7320261437908496,0.0,0.5398930086530747,-1.6149259147321973,0.6456108799122373,0.7320261437908496,0.01430892395562625,0.5397033587886044,-1.642005965649963,0.6456108374960003,0.7320261437908496
1,w512_g000,512,0,0,131393081,1d1a32e3080c42c57af9f4e009dfd6f535a2afd4438e56823b38955982f6c842,0x443df0a7,0x443df0a7,True,-14,-0.061729549834126374,0.061729549834126374,-0.5,0.5,0.17750778387725158,0.05529941854942727,0.5080434228909534,0.12064941448562462,4.590748224779427,3.0176329735477396,False,False,511,452,0.8845401174168297,0.3115323584213489,0.8288955754662134,0.6828356908113955,0.040749934666509495,45.687893813157395,0.0,0.4247661712310538,-0.14532595581993335,0.7608516767586759,0.7516339869281046,0.019032210501298205,0.42433957532349403,-0.19032342263588328,0.7608514217790807,0.7516339869281046,0.0,0.3250161546671766,-0.1899276357427179,0.8760455095746942,0.7516339869281046,0.011423940607374033,0.3248153234926537,-0.225215638396921,0.8760454793386652,0.7516339869281046,0.0,0.4271380006842431,-0.14451898387696777,0.7582331120912702,0.7516339869281046,0.01953184979213063,0.42669119802525823,-0.19044545564177934,0.7582328322563502,0.7516339869281046,0.0,0.33217150168974974,-0.18583638126723515,0.8677392932811121,0.7516339869281046,0.011289827703670145,0.33197958721169113,-0.21995140770879615,0.8677392617286169,0.7516339869281046
1,w512_g001,512,1,1,2117605008,9fbfe5170cde2bcd4efc9f3d9a2af7c544ea4a673f5695c956dd41d8c6f21394,0x4403fc08,0x4403fc08,True,-14,0.14192838135159036,0.14192838135159036,-0.5,0.5,0.15464270886394943,0.1183912026778578,0.40130141455364865,0.21224713663132844,3.458324317562534,2.5907857803217706,False,False,511,467,0.913894324853229,0.7655789500041367,0.90093427417415,0.9210944453650839,0.06016324975570037,31.863830669989365,0.0,0.4070570896655977,0.34866947402435916,0.7806764854682913,0.738562091503268,0.013671248227577388,0.40682744649166236,0.3152617509709771,0.7806764125587022,0.738562091503268,0.0,0.4876385062313883,0.29105244876671865,0.6948017909027602,0.738562091503268,0.009630668110034372,0.4875433960083288,0.27135576919863746,0.6948017789509482,0.738562091503268,0.0,0.3895281901245073,0.3643597176015038,0.8007195018064592,0.738562091503268,0.013055950950068897,0.38930932822944747,0.3310283649960934,0.800719437877253,0.738562091503268,0.0,0.4540036213650655,0.31261508647188824,0.7292394583378754,0.738562091503268,0.007980524509814391,0.4539334746867012,0.2950825711503761,0.7292394515235865,0.738562091503268
1,w512_g002,512,2,2,160851035,b93f6ff011e1b8224f315d12ef1ea0b27a2bd6d782fea41e4aa3b9ef94bd16e3,0x44301a35,0x44301a35,True,-14,0.06441593164481674,0.06441593164481674,-0.5,0.5,0.18781199220327038,0.06710971020638498,0.5405532741113567,0.13784467250968505,4.536145247026079,3.0498817769912474,False,False,511,463,0.9060665362035225,0.35732388235226015,0.8666135466499381,0.795494668394313,0.04197637401586661,45.752533019382035,0.0,0.44012997787036834,0.1463566102824952,0.7440551744116637,0.7516339869281046,0.027127104709378715,0.4392932023264841,0.08488368756438176,0.7440541948828668,0.7516339869281046,0.0,0.36186449726823555,0.17801119516034702,0.8329462024732237,0.7516339869281046,0.016731021192689995,0.36147750595720707,0.1319166743885077,0.8329460262098092,0.7516339869281046,0.0,0.4434174108723727,0.14527154339313336,0.7405135216370771,0.7516339869281046,0.027525160553974522,0.4425622733596217,0.08335724328870919,0.7405125003204402,0.7516339869281046,0.0,0.36041112547910803,0.17872903218286124,0.8346510885887439,0.7516339869281046,0.017626369118659044,0.3599798473259443,0.1299782831559235,0.8346508718746966,0.7516339869281046
1,w512_g003,512,3,3,1342827699,b0a38e4eacfe8b79d3beef77f094494621e1952ebe49d10163f79e846966b627,0x440d8b6e,0x440d8b6e,True,-14,-0.3093626067366131,0.3093626067366131,-0.5,0.5,0.16078594870949242,0.12865019842464073,0.437886227849814,0.25534642789543016,3.8513216521560087,2.9734500978083864,False,False,511,470,0.9197651663405088,0.8001333416086347,0.8908064903448292,0.9311424944038224,0.04540335026405023,45.31486767558823,0.0,0.41100365493647467,-0.7527003787458499,0.7762185064690577,0.7320261437908496,0.01758857667551367,0.410627137853394,-0.7962240029270983,0.7762183095696451,0.7320261437908496,0.0,0.506744743135165,-0.6104900167737827,0.6762053945763318,0.7320261437908496,0.01185369575160012,0.5066060842431256,-0.63405535874705,0.6762053701014277,0.7320261437908496,0.0,0.40308658873377917,-0.7674842462717939,0.7851829700412809,0.7320261437908496,0.017646931611200907,0.40270011649085025,-0.8120423236958363,0.7851827647603862,0.7320261437908496,0.0,0.49566301307153926,-0.6241389786571843,0.6869053918069019,0.7320261437908496,0.013136684950507821,0.4954889000125714,-0.6508708705259362,0.6869053523418702,0.7320261437908496
1,w512_g004,512,4,4,1520182708,dcbc5002aad06b7ed0b36c8aa1da758fdf313e47583e43b90437b4c6269c6bcf,0x441ae228,0x441ae228,True,-14,0.4863755987644254,0.4863755987644254,-0.5,0.5,0.14679515053256054,0.12003385430729117,0.39097142841843313,0.24232605761505982,3.797538872858247,3.0527473590764256,False,False,511,465,0.9099804305283757,0.8176963194752577,0.8692669083667234,0.9003536318178699,0.05135566413654402,36.94210805140112,0.0,0.3886092142591085,1.2515802016987954,0.8017800620098241,0.75,0.016265597775476467,0.38826865922462517,1.2107853410773906,0.8017799076525955,0.75,0.0,0.48409421334258945,1.0047126888918654,0.6983290819718619,0.75,0.019101926183499675,0.48371719403785995,0.9660059190377938,0.6983288929441812,0.75,0.0,0.3761335517533848,1.2930928296535527,0.8162559567101249,0.75,0.01579225020619821,0.3758018807670354,1.2522112651425181,0.8162558167231602,0.75,0.0,0.4789398636960428,1.0155254044025486,0.7035018417298315,0.75,0.019816491291449172,0.47852972709130626,0.9749845851978889,0.7035016161102021,0.75
1,w512_g005,512,5,0,192044170,316fd54d7e2569751fd7c9e87a6feb30ec905f59661571bb952bfc477aa13384,0x4426b87d,0x4426b87d,True,-14,-0.11450031339563793,0.11450031339563793,-0.5,0.5,0.15305381181276584,0.11128531805432959,0.41722536731886817,0.18695092733860913,4.014365750034821,2.991042020313221,False,False,511,465,0.9099804305283757,0.7270992910027448,0.8337209322350475,0.8658299976249022,0.04581480324176516,43.831251549198,0.0,0.39442396622072134,-0.29029755593391876,0.7950846944944263,0.7516339869281046,0.017672687846383036,0.3940278432212235,-0.3354407652045381,0.7950844824754262,0.7516339869281046,0.0,0.4610665344440411,-0.2483379400626064,0.7218312118297754,0.7516339869281046,0.016205953550001907,0.4607816361941666,-0.28366205742314377,0.7218311002399243,0.7516339869281046,0.0,0.38708215182055017,-0.2958036500962717,0.8035442986664221,0.7516339869281046,0.017700205634859096,0.3866772491090097,-0.3418885371071518,0.8035440814760708,0.7516339869281046,0.0,0.41348863047098344,-0.27691284586281506,0.7734228513694614,0.7516339869281046,0.014053630042603953,0.41324973443596447,-0.3110805228071165,0.7734227719072453,0.7516339869281046
1,w512_g006,512,6,1,1669406768,a09b17769979fc83c847bf3da18fec2ee4f552fecb12cb54c36f715f9ac535fa,0x443c1533,0x443c1533,True,-14,-0.03182448992902209,0.03182448992902209,-0.5,0.5,0.17420850640933971,0.033679508915284304,0.5021857640678634,0.07204852773318363,4.513009953841,2.6242526352771214,False,False,511,465,0.9099804305283757,0.19332872779557145,0.8445937554905666,0.6572369188144919,0.041852861318359316,43.41392519726806,0.0,0.43204131330489676,-0.0736607563882743,0.7528488517675311,0.738562091503268,0.014510357855729952,0.4317975751635465,-0.10730687352100665,0.7528487684893719,0.738562091503268,0.0,0.2600885007570671,-0.12236023444476471,0.9454473901593878,0.738562091503268,0.005136645277227506,0.2600377724511476,-0.1421375627773206,0.9454473922938795,0.738562091503268,0.0,0.43574834500108867,-0.0730341039595746,0.7488048457413534,0.738562091503268,0.014605127852465486,0.43550351366160167,-0.10661135059765484,0.7488047617726781,0.738562091503268,0.0,0.26451539438713045,-0.12031243021888355,0.9412753542411272,0.738562091503268,0.004649680065948807,0.2644745249415594,-0.13791184615240562,0.9412753553945106,0.738562091503268
1,w512_g007,512,7,2,135983498,bcec099775cbbbad4deae780533fb34ac9d31f2ea6d6e8a9267664a71c38a1ad,0x442e35fc,0x442e35fd,False,-14,-0.8294567169527909,0.8294567169527909,-0.5,0.5,0.1739147021072024,0.14249486332362976,0.494249481222102,0.3221914618002892,4.261944566985228,3.4487991582291273,False,False,511,475,0.9295499021526419,0.819337649992321,0.8684813005260671,0.8955001162172154,0.04401502014362388,39.77662858378918,0.0,0.4235331798050859,-1.9584220469681146,0.7622164970725129,0.7516339869281046,0.026104172617509407,0.4227279581098966,-2.023904199276737,0.7622155889419329,0.7516339869281046,0.0,0.5272940844622719,-1.5730438504703894,0.6569914159377084,0.7516339869281046,0.02437975697676366,0.5267301766166996,-1.6210130192538588,0.656991029098307,0.7516339869281046,0.0,0.42400072748736894,-1.9562624853692039,0.7616986752289927,0.7516339869281046,0.026319868848025372,0.42318303535661833,-2.0222374582659,0.7616977386146236,0.7516339869281046,0.0,0.5510109244594426,-1.5053362467659086,0.6358168621057407,0.7516339869281046,0.026947897155019104,0.5503515691924318,-1.5561046103029572,0.6358163632812834,0.7516339869281046
1,w512_g008,512,8,3,146605164,94aa91652649215a337749b00fd9a0ce74d082d35453f5401237bd2704ec5f3a,0x4417712c,0x4417712c,True,-14,0.47776325285394705,0.47776325285394705,-0.5,0.5,0.1689601214652965,0.1432880470576539,0.45657778128424553,0.316898704300828,3.831715797301519,3.104969201796853,False,False,511,465,0.9099804305283757,0.8480583809658572,0.8939486155476624,0.9178045159185654,0.04995315751196716,38.683384839991774,0.0,0.42132161886069697,1.133963298977809,0.7646705403675924,0.7320261437908496,0.018030125789339477,0.42093564957534657,1.0921696167297807,0.7646703318866164,0.7320261437908496,0.0,0.5347970508482898,0.8933543146809125,0.6501777383488854,0.7320261437908496,0.012509891055579722,0.5346507160958505,0.8702005772960719,0.6501777127782831,0.7320261437908496,0.0,0.41159974056800747,1.1607472157164966,0.7755470853916535,0.7320261437908496,0.0180196331904976,0.41120510606670596,1.118039666532909,0.775546868955621,0.7320261437908496,0.0,0.5521814984260404,0.865228650753026,0.6347991075201695,0.7320261437908496,0.014634608976311235,0.5519875319462729,0.839020117437569,0.6347990645122715,0.7320261437908496
1,w512_g009,512,9,4,1943041649,b51e7e4e440025d1064d15c311748c38e0fde172022dc64d4e66f7bb8c55837a,0x43de77c1,0x43de77c1,True,-15,0.23891568264843954,0.23891568264843954,-0.5,0.5,0.2863631246325476,0.12369317880287414,0.8233958162732748,0.19038117298954357,5.5041911359439935,3.3280640969169384,False,False,511,456,0.8923679060665362,0.43194520579978113,0.8002659803378187,0.8105573616670364,0.06872158437549931,25.284840627687906,0.0,0.5427699381683709,0.44017854683456376,0.6430543019344515,0.75,0.02271813733418192,0.5422942854349126,0.39867199622225435,0.6430540369204683,0.75,0.0,0.4914178084862052,0.48617628120643547,0.6910673189846301,0.75,0.01939090872031877,0.4910350854637425,0.4470653532237876,0.691067126717555,0.75,0.0,0.5458507262352407,0.43769417381974146,0.6403338111153469,0.75,0.022917953486887646,0.545369400259597,0.3960576612085983,0.6403335418393618,0.75,0.0,0.42451488913363644,0.5627969448516312,0.7611296287814784,0.75,0.017564617692684085,0.424151358952737,0.5218681027034515,0.761129443631198,0.75
1,w512_g010,512,10,0,1106522429,fb6d57c34fd4c03ea618817550fea8e893e03ce5cfe8a45c3423c235a403f14a,0x441bffc4,0x441bffc4,True,-14,-0.16395076000799236,0.16395076000799236,-0.5,0.5,0.17161473047552356,0.13974322741006304,0.47579992165286344,0.3091040366870179,4.062945306961417,3.265517008103421,False,False,511,467,0.913894324853229,0.8142845723257645,0.8801206414399776,0.9131331015579348,0.04676587320328656,41.36667474523242,0.0,0.41765578584381763,-0.392549955166434,0.7687550556535978,0.7516339869281046,0.01871362027307209,0.4172363309505683,-0.4377959605408989,0.7687548099138455,0.7516339869281046,0.0,0.5166661984939417,-0.3173243391688895,0.6668271690992307,0.7516339869281046,0.01816021720974657,0.5163469445799752,-0.3526911103654887,0.6668270420859255,0.7516339869281046,0.0,0.4133614547090351,-0.3966280797114893,0.7735657098499356,0.7516339869281046,0.018901886112450767,0.41292906284319786,-0.4428185433629263,0.7735654495813731,0.7516339869281046,0.0,0.5316821729950131,-0.3083623418939234,0.6529934456072386,0.7516339869281046,0.01807078601171845,0.5313749897893367,-0.34254819951513554,0.6529933320499571,0.7516339869281046
1,w512_g011,512,11,1,824763556,798d7f68cc874b964617f15932b73e45ce6e81fb8c86f8566232162892d3bd8b,0x44117a75,0x44117a75,True,-14,0.03186686050730714,0.03186686050730714,-0.5,0.5,0.16222927128529646,0.03952432165150028,0.43846710240373066,0.07143928601891647,3.8057258088247243,2.189272220737625,False,False,511,462,0.9041095890410958,0.24363249207963705,0.8828811565995621,0.8071243308854045,0.05423970885132562,34.55511797083956,0.0,0.41692237935750676,0.07643355714417437,0.7695746911109373,0.738562091503268,0.014002579698368984,0.41668717063393684,0.04287216422276671,0.7695746138754493,0.738562091503268,0.0,0.28175425832721585,0.11310161094459306,0.9240353936556702,0.738562091503268,0.0055645354414459135,0.28169930427823275,0.09337021663313223,0.9240353942128352,0.738562091503268,0.0,0.40716651508287405,0.07826493418993702,0.7805525889984835,0.738562091503268,0.013647140782630707,0.40693774284672996,0.04477274483615238,0.7805525166304483,0.738562091503268,0.0,0.2633946501869555,0.12098522306617952,0.9423423941120612,0.738562091503268,0.004629979503799465,0.26335395390406247,0.10342309503896732,0.942342395313444,0.738562091503268
1,w512_g012,512,12,2,96969125,6d76d7d6c931e59aeae346b6fd12b96f6bb8bfe489a3d19c4ddbc03c8f00e21e,0x44255cc2,0x44255cc2,True,-14,0.42140690061614805,0.42140690061614805,-0.5,0.5,0.16969302236566242,0.1387781285256733,0.47298191426893976,0.29815280591437066,4.197744201213944,3.425158809186547,False,False,511,468,0.9158512720156555,0.8178187092845088,0.8670681599954795,0.8913358176881822,0.0475276533989987,40.229884967184304,0.0,0.4183610869533021,1.0072803464706217,0.7679675990747823,0.7516339869281046,0.025785394276084332,0.41756569844609515,0.9474473305932617,0.7679667151268126,0.7516339869281046,0.0,0.5203718654828454,0.8098187634051482,0.6633730756530305,0.7516339869281046,0.024059704047229166,0.5198153605149202,0.7644006444428914,0.6633726928109946,0.7516339869281046,0.0,0.4147780428141814,1.0159816989274342,0.7719757737593667,0.7516339869281046,0.025747370181658766,0.4139781367771631,0.9557498217531849,0.7719748820400565,0.7516339869281046,0.0,0.5300570877672148,0.7950217256621561,0.6544697738308325,0.7516339869281046,0.025923122851788785,0.5294228064542289,0.7470093334533194,0.6544692875645999,0.7516339869281046
1,w512_g013,512,13,3,1619076172,2f95bdf9e55a23159953602f5b74be58299c003fb36c323adaf1c1c0f4d4b454,0x4418644a,0x4418644a,True,-14,-0.18896077445515402,0.18896077445515402,-0.5,0.5,0.1547232360398762,0.12641894888342992,0.4177848738969321,0.2570323342108386,3.835389872452658,3.2332287142635376,False,False,511,466,0.9119373776908023,0.8170650518894813,0.8499719889052283,0.8548790954299106,0.052274405032447506,33.51141593752482,0.0,0.4031803966192817,-0.4686755011890803,0.7850762580757418,0.7320261437908496,0.01725378651705251,0.4028110463590903,-0.511938693926418,0.7850760705505946,0.7320261437908496,0.0,0.5023311493717628,-0.37616774251701607,0.6804384721575387,0.7320261437908496,0.0117504536393705,0.502193698156822,-0.39966895011065556,0.6804384478865215,0.7320261437908496,0.0,0.3937259701011864,-0.47992966886738936,0.7958864339085965,0.7320261437908496,0.01723712835437016,0.39334847265270423,-0.5242117794914656,0.7958862416730601,0.7320261437908496,0.0,0.49729661067100867,-0.3799759950106775,0.6853131298536048,0.7320261437908496,0.013179980609926005,0.49712192377322767,-0.40662208886464374,0.6853130902537228,0.7320261437908496
1,w512_g014,512,14,4,55917543,c00b54e53504e530f3c1a97ddf207b372b73cdadd395080c083726b272d6dead,0x442939b3,0x442939b2,False,-14,0.5068374022257558,0.5068374022257558,-0.5,0.5,0.17709925003386065,0.05812159207543893,0.49971598713895465,0.12640462301554847,4.28858613203557,2.9466240049623647,False,False,511,461,0.9021526418786693,0.3281865511250122,0.8528645188378161,0.7168879099627107,0.046968372974113826,38.79028550463319,0.0,0.42684048097093685,1.187416434994285,0.7585610834927463,0.75,0.017865802773104074,0.42646642222661946,1.1465652955740036,0.7585608873693179,0.75,0.0,0.3368579229860931,1.504602883414086,0.8622720547580638,0.75,0.013292113398293467,0.33659557335162854,1.4662857384398054,0.8622719914679982,0.75,0.0,0.4252371378405708,1.1918935509715014,0.7603309961208051,0.75,0.017853901217908186,0.42486216777931857,1.1509226711422205,0.7603307990993338,0.75,0.0,0.34590943400621055,1.4652315097501964,0.851672699016409,0.75,0.014312258816201812,0.3456132170245736,1.4250761231001614,0.8516726088475741,0.75
1,w512_g015,512,15,0,506925023,75acd6faf41b666cabf883d9572b59a55a06de55d3b3870016655f81ceb2bc0b,0x443c0304,0x443c0304,True,-14,-0.43281076192715773,0.43281076192715773,-0.5,0.5,0.18731814583022405,0.06988667281895364,0.5482574710104998,0.16795060761084707,4.6642015942707165,3.30621831961617,False,False,511,459,0.898238747553816,0.3730907783077005,0.8063376134609158,0.7079914477377675,0.04232798166300593,42.05308087962312,0.0,0.43634614752925716,-0.9918977499351879,0.7481548855088596,0.7516339869281046,0.019551066666017514,0.4359079217631233,-1.0377462900043215,0.7481546165213647,0.7516339869281046,0.0,0.36537754028856645,-1.184557653941548,0.8288279711318634,0.7516339869281046,0.012842596466625828,0.3651517693553167,-1.2204606297830465,0.8288279097526594,0.7516339869281046,0.0,0.4437210919251799,-0.9754117390483167,0.7401873153452991,0.7516339869281046,0.020290149092797655,0.4432569427195314,-1.022208266474131,0.7401870145638767,0.7516339869281046,0.0,0.3919137947655384,-1.104351946034678,0.797970506983404,0.7516339869281046,0.013320345650022413,0.3916873637472729,-1.1389979582416037,0.7979704381180128,0.7516339869281046
1,w512_g016,512,16,1,228574124,2c01e92e1d35c590f7cf282e15044e108507ec3309326fd2ec53f18f55074972,0x441963a1,0x441963a1,True,-14,0.23766670381655786,0.23766670381655786,-0.5,0.5,0.16833361646049327,0.04938456728721059,0.46246939214906035,0.10023865548402214,3.9884008394092296,2.4451767573045844,False,False,511,458,0.8962818003913894,0.29337317361562665,0.8740703120413166,0.8437183710518674,0.050373101927051384,40.67021173478726,0.0,0.4246939026356964,0.5596188274462442,0.7609316052703812,0.738562091503268,0.01426359081091295,0.42445430957067354,0.5263301796408013,0.7609315248417147,0.738562091503268,0.0,0.3149444085906992,0.7546306501520679,0.887619055652356,0.738562091503268,0.006220027814638659,0.31488298105253393,0.7350244056642283,0.8876190534699833,0.738562091503268,0.0,0.41816246303726406,0.5683597281551751,0.7681892827297594,0.738562091503268,0.01401569576987345,0.4179275125730269,0.5351430602636015,0.7681892056023407,0.738562091503268,0.0,0.3120010196997619,0.7617497662195597,0.8909679183863852,0.738562091503268,0.0054843874974267485,0.3119528133988685,0.7442866560150513,0.8909679171709448,0.738562091503268
1,w512_g017,512,17,2,18376962,d9c37a3a5ef2525083bb3a474f6d69bebee89db546822f0b24bca2b78284e93a,0x44239cd7,0x44239cd7,True,-14,0.4302161052737574,0.4302161052737574,-0.5,0.5,0.18036896733296354,0.07542811168301425,0.5165976398268648,0.16243676170339602,4.279081729138858,2.9507175892122226,False,False,511,454,0.8884540117416829,0.41818785569566935,0.8374038444642294,0.8113409616278104,0.04383172637484854,43.701650363124145,0.0,0.43132059898839015,0.9974392743652327,0.7536377637152003,0.7516339869281046,0.02658414477624188,0.4305005718442421,0.9375875129930191,0.7536368209249074,0.7516339869281046,0.0,0.3836364930582496,1.121416009838343,0.8075334730989403,0.7516339869281046,0.01773766242364741,0.38322621796763484,1.076331481279148,0.8075332525882225,0.7516339869281046,0.0,0.4334806336304604,0.9924690329776393,0.7512759396666728,0.7516339869281046,0.026908334551507426,0.43264465935029134,0.932191723637368,0.7512749600733313,0.7516339869281046,0.0,0.39124189807709964,1.0996166499247926,0.7987441337594812,0.7516339869281046,0.019134187661450225,0.3907737269488675,1.0519691813009144,0.7987438399595286,0.7516339869281046
1,w512_g018,512,18,3,660180818,a9f4133d7cf04183064c211e9218f9962be2e46203f03bfce35ef62b8b55ae93,0x4423ecfa,0x4423ecfa,True,-14,0.25522592599054406,0.25522592599054406,-0.5,0.5,0.1663219256870858,0.04467330733469496,0.4644064313558376,0.09012773150422305,4.122396375090837,2.3933198482354827,False,False,511,454,0.8884540117416829,0.2685954190955093,0.8611562551057442,0.8015366177927324,0.045847687133962194,43.88945368756782,0.0,0.41801935423501574,0.6105600695393947,0.7683490433355726,0.7320261437908496,0.01788880798383089,0.4176364101272507,0.5682864622229616,0.7683488384657245,0.7320261437908496,0.0,0.2986125629327671,0.8547059222287591,0.9059500422637243,0.7320261437908496,0.0069850995329741854,0.298530854562456,0.8315416067173557,0.9059500406588947,0.7320261437908496,0.0,0.4151134627380012,0.6148341330756354,0.7715997414383342,0.7320261437908496,0.018173462210285686,0.41471545934245707,0.571602669830808,0.7715995205924517,0.7320261437908496,0.0,0.29447663328794565,0.8667102823774089,0.9104785706049869,0.7320261437908496,0.007804590326031916,0.294373191582464,0.8405022697021001,0.9104785690762446,0.7320261437908496
1,w512_g019,512,19,4,1998017448,9d2f14e5676b4111f6101f760b8a38040f59d75ee1d2befb5ac6d52aca3176b9,0x43ead35a,0x43ead35b,False,-15,-0.6619523443378057,0.6619523443378057,-0.5,0.5,0.2396874832732256,0.1660784226650718,0.7379506725731028,0.34528725179634456,5.727665104758682,4.400057927187853,False,False,511,465,0.9099804305283757,0.6928956839842779,0.7605389492069053,0.8153778467643548,0.062012425587443507,29.341042407138456,0.0,0.49656935841205946,-1.333051129966238,0.6860213423133668,0.75,0.02078436937465812,0.4961341932415686,-1.3761130013065601,0.686021096146795,0.75,0.0,0.5694224967161294,-1.1624977027695562,0.6201011180645792,0.75,0.02246890419199864,0.5689790225578103,-1.2028936417603422,0.6201009031831584,0.75,0.0,0.5167532669064976,-1.2809833758778746,0.6667457084991044,0.75,0.021696274761493134,0.5162975987935755,-1.3241367395408576,0.666745449756617,0.75,0.0,0.5717039593691298,-1.1578585970757738,0.6181967179914003,0.75,0.02365467439836117,0.5712143849181734,-1.2002621727293865,0.6181964577052363,0.75
1,w512_g020,512,20,0,1332489886,fb2f87a6fad36fb22c8ff764c85860e4cffe323ad1a3030a80eaff1fbe05d9c2,0x44215332,0x44215332,True,-14,0.2741111124419149,0.2741111124419149,-0.5,0.5,0.16410516813992504,0.04974139774608328,0.4519223699033504,0.10928931790917094,4.031923874775209,2.743024423090906,False,False,511,474,0.9275929549902152,0.3031068327090774,0.8727888846531734,0.7591346117659105,0.047520286934865624,40.05320005859126,0.0,0.40841562618052524,0.6711572595921049,0.7791394540075989,0.7516339869281046,0.018299602689544413,0.40800545125014615,0.6269806174612449,0.7791392210237091,0.7516339869281046,0.0,0.30825040634586776,0.8892481787496903,0.895209043932724,0.7516339869281046,0.010834644013003377,0.30805993491771055,0.8546274233916148,0.8952090277006977,0.7516339869281046,0.0,0.40285588605116346,0.6804197777244397,0.7854454565679707,0.7516339869281046,0.018421495258259004,0.40243448341129756,0.6353571269943462,0.7854452125998619,0.7516339869281046,0.0,0.3161466747958814,0.8670377843413771,0.8862463824009521,0.7516339869281046,0.010745176721594352,0.3159640187770033,0.8335314151900165,0.8862463624098353,0.7516339869281046
1,w512_g021,512,21,1,373591855,175aad06221df541609dc0427b986f68fdfc608cd3d94b63715c5856496261f5,0x441d3a96,0x441d3a96,True,-14,-0.06576975993630185,0.06576975993630185,-0.5,0.5,0.1647401982073718,0.042668606991775514,0.44947787449370413,0.08064361031258639,3.939227751617188,2.3158985703057664,False,False,511,466,0.9119373776908023,0.25900543677909804,0.869424513417014,0.7934209493455493,0.05040251043851642,40.721599076122835,0.0,0.4201364785410483,-0.15654379777897814,0.765988772325495,0.738562091503268,0.01411052708187322,0.41989945656828903,-0.19023670016392125,0.765988693746748,0.738562091503268,0.0,0.2927470371671716,-0.2246641351958223,0.9123560896769198,0.738562091503268,0.00578163848655365,0.29268993905935364,-0.24446142102734125,0.912356089346283,0.738562091503268,0.0,0.41224719276117205,-0.15953961868311464,0.7748183833696687,0.738562091503268,0.013817431612004997,0.4120155658747791,-0.19316549698633279,0.7748183087554039,0.738562091503268,0.0,0.27984875439091944,-0.23501894828671768,0.9260106769291001,0.738562091503268,0.004919211518055108,0.2798055158358923,-0.2526360899040192,0.9260106773722689,0.738562091503268
1,w512_g022,512,22,2,1705353536,04eeab1a54d18d5993e4c4e0705383cf725b4a6a2169bf7c69ffb291be6d8e37,0x44300c93,0x44300c93,True,-14,-0.14997175060352674,0.14997175060352674,-0.5,0.5,0.17968498266924665,0.05590409009387356,0.5180991569842148,0.12602009281019172,4.449078143205051,2.945944340530337,False,False,511,472,0.923679060665362,0.3111227731077474,0.8405914864053782,0.6754499823404652,0.04462951039512567,41.800840771741164,0.0,0.4305020078054502,-0.34836481104473976,0.7545348636963514,0.7516339869281046,0.02653369147869275,0.4296835369676588,-0.41078009022138684,0.7545339244518205,0.7516339869281046,0.0,0.3302745322743037,-0.45408209216377105,0.8699467878614999,0.7516339869281046,0.015270440290778446,0.3299213244431707,-0.5008533206308959,0.8699466845228513,0.7516339869281046,0.0,0.4341101432253766,-0.3454693536742956,0.7505890979180303,0.7516339869281046,0.026947411394783034,0.43327295492596507,-0.4083318840626473,0.7505881155817999,0.7516339869281046,0.0,0.3446062051333185,-0.43519747575499074,0.8532010660588574,0.7516339869281046,0.016853409184263125,0.34419383959515404,-0.48468374676319637,0.853200893893775,0.7516339869281046
1,w512_g023,512,23,3,1260218112,e7b507d959f61c077e1cc8eb68980e43678311e93845546df17a192b4af4df54,0x442ea9f0,0x442ea9f0,True,-14,0.4672085463807889,0.4672085463807889,-0.5,0.5,0.1724950745363345,0.1126980630939722,0.489268556582762,0.19278550926370935,4.337464154641574,3.0038057192523464,False,False,511,460,0.9001956947162426,0.6533407600008508,0.8529832927819277,0.8896374428641731,0.04469852229323872,45.49101024580066,0.0,0.4257062114757503,1.0974905551910246,0.7598127620808408,0.7320261437908496,0.018217760965996664,0.4253162255010053,1.0556634299241683,0.7598125489421105,0.7320261437908496,0.0,0.47428812150494304,0.9850732607392945,0.7082139116089747,0.7320261437908496,0.011094475408140464,0.47415834361118836,0.9619446269760544,0.708213888861349,0.7320261437908496,0.0,0.4260802057301961,1.096527226793155,0.7593998257754735,0.7320261437908496,0.018653580797681053,0.4256716876167718,1.053758045536112,0.7593995918815473,0.7320261437908496,0.0,0.4306840741394347,1.0848057182386766,0.7543352396060881,0.7320261437908496,0.011414531336745757,0.43053278643060916,1.058674343533429,0.7543352075192014,0.7320261437908496
1,w512_g024,512,24,4,1838788780,571c020389833d0bf6f8760b02c8251632b0fadfaf61e5705654fd7e12515732,0x43f168b0,0x43f168b0,True,-15,0.39313275714721385,0.39313275714721385,-0.5,0.5,0.2711111832425306,0.23153734576302037,0.7923067006722029,0.5531995965933558,5.623725897394262,4.491529604640172,False,False,511,460,0.9001956947162426,0.8540309661659798,0.8452866603501885,0.8885355664275062,0.06507796362147818,37.58855263738364,0.0,0.5281179828081117,0.7444032771935662,0.6562379641784843,0.75,0.0221048662027483,0.5276551702158025,0.7031635656914365,0.6562377041513835,0.75,0.0,0.6723393666756535,0.5847236925766195,0.5429251017963441,0.75,0.026529912150406947,0.6718157394279406,0.545689574508888,0.5429248789617633,0.75,0.0,0.5354466785020893,0.734214578092074,0.6495928260403603,0.75,0.022481131713894414,0.5349745267167235,0.692839765115741,0.6495925601376444,0.75,0.0,0.723638817378449,0.5432720684766874,0.5104045646820201,0.75,0.0299410915852171,0.723019134637228,0.5023264920149406,0.5104042966489106,0.75
1,w512_g025,512,25,0,333073753,173a4849c1d321512f83c8c8f5476bc5f608a3ad491d9de4da2e264f56c48a57,0x440207d8,0x440207d8,True,-14,-0.0804491183207574,0.0804491183207574,-0.5,0.5,0.14368805697853582,0.028661713963691677,0.3735130066227713,0.0622143757454221,3.4792766786313285,2.175980804354371,False,False,511,464,0.9080234833659491,0.19947179025444806,0.8880638332086864,0.7041550861973348,0.05846532345428702,33.70961319814282,0.0,0.382165568922725,-0.21050854619774617,0.8092397681648138,0.7516339869281046,0.01712343413084385,0.38178175712518897,-0.2555715421981426,0.8092395761715208,0.7516339869281046,0.0,0.23398916309839102,-0.34381557357393105,0.9673898954422007,0.7516339869281046,0.008224447503978573,0.23384457853612883,-0.37919872412622974,0.9673899301461144,0.7516339869281046,0.0,0.36624411809550683,-0.2196598234508121,0.8278128301054617,0.7516339869281046,0.016747339479122762,0.36586101276294336,-0.26566497770796316,0.8278126525395628,0.7516339869281046,0.0,0.2385311678356106,-0.3372687898639763,0.9639321886110037,0.7516339869281046,0.008107184912372542,0.2383933547350195,-0.3714713580483928,0.963932217485574,0.7516339869281046
1,w512_g026,512,26,1,883018079,59595640afac114c0e9e71b2d0c5e5310061bdfa8394e171b379858ef340fbb3,0x4444ffc8,0x4444ffc9,False,-14,-0.7409808624297511,0.7409808624297511,-0.5,0.5,0.19773609172272616,0.1589059439560044,0.5800102723881416,0.3497906732968378,4.717250478800006,3.6747893128631466,False,False,511,470,0.9197651663405088,0.8036264020977465,0.8428742836708519,0.9013455576357918,0.039204416722146744,45.34111257316933,0.0,0.46029215380109245,-1.609805547000381,0.722638947398216,0.738562091503268,0.015459178703877995,0.4600324778150452,-1.6443187766359266,0.7226388546116262,0.738562091503268,0.0,0.5649478332260842,-1.311591652982269,0.6238635765246012,0.738562091503268,0.01115749681732835,0.564837644400246,-1.3316009772077293,0.6238635631052409,0.738562091503268,0.0,0.46829701589092004,-1.5822882429008411,0.7143434440651677,0.738562091503268,0.015696072901889877,0.4680338966226689,-1.6167139619412596,0.7143433497453994,0.738562091503268,0.0,0.5828308208069365,-1.2713481099092425,0.6090423089933306,0.738562091503268,0.010245062884167785,0.5827407694412559,-1.289125396244732,0.6090423004569063,0.738562091503268
1,w512_g027,512,27,2,1968366944,0e84f2eb7fc91cc325e31f23d8ace0fef2fc20d64cb1336b9b1e48030c5b2027,0x441a4f75,0x441a4f75,True,-14,-0.08528492803088739,0.08528492803088739,-0.5,0.5,0.14260890542131793,0.10346422254349316,0.37297639391826576,0.1626381612196882,3.6814801725977366,2.6040133543083406,False,False,511,461,0.9021526418786693,0.7255102494323385,0.8673926519611,0.9124027547491926,0.048115692470195856,39.700680189678216,0.0,0.3835240594109549,-0.22237178069577798,0.8076638293008529,0.7516339869281046,0.02363823834165466,0.3827949030945433,-0.2845470655225522,0.8076631334426295,0.7516339869281046,0.0,0.44931238929008094,-0.18981209969669124,0.7342106105315196,0.7516339869281046,0.02077422671773776,0.44883187796082546,-0.23630040546692654,0.7342102893984918,0.7516339869281046,0.0,0.36832751547558784,-0.2315464483308197,0.8253736390135491,0.7516339869281046,0.022863951101888862,0.36761719001759136,-0.29418885207082146,0.8253730218339628,0.7516339869281046,0.0,0.3914843663437276,-0.21785015025608018,0.7984648974783748,0.7516339869281046,0.01914604588353331,0.3910159050711052,-0.2670760257064996,0.7984646031267933,0.7516339869281046
1,w512_g028,512,28,3,403072066,b2ed7e1694858fc4dda265c1252a644b8285a9454df2315f1858da2130b5f02b,0x43fed51b,0x43fed51c,False,-15,-0.6960828318788117,0.6960828318788117,-0.5,0.5,0.30861391052322346,0.1755554936077771,0.9367756024087028,0.37015720330657553,6.011603268431839,4.225869074826741,False,False,511,466,0.9119373776908023,0.5688515249041777,0.8438267290841063,0.8603642276448563,0.062254068327679685,31.86691061013798,0.0,0.5694156332806417,-1.2224512134807175,0.620106861328255,0.7320261437908496,0.02436769212609729,0.568893996281242,-1.266405567143202,0.6201065639837946,0.7320261437908496,0.0,0.5919584632295356,-1.1758980994734105,0.6016958712344511,0.7320261437908496,0.013847002096746075,0.5917964875884328,-1.1996181945393383,0.6016958443073983,0.7320261437908496,0.0,0.5895701558760796,-1.1806615802057656,0.6036040705075776,0.7320261437908496,0.02581109000285218,0.5890048865099587,-1.2256161848828029,0.6036037401462941,0.7320261437908496,0.0,0.5967806344132576,-1.1663964809501335,0.5978731360479925,0.7320261437908496,0.015816631405013958,0.5965710014589111,-1.1933189202004113,0.5978730915499133,0.7320261437908496
1,w512_g029,512,29,4,62395698,84bcf66a78907516a6398198db87630777444d3e3d555ae5ce3f60c082b5f8d4,0x4428e386,0x4428e385,False,-14,0.7892956342661819,0.7892956342661819,-0.5,0.5,0.16990540433698118,0.06896815052163423,0.4792959196283506,0.14569180316501054,4.259696521978193,3.02363391564723,False,False,511,474,0.9275929549902152,0.40592087574122443,0.8659843236937081,0.8306974485084266,0.04727504808455477,40.114548182019014,0.0,0.418081389828114,1.8878994699828313,0.7682797856009547,0.75,0.017499182919070193,0.41771500705357995,1.8476627325197201,0.7682795980603905,0.75,0.0,0.36694612467385507,2.1509850661802594,0.8269907127154918,0.75,0.014479367019164862,0.3666603419295366,2.113171725007332,0.8269906134736111,0.75,0.0,0.41645821211611667,1.8952577024609396,0.7700938510471316,0.75,0.017485311415334263,0.416090983228021,1.8549075898332785,0.770093662841965,0.75,0.0,0.3713628764660021,2.125402629841061,0.8218238652390211,0.75,0.015365413834348257,0.37104486261745,2.085813060373137,0.8218237393942998,0.75
1,w512_g030,512,30,0,1175410468,a2e72eed536a18ecab7564613495d429c0d0d87ef6238026d13c0635ae13861c,0x4410dbe8,0x4410dbe8,True,-14,0.3511073037261667,0.3511073037261667,-0.5,0.5,0.14809006802993085,0.11521373005297696,0.3891026353117809,0.21085546840574618,3.6019228592867933,2.7637315474803517,False,False,511,476,0.9315068493150684,0.7779976846907168,0.8616659332000325,0.9041167803417988,0.05488042390871605,34.21373726144123,0.0,0.38797539784706864,0.9049731134358305,0.8025120336962126,0.7516339869281046,0.01738375120539848,0.38758575119400357,0.8610315304231219,0.802511832018296,0.7516339869281046,0.0,0.46913386473222496,0.7484160281768911,0.7134831700884499,0.7516339869281046,0.01648951084630509,0.4688439815873113,0.7137081972279661,0.7134830557325261,0.7516339869281046,0.0,0.37380910886287855,0.9392689889078135,0.8189669719644412,0.7516339869281046,0.017093265767840836,0.37341809026110306,0.8944773878651008,0.8189667794616609,0.7516339869281046,0.0,0.4391290769574688,0.7995537579948793,0.7451372246952506,0.7516339869281046,0.014925096202720138,0.4388753669697789,0.7660083769217245,0.7451371346288642,0.7516339869281046
1,w512_g031,512,31,1,823133292,306ae2c3c630761a6ff875f7322a016bd94d669e42bb7311d36b9f466b66ed44,0x44181c3d,0x44181c3d,True,-14,0.10134128378695095,0.10134128378695095,-0.5,0.5,0.16494476074824688,0.02571252198714419,0.45210103311099936,0.06187905703359184,3.9637811855318494,2.3931557307005327,False,False,511,459,0.898238747553816,0.1558856545094445,0.8683462634213375,0.5570405218837683,0.05042660887916061,38.79521815936707,0.0,0.42039724526108,0.24106077032929843,0.7656985343269687,0.738562091503268,0.014119285083267995,0.4201600761755477,0.2075923050509935,0.7656984556406474,0.738562091503268,0.0,0.2272535175003088,0.4459393407928801,0.9722062964329057,0.738562091503268,0.004488167312293531,0.2272091934109182,0.4262728766414577,0.9722063000765603,0.738562091503268,0.0,0.41344838271227935,0.24511229944143917,0.7734680597388466,0.738562091503268,0.013857692310668066,0.4132160809204093,0.21171390832955833,0.7734679846054083,0.738562091503268,0.0,0.2451377753338288,0.4134054151749738,0.9586167275654698,0.738562091503268,0.0043090581930841166,0.24509989986351963,0.3958884750581205,0.9586167294433097,0.738562091503268
1,w512_g032,512,32,2,1639697150,e74ce77c1fce5893bffce3086a03326fedec9be75084fb0e18a291f10d9ad102,0x44292584,0x44292584,True,-14,0.4268414069770188,0.4268414069770188,-0.5,0.5,0.18165948924607372,0.138853060932194,0.5245297769880218,0.286485845748267,4.398204620761143,3.1656757535593036,False,False,511,462,0.9041095890410958,0.7643589746314068,0.8314548680805078,0.8908548060533715,0.04637596311358737,41.23117734121671,0.0,0.43286087662930184,0.9860937544202266,0.7519527933313759,0.7516339869281046,0.026679078716094606,0.4320379211077982,0.9262203818471743,0.7519518439307183,0.7516339869281046,0.0,0.5205123323364159,0.8200409105795095,0.6632426643625855,0.7516339869281046,0.024066198616112547,0.519955677148029,0.7746337352640117,0.663242281436403,0.7516339869281046,0.0,0.43679591137154056,0.9772101703899548,0.7476662831515035,0.7516339869281046,0.027114130602512096,0.435953543525643,0.9169033772310524,0.7476652892657518,0.7516339869281046,0.0,0.5195828175645523,0.8215079339570127,0.664106342911396,0.7516339869281046,0.025410865211031232,0.5189610700597354,0.7735272738661892,0.6641058641414934,0.7516339869281046
1,w512_g033,512,33,3,1345117256,b30d0960f800698769c7593db8cae0c54cbd52632cc3c79d6977d0e04396e3e9,0x441b9000,0x441b9000,True,-14,-0.1146957155842756,0.1146957155842756,-0.5,0.5,0.16557367448017674,0.12671287129136555,0.4528026251265083,0.23117144521342303,3.9657651594570846,2.8132523543863552,False,False,511,461,0.9021526418786693,0.7652960030583619,0.8886401605122463,0.9376719425247761,0.05121949055093818,46.11606236744424,0.0,0.41707799888706937,-0.274998239874387,0.7694007069877813,0.7320261437908496,0.017848523425488413,0.416695917147231,-0.31808384377073756,0.7694005031637134,0.7320261437908496,0.0,0.502914767029358,-0.22806193634314215,0.6798765617510472,0.7320261437908496,0.01176410553461384,0.5027771561210432,-0.2515226071417699,0.6798765374525433,0.7320261437908496,0.0,0.40989457808844193,-0.27981759631748043,0.7774690982413606,0.7320261437908496,0.017944982019994993,0.4095015784665595,-0.3239076589178575,0.7774688839860788,0.7320261437908496,0.0,0.47161619842302505,-0.24319715049608437,0.7109391517658639,0.7320261437908496,0.01249936600644694,0.4714505323620104,-0.2697951807445492,0.7109391145508068,0.7320261437908496
1,w512_g034,512,34,4,437961686,925e5af4fdafe1ca6fc3d39d1e2e7826099f2f8f8d14fb2562ba18e8f0cfdcda,0x440d7bf3,0x440d7bf3,True,-14,-0.13682985953073512,0.13682985953073512,-0.5,0.5,0.14855629225919142,0.11398231832141872,0.39444162879938727,0.2069814192205922,3.624684409548087,2.8484343518962354,False,False,511,468,0.9158512720156555,0.7672668494078309,0.8852564550898712,0.9138844357677223,0.051737335883161296,36.2483839681386,0.0,0.3909333898217508,-0.3500081167104293,0.7990995160933139,0.75,0.016362878291414838,0.39059079801186475,-0.3922077493937697,0.7990993588728309,0.75,0.0,0.47173354330784933,-0.2900575154594023,0.7108191802727997,0.75,0.018614185161040672,0.47136615066481924,-0.32977345630893534,0.7108189972442817,0.75,0.0,0.37779911497000174,-0.36217623098878826,0.814315775931747,0.75,0.01586218013116353,0.37746597530585874,-0.40451868420239223,0.8143156336981857,0.75,0.0,0.4426358730737883,-0.30912510226645207,0.7413537773286163,0.75,0.01831438681332343,0.442256825122515,-0.3508012483494859,0.7413535766168834,0.75
1,w512_g035,512,35,0,700291659,df84094d00e8a402581296c4fd09598f6099a137677e6b3fbf8c9d621d8663cd,0x4419eaf8,0x4419eaf8,True,-14,0.3825552608786893,0.3825552608786893,-0.5,0.5,0.16542977250358482,0.1289683961889179,0.4549554368279283,0.25947534771580705,4.077890939002381,3.141899282632499,False,False,511,467,0.913894324853229,0.7795960439111599,0.8658004209221949,0.8985567014178669,0.04640961742494848,39.97287547826652,0.0,0.410060613470464,0.9329236905759156,0.7772817663954696,0.7516339869281046,0.01837330852229314,0.4096487864667952,0.8890102067613853,0.7772815310779763,0.7516339869281046,0.0,0.49634804414180345,0.7707399382224537,0.6862370656187946,0.7516339869281046,0.017446057666483328,0.4960413450462485,0.7360459100000322,0.6862369433073765,0.7516339869281046,0.0,0.4042055045096937,0.9464375339042786,0.7839108883891375,0.7516339869281046,0.01848320961045074,0.40378269011738505,0.9016534392853689,0.7839106422588628,0.7516339869281046,0.0,0.48713329248115805,0.785319473711574,0.695303101140972,0.7516339869281046,0.0165566609804189,0.4868518477121279,0.751765863923932,0.6953029963694536,0.7516339869281046
1,w512_g036,512,36,1,394097958,833aa9193a00ade42453bf6d625b215a908db62793ea76081d29b4e62ba4757d,0x444a0221,0x444a0222,False,-14,-0.6802822842068963,0.6802822842068963,-0.5,0.5,0.19943588216834318,0.06004636716521184,0.5898397217971698,0.12450504323712455,4.95341792959699,3.25418007572535,False,False,511,467,0.913894324853229,0.30108106180475036,0.8356904728206526,0.7426986222824115,0.038765742239533364,44.39948047094266,0.0,0.462266315316906,-1.4716241734821838,0.7205819595339937,0.738562091503268,0.015525482062323832,0.4620055255983434,-1.5060594034412889,0.7205818661640215,0.738562091503268,0.0,0.34728149691219873,-1.9588785761853829,0.8500630519884922,0.738562091503268,0.006858672551035778,0.34721376226816697,-1.9790141734855136,0.8500630471997835,0.738562091503268,0.0,0.4722484658434073,-1.4405177219410403,0.7102930411652006,0.738562091503268,0.01582851501537295,0.4719831263973956,-1.4748637404383922,0.7102929457761191,0.738562091503268,0.0,0.34772175967756,-1.956398371035846,0.8495464506989401,0.738562091503268,0.006112290508518149,0.3476680342769497,-1.9742815186990639,0.849546447672525,0.738562091503268
1,w512_g037,512,37,2,1212789337,f516102ef04d608c191907c22ea5521651070466e9d71bcc99425779eca1e958,0x44398eb8,0x44398eb8,True,-14,0.12558266919040761,0.12558266919040761,-0.5,0.5,0.1948144066029277,0.15480647546065168,0.5729025279169097,0.3158603959590071,4.7114834409530975,3.6368341534762356,False,False,511,462,0.9041095890410958,0.7946356645798762,0.8555151006176254,0.8999811942755548,0.041149151139673275,38.84407851168737,0.0,0.448259833248746,0.2801559717725588,0.7353314441591627,0.7516339869281046,0.027628182684545206,0.4474076012158745,0.21893791307894947,0.7353304329736249,0.7516339869281046,0.0,0.5496014326055242,0.22849771077751982,0.6370457239966172,0.7516339869281046,0.02541115054356834,0.5490136684547087,0.18245723996050747,0.637045326218111,0.7516339869281046,0.0,0.45649272422600956,0.27510333139117377,0.7266181487414909,0.7516339869281046,0.028336811360929352,0.4556123707639848,0.21343989774995226,0.7266170774736787,0.7516339869281046,0.0,0.5455703797416392,0.2301860105562891,0.6405806352653709,0.7516339869281046,0.026681820326022516,0.5449175347844171,0.18149691017653294,0.6405801394075676,0.7516339869281046
1,w512_g038,512,38,3,1745026870,619d614b9c615fe8fcd102019e6efd33763a2c493b39d1e153428a6eb8796e58,0x4436a7e4,0x4436a7e4,True,-14,-0.40242435192658377,0.40242435192658377,-0.5,0.5,0.17467184109834127,0.11520553834807,0.5010167601301972,0.20028091556233726,4.468511217037311,3.216749976116267,False,False,511,467,0.913894324853229,0.6595541537986571,0.842353385305125,0.8702742776458394,0.041927886590771186,37.73085802357823,0.0,0.42838384703032634,-0.939401321306345,0.756861316352134,0.7320261437908496,0.018332348263932062,0.4279914080955737,-0.9830961375200263,0.756861100444884,0.7320261437908496,0.0,0.4795354307241658,-0.8391962848685998,0.7029015411221904,0.7320261437908496,0.011217219665168983,0.4794042170265032,-0.8628242241116647,0.7029015180578376,0.7320261437908496,0.0,0.4311653308269132,-0.9333411644085382,0.7538078375675523,0.7320261437908496,0.018876205060864952,0.43075193718610444,-0.9780584151045332,0.75380759798365,0.7320261437908496,0.0,0.43897663312457286,-0.9167329683636799,0.7453021806943954,0.7320261437908496,0.011634311170924226,0.43882243246325037,-0.9435676767326241,0.7453021474229964,0.7320261437908496
1,w512_g039,512,39,4,96316434,74840008f57dc4d587c098379f4837aa2ad2d6180a403a7afbaaf2138e9da8e8,0x442c8388,0x442c8389,False,-14,-0.5340000639776008,0.5340000639776008,-0.5,0.5,0.17247790491897536,0.1392383605300633,0.4889705631023389,0.2982543843956085,4.350748266542731,3.3396611995804104,False,False,511,456,0.8923679060665362,0.8072823043361586,0.8530682045087815,0.888389637710211,0.046055503290713416,40.89537537278561,0.0,0.42123453884250467,-1.2677024667658081,0.7647673251247964,0.75,0.017631160884883486,0.4208653928273373,-1.3107070200205186,0.7647671344288867,0.75,0.0,0.5213837195695089,-1.024197810431267,0.6624345037188455,0.75,0.020573336862936317,0.5209776586788155,-1.064485955591492,0.6624343004028267,0.75,0.0,0.42064034190565425,-1.2694932244453436,0.7654280583420012,0.75,0.01766090128154879,0.42026942525531064,-1.3126364472600391,0.7654278658643239,0.75,0.0,0.5313422446947215,-1.0050020853967792,0.6533018416237879,0.75,0.02198467858473022,0.5308872336991646,-1.0472746513196216,0.6533015922166492,0.75
1,w512_g040,512,40,0,1024074175,ecbb98acf3be997efd26d3b5e2cebbf9688e0a807fbe81ba69e5c7037a0df8ab,0x4427078c,0x4427078c,True,-14,-0.23131651632093053,0.23131651632093053,-0.5,0.5,0.17024445612442177,0.06905881391184665,0.47806502475666346,0.14434390495984611,4.254545480160239,2.890147939468084,False,False,511,466,0.9119373776908023,0.4056450088534782,0.8642596652846889,0.829606873060393,0.04374825878434176,46.36258872467864,0.0,0.4159850376651104,-0.5560693183083963,0.7706234180948122,0.7516339869281046,0.018638760189606265,0.415567260717008,-0.6014797125242037,0.7706231745983205,0.7516339869281046,0.0,0.3632070107611649,-0.636872388107723,0.8313719092675553,0.7516339869281046,0.012766304872957266,0.3629825810227698,-0.6724367337576911,0.8313718494291324,0.7516339869281046,0.0,0.4143442150734747,-0.5582713789787356,0.7724623756546507,0.7516339869281046,0.018946825049724305,0.41391079520276947,-0.604631104748196,0.7724621139229995,0.7516339869281046,0.0,0.3633280982456171,-0.6366601356676683,0.831229945323738,0.7516339869281046,0.012348776485125347,0.36311818281944686,-0.671035779354551,0.8312298929316528,0.7516339869281046
1,w512_g041,512,41,1,1411287451,a55c1aa4dccb29be637adf7476bb0c302e13b2877604ce90bdd1db7dcd71c6d0,0x442166e0,0x442166e0,True,-14,-0.1273807237434994,0.1273807237434994,-0.5,0.5,0.17051193310867385,0.13476513479982766,0.477314492122072,0.28895325194082866,4.122240229476127,3.1975087925884567,False,False,511,467,0.913894324853229,0.7903560316446393,0.862903926922766,0.8888921221694193,0.04809278143481516,36.29470548073098,0.0,0.4274329400356663,-0.29801335323587924,0.7579081271194066,0.738562091503268,0.01435558296913913,0.4271918017297963,-0.3317861113877096,0.7579080456094647,0.738562091503268,0.0,0.5202679238157537,-0.24483678103632173,0.663469600881045,0.738562091503268,0.01027508623404042,0.5201664494702036,-0.26463800215824007,0.6634695881568164,0.738562091503268,0.0,0.4248208836630525,-0.29984572002475207,0.7607911707853998,0.738562091503268,0.01423886835480866,0.42458219207148945,-0.333550475603703,0.7607910909583171,0.738562091503268,0.0,0.5297270987025139,-0.24046480547342047,0.6547701709403095,0.738562091503268,0.009311599942743486,0.5296452522267043,-0.2580827886430943,0.6547701628434458,0.738562091503268
1,w512_g042,512,42,2,742537945,a99461f7a7850ed595e95e1c9c6cb3f0b76325bc289c90634c92144a1ea0dd1e,0x44321e6f,0x44321e6f,True,-14,-0.08369451243197545,0.08369451243197545,-0.5,0.5,0.17295031441676828,0.06514350847440231,0.4933986520300094,0.12872070517363213,4.376536052377568,2.9973786784466996,False,False,511,458,0.8962818003913894,0.3766602488933456,0.8507380698488124,0.7595410168322322,0.04230249160572981,40.99739495115904,0.0,0.4223572642913189,-0.19816046628772452,0.7635203856383606,0.7516339869281046,0.026031695883646174,0.42155427824785313,-0.26028963285982365,0.7635194829235165,0.7516339869281046,0.0,0.3565240793337898,-0.23475135981942424,0.8392130658692614,0.7516339869281046,0.016484103779366627,0.3561427992637189,-0.2812877767526087,0.839212901263411,0.7516339869281046,0.0,0.4236356207965736,-0.1975625002321627,0.7621030111732887,0.7516339869281046,0.026297204829795456,0.4228186327798695,-0.2601392387526013,0.7621020762777847,0.7516339869281046,0.0,0.3482790898622404,-0.2403087491272597,0.8488924202847317,0.7516339869281046,0.017033036330556684,0.34786232924625865,-0.28956153137014473,0.8488922374929754,0.7516339869281046
1,w512_g043,512,43,3,1417861571,3035d49bb00bb669910d3975391d133193869d628cf107490b7e267b2e239bc3,0x44492666,0x44492666,True,-14,0.24703286134808877,0.24703286134808877,-0.5,0.5,0.18982181429115536,0.07476984307836572,0.5574368970120476,0.15419597590421286,4.7305969652952715,3.1183291417655763,False,False,511,457,0.8943248532289628,0.3938948922049661,0.7957023655615981,0.8184839521801,0.03955675082694958,41.52676679232768,0.0,0.4465752990168013,0.5531717985566299,0.7371293912973076,0.7320261437908496,0.01911083707847191,0.4461661950418314,0.5108455701092447,0.7371291580571413,0.7320261437908496,0.0,0.38632005703136146,0.6394512965399429,0.8044256259326503,0.7320261437908496,0.009036739859320285,0.3862143495488345,0.6162280654946906,0.8044256111579119,0.7320261437908496,0.0,0.45479487433969323,0.5431742424686523,0.7284049457597028,0.7320261437908496,0.01991069479589637,0.45435882511337006,0.49987400705933616,0.7284046825794012,0.7320261437908496,0.0,0.38517504250277873,0.6413522011782646,0.8057508411136856,0.7320261437908496,0.0102083937084633,0.38503974089035325,0.6150649984648346,0.8057508169973752,0.7320261437908496
1,w512_g044,512,44,4,1754959403,8cdf690ad330164f56765c7a43f88c1cf28d5b350db1b9589758cc0f20210ece,0x44212549,0x44212549,True,-14,-0.09123958616055461,0.09123958616055461,-0.5,0.5,0.16576695330669464,0.043568762298531225,0.45900822799894914,0.09588252071726613,4.011479303120274,2.661133589713705,False,False,511,477,0.9334637964774951,0.2628314113846458,0.8640393263527649,0.6873712973865284,0.0478814402073961,34.019595391838436,0.0,0.41295831705596114,-0.22094139382157177,0.774018716381371,0.75,0.017284751973974867,0.41259642385131007,-0.2630278205553208,0.7740185341271792,0.75,0.0,0.29165244852737626,-0.3128366883982814,0.9135390743983147,0.75,0.01150834566796245,0.29142530554500673,-0.3525703838119474,0.913539070676692,0.75,0.0,0.4075489698864576,-0.22387392166878445,0.7801196849701562,0.75,0.017111250176227756,0.4071895970833726,-0.26609431358973884,0.7801195063147871,0.75,0.0,0.3012663663247794,-0.30285354211161436,0.9030173047935273,0.75,0.012465118853565276,0.3010083791034773,-0.3445243129875446,0.903017284946265,0.75
1,w512_g045,512,45,0,1407703221,188d50764a040322e9ffd76f8e6a3fccbb6ef6cbb45a85325fd91dcc0f81cfe3,0x44230ee6,0x44230ee6,True,-14,-0.2967971549219328,0.2967971549219328,-0.5,0.5,0.16218298132298947,0.14763999853719606,0.44201963004665656,0.33409384536049136,4.093714781804018,3.34494750073373,False,False,511,465,0.9099804305283757,0.9103297851157953,0.8590476974227235,0.9172085343291989,0.044915105008442174,41.01390175594816,0.0,0.40601666593558844,-0.7309974683872151,0.7818553152960666,0.7516339869281046,0.018192114100626045,0.4056089002992921,-0.7765837208950136,0.781855085764531,0.7516339869281046,0.0,0.5310637788678919,-0.5588729013954545,0.6535546404222914,0.7516339869281046,0.018666275449375703,0.5307356285254394,-0.5943890204766753,0.6535545106375489,0.7516339869281046,0.0,0.3984176524476963,-0.7449397713644125,0.7905083435133655,0.7516339869281046,0.0182185470027855,0.3980008923696536,-0.7914949638659086,0.7905081067983668,0.7516339869281046,0.0,0.5527566780610769,-0.536939971422902,0.6342999500328854,0.7516339869281046,0.018787065192580298,0.5524373189082782,-0.5712579677603387,0.6342998335964133,0.7516339869281046
1,w512_g046,512,46,1,1004033705,2a6237f22600e5cc54af0046c3bd93b98e0a4889f8d931c11f7eea53436c09e3,0x44159f24,0x44159f24,True,-14,-0.3093303797268163,0.3093303797268163,-0.5,0.5,0.1621442582385297,0.1350435945190399,0.44101251557730226,0.2947453444056236,3.9103879954909706,3.1605478166102383,False,False,511,463,0.9060665362035225,0.8328607869689587,0.8833440556122738,0.9159850721333279,0.051611693454573046,39.049861041648,0.0,0.4168131250716372,-0.7421320518005571,0.7696968602499588,0.738562091503268,0.013998910329870141,0.4165779779843871,-0.7761555030371877,0.7696967830606969,0.738562091503268,0.0,0.520805150676298,-0.5939464679355255,0.6629709298006272,0.738562091503268,0.010285696252584037,0.5207035715486893,-0.6138157935594534,0.6629709170657387,0.738562091503268,0.0,0.40834665745184745,-0.7575190688644067,0.7792174230056153,0.738562091503268,0.013686696022210388,0.40811722213610635,-0.7914811192194705,0.7792173501085439,0.738562091503268,0.0,0.5350099684951456,-0.5781768526610603,0.6499859432134789,0.738562091503268,0.00940446279642622,0.5349273057796614,-0.5958470227252348,0.6499859350589194,0.738562091503268
1,w512_g047,512,47,2,27487693,9b14ccb80aea359fcfe24792d0b1061906440e6f6db8ddec1e6764d3b7bd88f3,0x441997a6,0x441997a6,True,-14,-0.11824173096692903,0.11824173096692903,-0.5,0.5,0.1527059945842223,0.13842565479265814,0.41418957015340646,0.30546892054764363,3.797338321735886,3.2559921944521246,False,False,511,480,0.9393346379647749,0.9064847465193119,0.8612000925355581,0.8936054292244343,0.05192894799632333,32.69132719109383,0.0,0.39686914286693953,-0.2979363175296613,0.7922805309105443,0.7516339869281046,0.024460753267853384,0.39611461486482474,-0.36025553938089366,0.7922797577314233,0.7516339869281046,0.0,0.5197106156640926,-0.2275145579157322,0.6639874981119751,0.7516339869281046,0.024029130766858375,0.5191548178612421,-0.27404322725906605,0.6639871156677768,0.7516339869281046,0.0,0.38814417232490506,-0.30463353412904537,0.8023170822880163,0.7516339869281046,0.024094071182982096,0.38739563012973577,-0.3674171598224894,0.8023163379908977,0.7516339869281046,0.0,0.5365209820257759,-0.220386033218079,0.648627298709711,0.7516339869281046,0.026239247904792963,0.535878965833978,-0.26961494681335185,0.6486268082362235,0.7516339869281046
1,w512_g048,512,48,3,508331713,c1fe7f1427ed43aaef1c15efe0df929ab55c4d30c17bcb97dd47b432de766d53,0x442970d7,0x442970d7,True,-14,-0.32720640429806735,0.32720640429806735,-0.5,0.5,0.14951528710476997,0.09866461258697908,0.4076994821309644,0.13633895781371191,3.9808395505060683,2.6027774604826894,False,False,511,461,0.9021526418786693,0.6598964861555712,0.8534523067012573,0.9072982381373129,0.04658177354942395,38.80927261142914,0.0,0.3963368352812175,-0.8255765681378083,0.7928903920360106,0.7320261437908496,0.016960921716746225,0.39597375435153437,-0.8691670148150059,0.7928902131378773,0.7320261437908496,0.0,0.4437769381254854,-0.7373217853099527,0.7401273445457677,0.7320261437908496,0.010380762459558577,0.44365550890616595,-0.7609218413402511,0.7401273239632209,0.7320261437908496,0.0,0.3889446352358634,-0.8412673029919623,0.8013928624813254,0.7320261437908496,0.017027803877354798,0.38857172204610196,-0.8858961901879742,0.8013926772271438,0.7320261437908496,0.0,0.36218595423297495,-0.9034210202629583,0.8325691958964407,0.7320261437908496,0.009599107960010168,0.3620587280677303,-0.9302510508601006,0.8325691767881718,0.7320261437908496
1,w512_g049,512,49,4,2052839288,807b1918e46defc0c18359fcc9bfbdbee765f20496d62373c1a0efb8c2f4011d,0x44384c56,0x44384c55,False,-14,0.7294081701093091,0.7294081701093091,-0.5,0.5,0.17638117076223458,0.12874719998018525,0.5066083467170428,0.2532619420368942,4.568769248994622,3.256143184833496,False,False,511,467,0.913894324853229,0.7299373250772845,0.8341900443840925,0.9001004812881518,0.04320171624248953,40.13085879181897,0.0,0.42597425305728426,1.7123292426108665,0.7595167878505538,0.75,0.01782954600329941,0.42560095342589105,1.6719385104242144,0.7595165925506732,0.75,0.0,0.5013568024381041,1.4548684022280909,0.6813780480383613,0.75,0.01978309256299789,0.500966338788949,1.4165124931582829,0.6813778517280603,0.75,0.0,0.4281596481560386,1.7035892411876317,0.7571079937345981,0.75,0.017976605012655866,0.4277821010530031,1.6630699679706922,0.7571077939061991,0.75,0.0,0.48962760392503946,1.4897202777418967,0.6928328494966467,0.75,0.020258704452698152,0.48920831495312256,1.4495858798405008,0.6928326179674034,0.75
1,w512_g050,512,50,0,963252355,e98f2b6d38c0ab731c71ca880ec5fd3d586974bb9202695e18b6512fa627deb1,0x4441711f,0x4441711e,False,-14,0.8313291509771261,0.8313291509771261,-0.5,0.5,0.18580623213093217,0.07105598183734287,0.5461573308611469,0.14201978127250608,4.710682910131718,2.9611747569047164,False,False,511,451,0.8825831702544031,0.38241979842350937,0.8128988190247142,0.8062891425216717,0.04128019115560668,44.890766890970696,0.0,0.4345816246079325,1.9129413300139606,0.750075115640378,0.7516339869281046,0.019472004881093144,0.43414517096563526,1.8700130748668295,0.7500748487058675,0.7516339869281046,0.0,0.36842151808147233,2.256461987633651,0.825263632101134,0.7516339869281046,0.01294958875306135,0.36819386623976125,2.222686571565944,0.8252635685904446,0.7516339869281046,0.0,0.4428704235366271,1.8771385642292095,0.7411014917659968,0.7516339869281046,0.02025125035945735,0.44240716416259585,1.8333290378624543,0.7411011919924362,0.7516339869281046,0.0,0.3603912020036997,2.306740970243197,0.8346744637749746,0.7516339869281046,0.012248957408575628,0.3601829833904905,2.2740668808347033,0.8346744132281507,0.7516339869281046
1,w512_g051,512,51,1,667602631,d9445665a959ed8649f4b1dece25cdac078e2ab4c288a43879a67b682ec64e49,0x43fcc414,0x43fcc414,True,-15,0.01991238277969387,0.01991238277969387,-0.5,0.5,0.30970059283426765,0.25574159430344096,0.933146651972267,0.6352669201776096,6.2491907754665705,5.140815180944637,False,False,511,467,0.913894324853229,0.8257704383546267,0.7904139427904286,0.8349899720000045,0.06264140285851938,31.8721112175314,0.0,0.5760519051058145,0.034566994055919634,0.6145932619746177,0.738562091503268,0.019347037028983178,0.5757269227109649,0.0009819685833843083,0.61459314866177,0.738562091503268,0.0,0.7167025673399127,0.02778332838069766,0.5145973094362868,0.738562091503268,0.014154592944276331,0.716562779894549,0.00803529013363612,0.5145972955249649,0.738562091503268,0.0,0.5939891318380656,0.03352314329064597,0.6000811893842188,0.738562091503268,0.01990893898506545,0.5936553906857308,5.800999506536906e-06,0.6000810756871712,0.738562091503268,0.0,0.7854463351115198,0.025351678261846693,0.47560201845806155,0.738562091503268,0.013806660197234498,0.7853249782569736,0.00777477191163715,0.475602009892489,0.738562091503268
1,w512_g052,512,52,2,687767369,75639ecd7665c7b21984964692355294c47693c741c0be5e7a5702aed2fc1252,0x441ca8ae,0x441ca8ae,True,-14,-0.2898125236533815,0.2898125236533815,-0.5,0.5,0.16729375008931233,0.07929852749602928,0.45748469511379053,0.1908034852355758,4.029417451104115,3.1569935540101195,False,False,511,471,0.9217221135029354,0.47400771071061865,0.8561537211653251,0.771740896068102,0.04947927941216776,36.47900158589285,0.0,0.41539297585355556,-0.6976827739031227,0.7712865124995003,0.7516339869281046,0.025602456815242692,0.41460323032207097,-0.7607634417696273,0.7712856428557971,0.7516339869281046,0.0,0.39335606979039495,-0.7367689122168929,0.7963115362416602,0.7516339869281046,0.01818705285989393,0.3929354002240286,-0.7838427801050051,0.7963112977471586,0.7516339869281046,0.0,0.40792636501724266,-0.7104530339467796,0.7796927050405564,0.7516339869281046,0.025322051899605284,0.4071396725495741,-0.7740208012143925,0.7796918486954081,0.7516339869281046,0.0,0.4240297690753075,-0.6834721163218872,0.7616665223386574,0.7516339869281046,0.02073772061582593,0.4235223630526711,-0.7332558357268752,0.7616661616797981,0.7516339869281046
1,w512_g053,512,53,3,1936421125,9f7adb13d136622d14b7c8ef8952a370d2af3eded4207e28ed49c55e703aa29e,0x440236d2,0x440236d2,True,-14,0.459355748316284,0.459355748316284,-0.5,0.5,0.14095214592208874,0.10413770659211992,0.36260236991225253,0.16614529228185407,3.4008234363809664,2.4932627893813373,False,False,511,470,0.9197651663405088,0.7388160422167819,0.8775880342754104,0.9252572369781549,0.06142951761308172,32.85417186436355,0.0,0.38481986577018845,1.1936903189675967,0.8061621688446055,0.7320261437908496,0.016468062106177565,0.38446733544197603,1.151951402323871,0.8061620053722489,0.7320261437908496,0.0,0.45591935172448106,1.007537290485269,0.7272209664437601,0.7320261437908496,0.010664795946718394,0.45579460001659294,0.984414805162745,0.727220944930618,0.7320261437908496,0.0,0.3668031231414076,1.252322347700393,0.8271581633660738,0.7320261437908496,0.016058459422291574,0.3664514388391362,1.2097026833849867,0.8271580132292545,0.7320261437908496,0.0,0.39982103514331646,1.1489034041233654,0.788904771190436,0.7320261437908496,0.010596560236996328,0.3996805887883684,1.1227945531197827,0.7889047442284973,0.7320261437908496
1,w512_g054,512,54,4,1021468920,d5afa0d86843dd2ad8ce59d2afbac28fdbed9f2d4fbad70310fd3dbc84d1c366,0x440f9399,0x440f9399,True,-14,0.05951840677153086,0.05951840677153086,-0.5,0.5,0.1369503704128322,0.03198189055403824,0.34817437474268587,0.052597034894626415,3.4698002169952873,1.9045110169440742,False,False,511,460,0.9001956947162426,0.2335290547782377,0.8747085992214464,0.8142628911403889,0.05314135659533246,36.74019413124226,0.0,0.37535209585769513,0.15856686942303821,0.8171669563482804,0.75,0.01571070883392018,0.3750231586085053,0.11681331387681707,0.8171668191333941,0.75,0.0,0.249879185620974,0.2381887335818782,0.954604051805017,0.75,0.009860009946342663,0.24968457623661738,0.19888451891449102,0.9546040957038032,0.75,0.0,0.3549506425049308,0.1676807973962297,0.8410602946536923,0.75,0.014902869821525395,0.3546376504063632,0.12580597942401928,0.8410601850879278,0.75,0.0,0.22313184618957904,0.26674097753380466,0.974962755762985,0.75,0.009232245260893498,0.22294076888584707,0.22555839276030087,0.9749628276085347,0.75
1,w512_g055,512,55,0,965084521,b5510c3ec0716885c98f48097fe1d4b5e815d3ced3e77c3413b8d3f941fd75b2,0x44146599,0x44146599,True,-14,0.16289989078586586,0.16289989078586586,-0.5,0.5,0.14630668304772607,0.018240912777606744,0.3899145213850712,0.03874487303530673,3.739004494901116,2.0344807563819853,False,False,511,460,0.9001956947162426,0.12467586850873011,0.8721690903555067,0.5175236722942783,0.046754219300190546,39.798320174528165,0.0,0.3856322115773036,0.42242293536521924,0.805221572687419,0.7516339869281046,0.01727876164325733,0.3852449182040923,0.3779962363201438,0.8052213748735506,0.7516339869281046,0.0,0.18666717229443516,0.8726756225187762,0.9926061437604452,0.7516339869281046,0.0065611344513683695,0.18655182852792251,0.8380446204583687,0.9926061751758972,0.7516339869281046,0.0,0.3741988932465138,0.43532969692283696,0.8185121058745644,0.7516339869281046,0.01711108953912854,0.37380746691538913,0.39001040415208305,0.818511912618997,0.7516339869281046,0.0,0.18823781870348233,0.8653940632539442,0.9920976638546257,0.7516339869281046,0.006397817180782527,0.18812906294766465,0.8318867438818872,0.9920976919397712,0.7516339869281046
1,w512_g056,512,56,1,1657398798,f6424fa206b4c1c0af13349da7227548da06f4ff6f6b10f601f37894e293dcab,0x440b4edd,0x440b4edd,True,-14,0.22931529220431912,0.22931529220431912,-0.5,0.5,0.14324687809707526,0.04700866557157379,0.37219262591270985,0.0988373214675558,3.5130783171011952,2.31848773170032,False,False,511,456,0.8923679060665362,0.32816537572090787,0.890798936505912,0.8448132101559058,0.05174078820229267,39.7152838047392,0.0,0.3917718088656641,0.5853287220136603,0.7981339496592561,0.738562091503268,0.013157883214783271,0.39155078895486917,0.5520545867536243,0.7981338840694426,0.738562091503268,0.0,0.30727500726041523,0.7462868335724248,0.896306828916468,0.738562091503268,0.006068560164174704,0.307215075581297,0.7266789613684423,0.8963068273758839,0.738562091503268,0.0,0.3751348655110692,0.6112876015720609,0.817420274026764,0.738562091503268,0.012573524915379594,0.3749240907079862,0.5780950668698194,0.8174202177274494,0.738562091503268,0.0,0.30981246036365956,0.7401745298918823,0.8934464489177456,0.738562091503268,0.005445916765914888,0.30976459221021835,0.7227080856500143,0.8934464478172767,0.738562091503268
1,w512_g057,512,57,2,750799226,4c35ab6c0a4b49278ee963c46ef85cdebba5e1d23110e3808aba302f028933b7,0x444178d4,0x444178d3,False,-14,0.9937553932682022,0.9937553932682022,-0.5,0.5,0.19864618039039733,0.161683605245826,0.5798132629980968,0.36880610950491816,4.791480856845747,3.6674783698399613,False,False,511,467,0.913894324853229,0.8139275818345505,0.839012692512478,0.9100206322277384,0.041295678774340976,41.676652215842495,0.0,0.45264674285409146,2.1954325507839445,0.7306731856651483,0.7516339869281046,0.0278985668033244,0.4517861704243927,2.1378627538722235,0.7306721582652339,0.7516339869281046,0.0,0.5616765427952678,1.7692663259936563,0.6266372339084219,0.7516339869281046,0.025969450476316124,0.5610758650738797,1.724875374321176,0.62663683133204,0.7516339869281046,0.0,0.459237731929978,2.1639236590858446,0.7237405789388662,0.7516339869281046,0.028507207867518886,0.45835208467704003,2.1059098838413877,0.7237394978700743,0.7516339869281046,0.0,0.5895250300862652,1.6856882109361597,0.6036402203104421,0.7516339869281046,0.02883147897051095,0.5888195877504288,1.6387428923418803,0.6036397056109084,0.7516339869281046
1,w512_g058,512,58,3,471340126,0a3e118779237f091245e2a5d97661d2a67bb29454ec8e4f23eb5ca0dda17812,0x44271038,0x44271038,True,-14,0.4523249733229022,0.4523249733229022,-0.5,0.5,0.16995117067497856,0.06480913072841057,0.4837451228094669,0.1312028170742619,4.2577823051065105,2.9739209343483766,False,False,511,475,0.9295499021526419,0.3813397134660176,0.8657511218210691,0.8086646677347277,0.04742965011106517,39.98405457569819,0.0,0.42255546016297163,1.0704511382918802,0.7633004675349755,0.7320261437908496,0.018082927053001786,0.4221683605657066,1.0285992197236549,0.7633002577275735,0.7320261437908496,0.0,0.359668265146575,1.2576171354416463,0.8355227118731374,0.7320261437908496,0.008413305208015066,0.35956985030592287,1.234563097370945,0.8355227006339409,0.7320261437908496,0.0,0.4236683343986151,1.0676393220771725,0.7620667739882563,0.7320261437908496,0.01854799026295965,0.42326212874447183,1.0248424170304606,0.7620665428720963,0.7320261437908496,0.0,0.35529835696671097,1.2730849002076359,0.8406520587191197,0.7320261437908496,0.009416564189410464,0.35517355022877345,1.247019686145567,0.8406520412346892,0.7320261437908496
1,w512_g059,512,59,4,956535480,c9a8020452d0b6c40fb23b320ff0501e3051ab25e002aa04c3f43fc18db83f05,0x44375e80,0x44375e81,False,-14,-0.5899566693051383,0.5899566693051383,-0.5,0.5,0.1778815588841075,0.15968402205418997,0.5090968054016962,0.3675623855260866,4.555717854838358,3.7636678980384266,False,False,511,469,0.9178082191780822,0.8976985757035472,0.8491136889860099,0.8969536514934523,0.04287025951033882,40.15322316078875,0.0,0.427782193419589,-1.379105251177393,0.7575234782664775,0.75,0.017905219017876183,0.42740730941198996,-1.4222075171322803,0.7575232812539542,0.75,0.0,0.5583528624825522,-1.0566018533191879,0.6294753605034518,0.75,0.02203210629154844,0.5579180095092986,-1.0969152548686223,0.6294751477140015,0.75,0.0,0.42920991945949083,-1.3745177885172781,0.7559531319465858,0.75,0.01802070144364744,0.4288314462372152,-1.4177537027274651,0.7559529311248427,0.75,0.0,0.5898566209279664,-1.0001696147396202,0.603374668957555,0.75,0.024405754203916063,0.5893515015797421,-1.0424380388652124,0.6033744053995616,0.75
1,w512_g060,512,60,0,1249658166,3ab52d34d06beb650bc2577f4af3c7f3b587b454851d2a71e200e480863213b7,0x43fd8671,0x43fd8670,False,-15,0.7706985608247123,0.7706985608247123,-0.5,0.5,0.3022675223875636,0.13309377943230588,0.9061458648048311,0.22107711765035187,6.256261960357746,3.973606765915981,False,False,511,457,0.8943248532289628,0.44031782965308036,0.809851037693682,0.8120057686214756,0.05176215743840411,40.18467271528579,0.0,0.5542898984445265,1.3904250519222552,0.6329723728110221,0.7516339869281046,0.024835692530234592,0.5537332208692081,1.3469715021318014,0.6329720203059817,0.7516339869281046,0.0,0.5042240358586508,1.5284843760220157,0.6786183884858559,0.7516339869281046,0.01772288963408066,0.5039124700983337,1.4942588561932109,0.678618264235358,0.7516339869281046,0.0,0.5704490356212589,1.3510384148259058,0.6192430765306813,0.7516339869281046,0.02608507053919734,0.5698523241473965,1.3066779913543272,0.6192426884781814,0.7516339869281046,0.0,0.44964695572259367,1.714008181343474,0.7338547594761731,0.7516339869281046,0.015282577318536208,0.4493871689546766,1.6809914383255662,0.7338546656460505,0.7516339869281046
1,w512_g061,512,61,1,856770512,275d569c4c37f4e4810bad25bf12e547a016ccfe65ecd2fceac12d541ea0496f,0x44282c2a,0x44282c2b,False,-14,-1.1982044252586093,1.1982044252586093,-0.5,0.5,0.17458010319168624,0.16166175870558586,0.4916778571007572,0.39126966342136416,4.202580009890433,3.510599163353623,False,False,511,467,0.913894324853229,0.9260033403009492,0.8651711386653568,0.9101436099963864,0.04541797410553934,37.330106206400686,0.0,0.4325018523547373,-2.7704029907271797,0.752345189017114,0.738562091503268,0.014525825326580378,0.43225785439811343,-2.805571346468245,0.7523451055657295,0.738562091503268,0.0,0.5698255595331847,-2.102756545775532,0.6197639877388241,0.738562091503268,0.011253829987484068,0.5697144193435162,-2.1229202108659213,0.6197639742644927,0.738562091503268,0.0,0.43116537050467496,-2.778990399567856,0.7538077941011652,0.738562091503268,0.014451518712620003,0.4309231141739004,-2.8140888805557505,0.7538077118264439,0.738562091503268,0.0,0.6164196654035007,-1.943812782926514,0.5827122566820813,0.738562091503268,0.010835491208843376,0.6163244243305849,-1.9616939857294156,0.5827122480004006,0.738562091503268
1,w512_g062,512,62,2,47328596,184bf6b289cd4df453e5c5b51c01b8f86094691a4ce0d733eaeb469543a0b142,0x44124aa7,0x44124aa7,True,-14,-0.0403023015751387,0.0403023015751387,-0.5,0.5,0.1496364165047716,0.0338708175917331,0.38942748657815157,0.08314717276646774,3.724969752245676,2.4305360374191927,False,False,511,479,0.9373776908023483,0.22635410806334716,0.8266565021805516,0.538196830274209,0.05314140515412408,34.63794301883498,0.0,0.39286011535074566,-0.10258690052859347,0.796881745291941,0.7516339869281046,0.024213659648507593,0.392113209315661,-0.1645340164291923,0.7968809946479567,0.7516339869281046,0.0,0.2570787233822134,-0.15677027271999872,0.9482165393437079,0.7516339869281046,0.011886188342785124,0.25680379386315233,-0.20322320450504888,0.9482166095649768,0.7516339869281046,0.0,0.3763628872101866,-0.10708362313266864,0.8159886868668806,0.7516339869281046,0.023362747251256484,0.3756370654102995,-0.16948553454610596,0.8159880163667335,0.7516339869281046,0.0,0.27991549440980884,-0.14398024539554186,0.9259417595296291,0.7516339869281046,0.013689626866929877,0.2795805396069833,-0.19311762012465897,0.9259417864046329,0.7516339869281046
1,w512_g063,512,63,3,828045344,6fbf0c9fbe2fc40f5acecde190bf5eabf8de97ce640d070c11da205e1154c20b,0x440e5d54,0x440e5d54,True,-14,0.3351129938669146,0.3351129938669146,-0.5,0.5,0.16152947048871136,0.04986366526293501,0.4285990882231929,0.12195883952569109,3.6609677035962767,2.561092580792779,False,False,511,467,0.913894324853229,0.3086970143099663,0.8625232054877774,0.6789345806841715,0.055264822878956996,32.77537067534688,0.0,0.41195286007814796,0.8134741285770981,0.775149577554469,0.7320261437908496,0.0176291971595765,0.4115754734360089,0.7713865796152695,0.7751493795527209,0.7320261437908496,0.0,0.3154831156207427,1.0622216444374473,0.8870043238391832,0.7320261437908496,0.007379732928650599,0.3153967910167646,1.0391141263096864,0.8870043194572513,0.7320261437908496,0.0,0.39878914384578756,0.8403262702570042,0.7900836237398419,0.7320261437908496,0.01745879159820886,0.39840679191648637,0.7973112123432176,0.790083424346016,0.7320261437908496,0.0,0.3425533829400454,0.9782796216774394,0.8556072516120552,0.7320261437908496,0.009078780848561214,0.34243305316802175,0.9521108140760526,0.8556072372683083,0.7320261437908496
1,w1024_g000,1024,0,0,1507286965,f6a4f9ddbc3c53765f5e219247b243e7b43cb79b43fbdbee988978e9368bee2e,0x44ba0b89,0x44ba0b89,True,-13,-0.09762541590430374,0.09762541590430374,-0.5,0.5,0.1813012085241129,0.03324806022219869,0.5332329187170824,0.07467614627084228,5.177316526353035,3.0336633111426243,False,False,1023,923,0.9022482893450635,0.18338576169930343,0.833097958343605,0.6657656572664513,0.02147142340879684,83.59710937272094,0.0,0.42928090445898004,-0.22741616244808377,0.755875143327466,0.7516339869281046,0.019234499099050867,0.42884977437038324,-0.27249615596725624,0.7558748827354167,0.7516339869281046,0.0,0.2520158302204667,-0.387378109616764,0.9527444223111567,0.7516339869281046,0.008858063930713969,0.2518601067757863,-0.4227881945980933,0.9527444487321484,0.7516339869281046,0.0,0.43759894875775107,-0.22309335107280584,0.7467947639696593,0.7516339869281046,0.020010200269324714,0.43714120354762986,-0.26910210069184465,0.7467944705999723,0.7516339869281046,0.0,0.2613308670739059,-0.3735701679537714,0.9442882134886998,0.7516339869281046,0.008882099902931458,0.26117988128283126,-0.40779372164542177,0.9442882315425947,0.7516339869281046
1,w1024_g001,1024,1,1,1654461453,7699dc8e6d1e6ec4f054e72ca9ec5849d5a17ba06c5b1a1d07d2eeb9fb4491f8,0x44ae2ceb,0x44ae2ceb,True,-13,0.05463515711517175,0.05463515711517175,-0.5,0.5,0.16351431518285764,0.04425681720294862,0.45656708378520283,0.09120317077324697,4.595224101871291,2.8541335635177405,False,False,1023,932,0.9110459433040078,0.27066019971068794,0.8759426751504531,0.8090796837573081,0.022847350838407124,81.20322633572164,0.0,0.4185703765695624,0.13052800717274818,0.7677340765483738,0.738562091503268,0.014057928639675662,0.418334238120605,0.09699714911643867,0.7677339986201277,0.738562091503268,0.0,0.29814557286515003,0.18324993589585514,0.9064639943002559,0.738562091503268,0.005888257436704262,0.29808742181354714,0.16353222615665594,0.9064639935227528,0.738562091503268,0.0,0.41548547574228606,0.13149715286091107,0.7711828805229639,0.738562091503268,0.013925970261673339,0.41525202938103106,0.09803488959266247,0.7711828045193823,0.738562091503268,0.0,0.29760715326274495,0.1835814647470407,0.9070557473666176,0.738562091503268,0.005231370564332197,0.2975611709130975,0.16602900976373658,0.9070557469064915,0.738562091503268
1,w1024_g002,1024,2,2,931641567,f55c47249c380a04f80463206ed958e881ff490c6494a268031147316b7ee83f,0x449ffed3,0x449ffed2,False,-13,0.6876863040315584,0.6876863040315584,-0.5,0.5,0.167946759835638,0.04400573665520665,0.4757391089332298,0.09298233200044378,4.586146826893819,2.851578998307565,False,False,1023,924,0.9032258064516129,0.26202194492036107,0.8760836875368214,0.8136959948477545,0.024587790282589117,76.8027742758192,0.0,0.41620290292513373,1.6522861786844838,0.7703795461616196,0.7516339869281046,0.02565237610632114,0.41541161755950945,1.5936817843819646,0.7703786725835332,0.7516339869281046,0.0,0.2930272047844137,2.3468343307492687,0.9120526393780168,0.7516339869281046,0.013548287854413648,0.29271383062639983,2.3030617129860493,0.9120526290723797,0.7516339869281046,0.0,0.41598523695391926,1.653150744163877,0.7706231949843763,0.7516339869281046,0.02582230682532986,0.41518300282384746,1.5941500319246984,0.7706222972123433,0.7516339869281046,0.0,0.29600797558874226,2.323201943000999,0.9088081003480184,0.7516339869281046,0.014476650333305629,0.29565376406748595,2.2770204053434138,0.9088080782324034,0.7516339869281046
1,w1024_g003,1024,3,3,1235494306,b77e4f08f73d2c10ccda028419462d2a497efe7f1d4562ca4814462c0cce7425,0x44967df7,0x44967df7,True,-13,-0.09470467844403174,0.09470467844403174,-0.5,0.5,0.14694589300826758,0.10649091756786992,0.39645761909807253,0.17523976706154037,4.215338138796605,2.9627661596860038,False,False,1023,932,0.9110459433040078,0.7246947525228108,0.8683751825543522,0.9323222715532528,0.025834535475450823,76.22631128172631,0.0,0.3929165878678004,-0.2410299828723337,0.7968168038175498,0.7320261437908496,0.016814554931055693,0.3925566401987685,-0.2840844401934467,0.7968166293814257,0.7320261437908496,0.0,0.4610418045839725,-0.205414514480937,0.7218569896231897,0.7320261437908496,0.010784619582820978,0.46091565123621014,-0.22886898664413446,0.7218569677454388,0.7320261437908496,0.0,0.3835447919368473,-0.2469194744264064,0.8076397910297306,0.7320261437908496,0.01679140140683779,0.3831770560206781,-0.29097796462231984,0.8076396139188782,0.7320261437908496,0.0,0.4106179711156555,-0.23063939015313342,0.7766532045223284,0.7320261437908496,0.010882714221778226,0.4104737320880648,-0.2572330076487252,0.7766531756352459,0.7320261437908496
1,w1024_g004,1024,4,4,1062632365,b5dedf591cf1748d60785fbe765ed8fc5279b487d256d2597dc26ac0ba2f50b3,0x44a82b72,0x44a82b72,True,-13,0.09137244929229382,0.09137244929229382,-0.5,0.5,0.1697032365677676,0.11143195383529066,0.4892526827955558,0.1935268176057672,4.762089042946182,3.340484877692467,False,False,1023,930,0.9090909090909091,0.6566283359645444,0.8670159723672157,0.899745658367107,0.023403230919531278,83.32810505226956,0.0,0.41783258155667086,0.2186819633640775,0.7685575952796992,0.75,0.01748876881894593,0.41746641682356855,0.17698113547795374,0.7685574079912902,0.75,0.0,0.46642614704371277,0.19589907184969743,0.7162714650597399,0.75,0.01840476003496016,0.466062887874693,0.15656189573487764,0.7162712848223359,0.75,0.0,0.4207616721255207,0.21715963060683863,0.7652930973305292,0.75,0.017665995422129366,0.42039064848734387,0.17532848110531518,0.7652929047308802,0.75,0.0,0.42800762428495587,0.21348322811992837,0.7572753065150866,0.75,0.017709132194307167,0.4276411031261805,0.17225499737861127,0.7572751181905479,0.75
1,w1024_g005,1024,5,0,58306996,1f89930367f69f438f8dc89b54ecc07facccf1a6dee40d047ab5656f4001690d,0x44978866,0x44978866,True,-13,-0.26725155854455807,0.26725155854455807,-0.5,0.5,0.16934887800885795,0.07103948413850102,0.4807916798893298,0.1510647774364117,4.488787610999233,3.163198471844686,False,False,1023,928,0.9071358748778103,0.41948600412212483,0.8918964710162784,0.8614634158569213,0.02511889267397716,82.1356721214326,0.0,0.4148894415220864,-0.6441512648866267,0.7718508685059282,0.7516339869281046,0.018589670554341735,0.414472764889552,-0.6896502094053643,0.7718506264955114,0.7516339869281046,0.0,0.3683787457494463,-0.7254803965436428,0.8253136860388768,0.7516339869281046,0.012948085355234232,0.3681511203372451,-0.7610995279414475,0.8253136225578988,0.7516339869281046,0.0,0.4155241460212654,-0.6431673372138543,0.7711395601631881,0.7516339869281046,0.019000780057240416,0.41508949189773314,-0.6896159603874611,0.7711392966887267,0.7516339869281046,0.0,0.3716904204094064,-0.7190165359930129,0.8214411213099635,0.7516339869281046,0.012632994655412401,0.371475673591364,-0.7534397891902151,0.821441063815893,0.7516339869281046
1,w1024_g006,1024,6,1,2100280968,bbd7f3b67f4b145f5b962a851ce052f1b407d6d8ba64415388b3933bb04196df,0x44a266fe,0x44a266fd,False,-13,0.7743412573902333,0.7743412573902333,-0.5,0.5,0.16805603198312896,0.11459981317730374,0.4777101389885084,0.20468792403816666,4.687504928831468,3.432472454021542,False,False,1023,936,0.9149560117302052,0.6819143105128672,0.8755140468950112,0.908960178717784,0.023672311316152092,83.1768847930888,0.0,0.4243435950812317,1.824797796799553,0.7613191610026062,0.738562091503268,0.014251825528708881,0.4241041996438653,1.7922233085637853,0.7613190807138741,0.738562091503268,0.0,0.4797668436389734,1.6139949387017842,0.7026684724005838,0.738562091503268,0.009475205879441473,0.4796732687244989,1.5945563394529993,0.7026684606753199,0.738562091503268,0.0,0.42499691460110306,1.8219926563867423,0.7605965323050228,0.738562091503268,0.014244768444586883,0.4247581241040803,1.7894807557804278,0.7605964524084001,0.738562091503268,0.0,0.4458456233167901,1.7367923265224803,0.7379097684384925,0.738562091503268,0.007837122342273246,0.4457767371051672,1.7194798903719535,0.7379097618233367,0.738562091503268
1,w1024_g007,1024,7,2,1810686753,053e8ca39141364271cd46731c2463038a3bd5db94e9c1546eb6973dcf97d618,0x448bbe92,0x448bbe91,False,-13,0.501926486929051,0.501926486929051,-0.5,0.5,0.16227907690260604,0.10697438630407335,0.4409804020159137,0.1754095026539938,4.128712355324076,2.9179594820554993,False,False,1023,928,0.9071358748778103,0.6592001159106633,0.9066813755353806,0.9281086585012375,0.028511180027659795,66.83550825069531,0.0,0.40911985292809533,1.2268446112715699,0.7783437057814095,0.7516339869281046,0.02521581725190923,0.4083420338640447,1.1674298263300025,0.7783428674075308,0.7516339869281046,0.0,0.4568705838940246,1.0986185248588416,0.726221215343331,0.7516339869281046,0.021123684360174894,0.4563819895512078,1.0535095897225983,0.7262208855844436,0.7516339869281046,0.0,0.4005005669383522,1.253247881185424,0.7881291838799129,0.7516339869281046,0.0248610950689731,0.39972819524010694,1.1934744597476201,0.7881283678557782,0.7516339869281046,0.0,0.4065647805219105,1.2345547646422395,0.7812341025272338,0.7516339869281046,0.01988357291301542,0.4060782735988741,1.1870689602374533,0.7812337755572388,0.7516339869281046
1,w1024_g008,1024,8,3,918736663,8a6731f8eb059d19bced926c2ba7489d50b6144a89e49d48bb4e61e7cf218b9b,0x448675d4,0x448675d4,True,-13,-0.15537558747928415,0.15537558747928415,-0.5,0.5,0.13815711199671077,0.12619427163496258,0.35447460003253317,0.25940418898338957,3.8448569911545363,3.1261180944179667,False,False,1023,933,0.9120234604105572,0.9134113315713129,0.8953423741921563,0.9415253373018281,0.028850055091700733,67.70068986091094,0.0,0.380985336593314,-0.4078256367255969,0.810610229439021,0.7320261437908496,0.016303966459747427,0.38063631904588424,-0.45103303428682084,0.8106100713554124,0.7320261437908496,0.0,0.5018845684910901,-0.3095843092893232,0.6808688880152105,0.7320261437908496,0.011740007287514485,0.5017472394726021,-0.3330672928912526,0.6808688637653355,0.7320261437908496,0.0,0.36266885925096204,-0.42842274299532923,0.8320029017003383,0.7320261437908496,0.01587746339271259,0.36232113880728395,-0.47265542230227153,0.8320027586168581,0.7320261437908496,0.0,0.49958582990395584,-0.3110087960444249,0.683090526317448,0.7320261437908496,0.013240652378956164,0.49941033886514996,-0.3376306550669345,0.6830904865322299,0.7320261437908496
1,w1024_g009,1024,9,4,828481112,8e8d192b6cfd4d1d9a694c194b4d3e1e9bdcbd5353bd15c0fc6c1336518723b8,0x4487b2f1,0x4487b2f1,True,-13,0.44494111162225636,0.44494111162225636,-0.5,0.5,0.13900871934922013,0.043950748075604784,0.3607095684539159,0.08863228287182004,3.8769704620724577,2.597882105461854,False,False,1023,947,0.9257086999022482,0.3161725989661911,0.8898572495723135,0.8591529910187329,0.029064127807739325,68.69512091738049,0.0,0.378162326141189,1.176587620883565,0.8138929565275625,0.75,0.015828333619361565,0.37783092616585684,1.135726983382315,0.8138928155642748,0.75,0.0,0.2929281786339083,1.5189426763149634,0.9121599251843355,0.75,0.011558684840903147,0.2927000420951926,1.4806367080753868,0.9121599197909604,0.75,0.0,0.3612837232248802,1.231555929646196,0.8336274139707287,0.75,0.015168768981117164,0.36096514667600443,1.190620054591849,0.8336272949601051,0.75,0.0,0.28965224274848683,1.536121755523955,0.9156899890911743,0.75,0.011984575895768219,0.28940420119588267,1.4960271272407768,0.9156899877644382,0.75
1,w1024_g010,1024,10,0,916373219,d802e2066f05bf0f4b5de55b0e5cc598d17dc929999319ef44b37cbead4e8c54,0x448f4be8,0x448f4be8,True,-13,-0.40188231371757865,0.40188231371757865,-0.5,0.5,0.16023032732294223,0.11844517712517187,0.4390043187431656,0.21341833636248353,4.19914881393698,2.893332502415893,False,False,1023,924,0.9032258064516129,0.7392182185738602,0.8938954881992475,0.9454092550203883,0.02645044772486582,76.08322629535775,0.0,0.40356508051784296,-0.9958302467644004,0.7846387777291524,0.7516339869281046,0.018082267571187936,0.403159777027492,-1.0416827402405489,0.7846385517862173,0.7516339869281046,0.0,0.47566736521744035,-0.8448809884904915,0.7068124681922097,0.7516339869281046,0.01671915580526961,0.4753734449483489,-0.8805739444876457,0.7068123517382374,0.7516339869281046,0.0,0.3970563904181769,-1.0121542516777506,0.7920660827863419,0.7516339869281046,0.018156300222012752,0.3966410542721969,-1.058989253420393,0.7920658483399904,0.7516339869281046,0.0,0.44178973992829423,-0.9096687346854346,0.7422646931329728,0.7516339869281046,0.01501552667723511,0.44153449272340556,-0.9442022022410259,0.7422646020835272,0.7516339869281046
1,w1024_g011,1024,11,1,905301215,447e3402c2c8bf340287a1c717883de5087bec62fdb6d94a6dde41e1eef33284,0x44a46b22,0x44a46b22,True,-13,-0.1556539509222148,0.1556539509222148,-0.5,0.5,0.16780881464188202,0.14741150488031424,0.4704839640398314,0.32244991066156825,4.615068963924396,3.7143332224018257,False,False,1023,927,0.906158357771261,0.878449116006824,0.8768038614697679,0.9186302437968707,0.02428758527298388,80.49366834716972,0.0,0.4240313667653431,-0.3670812188013273,0.7616647535228003,0.738562091503268,0.014241339159797585,0.42379214747305133,-0.40089296390942664,0.7616646733591075,0.738562091503268,0.0,0.5441316225720677,-0.28605937325687986,0.6418496705530443,0.738562091503268,0.010746384869531783,0.5440254937915566,-0.3058686361038493,0.6418496574119035,0.738562091503268,0.0,0.4217702669016639,-0.3690491320444493,0.7641720799221994,0.738562091503268,0.014136619778675015,0.4215332893420565,-0.40279279239346594,0.7641720013151707,0.738562091503268,0.0,0.5595894621116768,-0.2781574019189644,0.628417047377702,0.738562091503268,0.00983652378011565,0.5595030016955754,-0.29578120975367617,0.6284170389974872,0.738562091503268
1,w1024_g012,1024,12,2,1276613596,8cab328e1788eae0258b2d267493d0c8114e2bf66646fcb8a6585e0b0626b412,0x44966feb,0x44966feb,True,-13,-0.01740493250485997,0.01740493250485997,-0.5,0.5,0.16708781247163668,0.03128436741936624,0.4692574464017705,0.07102615832343326,4.477301005734271,2.8286429492550327,False,False,1023,947,0.9257086999022482,0.1872330899339339,0.8805873659495245,0.7075551942585864,0.026464012247669238,67.03744977173193,0.0,0.41513722397287656,-0.04192573322694171,0.7715731095326235,0.7516339869281046,0.0255866937261653,0.4143479646771173,-0.10375730037560751,0.7715722411361486,0.7516339869281046,0.0,0.2470682752586648,-0.07044584128269044,0.9570022763163049,0.7516339869281046,0.011423349294003654,0.24680405128400656,-0.1168063556853443,0.9570023636486509,0.7516339869281046,0.0,0.41314174273405296,-0.042128235190371094,0.7738125712618511,0.7516339869281046,0.025645796762763448,0.41234499232770305,-0.10440463706034218,0.7738116878323753,0.7516339869281046,0.0,0.2587094890721222,-0.06727597262583546,0.9467231043577424,0.7516339869281046,0.012652519932127482,0.25839990997545964,-0.11632145088534289,0.9467231884694485,0.7516339869281046
1,w1024_g013,1024,13,3,788311691,64595f9859342e61e857094d85b017ce3fb676df19e310720193e378c2b2ba9f,0x4495e418,0x4495e419,False,-13,-0.7257661833032216,0.7257661833032216,-0.5,0.5,0.15953616489262137,0.11213900201750186,0.4340144486435975,0.2004094432905019,4.26557519813742,3.23508127986043,False,False,1023,933,0.9120234604105572,0.7029064669630173,0.8977849427624738,0.9201981675435411,0.026044212374490838,80.78862499186046,0.0,0.4094031799082999,-1.772741930010857,0.778023752841563,0.7320261437908496,0.0175200856112319,0.40902812900728824,-1.817200862733842,0.7780235578179227,0.7320261437908496,0.0,0.4731102588229758,-1.534031802879976,0.7094136036099723,0.7320261437908496,0.011066923023910836,0.4729808032239004,-1.5578499197108626,0.7094135809355652,0.7320261437908496,0.0,0.4013005912030492,-1.8085350463289003,0.7872168164550462,0.7320261437908496,0.01756874152211466,0.4009158313427469,-1.854092222638751,0.7872166135998164,0.7320261437908496,0.0,0.4391174643672955,-1.6527836904618343,0.7451497889974652,0.7320261437908496,0.011638043657751054,0.4389632142357527,-1.679877044469009,0.745149755706621,0.7320261437908496
1,w1024_g014,1024,14,4,546335991,f3aaeb69f4f07ce0d90f4332f7eda6f37a09bab0e518b944199f978171db86f8,0x449a094b,0x449a094b,True,-13,-0.1402142990716584,0.1402142990716584,-0.5,0.5,0.16713603959772189,0.03157760540128738,0.46921056549010703,0.05970943197585521,4.47402381639541,2.634606597117004,False,False,1023,941,0.9198435972629521,0.18893355064108985,0.8803332723499102,0.7628362366477797,0.02593616824649166,67.92105044973209,0.0,0.41466014296774745,-0.3381426969762183,0.7721079883656574,0.75,0.01735598347016513,0.41429675837956553,-0.38033192235953395,0.7721078043333203,0.75,0.0,0.24829479309827163,-0.5647089788796478,0.9559626725968582,0.75,0.009797491229571862,0.24810141766084284,-0.6046389888279392,0.9559627178502634,0.75,0.0,0.41205335622296724,-0.34028190027843547,0.7750364814820099,0.75,0.01730037022606096,0.41169001149487805,-0.38260503024052367,0.7750362979216012,0.75,0.0,0.23774007626239924,-0.5897798186827391,0.9645462226457977,0.75,0.009836671590720257,0.23753648930904855,-0.6316965073401997,0.9645462867275609,0.75
1,w1024_g015,1024,15,0,1244081106,36bf20b1c86e7298865adc24e2e47ae655f601766a1c89d9bb4dd4e14d2070aa,0x44b2df74,0x44b2df74,True,-13,0.1209435202097211,0.1209435202097211,-0.5,0.5,0.17570904281759253,0.052959632686597535,0.5113751592218694,0.11660373053310497,4.993152398603581,3.1880516563410373,False,False,1023,932,0.9110459433040078,0.3014052767994195,0.8596123696574135,0.7867627578393539,0.022173118248449662,79.74373254238492,0.0,0.422608548112062,0.2861833267453237,0.7632415716576408,0.7516339869281046,0.01893553534172957,0.4221841191218675,0.24161966366751458,0.7632413194296602,0.7516339869281046,0.0,0.31806592694465835,0.3802467034790702,0.8840497133473606,0.7516339869281046,0.01117964816969173,0.31786939039480766,0.3453112358623076,0.8840496888811256,0.7516339869281046,0.0,0.42853629221636824,0.28222468529843125,0.7566936337942183,0.7516339869281046,0.019595789830542863,0.4280880268910469,0.2367450711369051,0.7566933520852379,0.7516339869281046,0.0,0.3265547333301954,0.3703621716835726,0.8742644366648087,0.7516339869281046,0.011098925273123823,0.32636606398051965,0.3365686787311127,0.8742644091196209,0.7516339869281046
1,w1024_g016,1024,16,1,633201419,808d21e0c9e58159a0782c4282991616d25fc00c47a1fa93149dbd48bd3cedf5,0x44b93e0a,0x44b93e0a,True,-13,0.4288181586589417,0.4288181586589417,-0.5,0.5,0.17130509442166447,0.026689151085008782,0.49708117919322825,0.047595501421662946,5.081171248633165,2.7945195882284737,False,False,1023,919,0.8983382209188661,0.15579893391444571,0.8589085874147762,0.7196080948956998,0.021439294120115783,91.32487455725486,0.0,0.428425920192324,1.0009155339304439,0.7568150340426065,0.738562091503268,0.014388932783087534,0.4281842216920228,0.9678759862710165,0.7568149521462787,0.738562091503268,0.0,0.2315291386849046,1.8521131339867074,0.969192895194612,0.738562091503268,0.004572609143828334,0.2314839806677593,1.8327209869611576,0.9691928987263607,0.738562091503268,0.0,0.43352805534614164,0.9891358895252133,0.7512241757522391,0.738562091503268,0.014530709636878398,0.43328447150764116,0.9561557735510887,0.7512240925965499,0.738562091503268,0.0,0.21499152993908818,1.9945816413345925,0.979963998962929,0.738562091503268,0.003779144247622097,0.21495831227078782,1.9773090415591297,0.9799640013432656,0.738562091503268
1,w1024_g017,1024,17,2,1597545279,86de5cfe2cb25054b9cee0d86b0d7e8f469a4c06e2ab3e97249dda5b63cf40c4,0x44a0a1c0,0x44a0a1bf,False,-13,0.5305906763856001,0.5305906763856001,-0.5,0.5,0.16650301720155575,0.1437403097814498,0.46452278223354476,0.2987118665002729,4.483684228576302,3.4626757239161696,False,False,1023,922,0.9012707722385142,0.8632895198977015,0.8836801827354026,0.9420924921656365,0.02437531428759515,78.76685524729616,0.0,0.41441011206215383,1.2803516635859054,0.7723884445691098,0.7516339869281046,0.02554187868985932,0.4136222351522696,1.2210388000775965,0.7723875797313204,0.7516339869281046,0.0,0.5295934228318294,1.0018830550206574,0.6548919184346114,0.7516339869281046,0.02448606825980095,0.529027055988547,0.956670556631712,0.6548915303335127,0.7516339869281046,0.0,0.4110522217775923,1.2908108709182122,0.7761637825783427,0.7516339869281046,0.02551608963264801,0.4102595010455622,1.23111003027535,0.7761629098787037,0.7516339869281046,0.0,0.5305538049499819,1.0000694961289018,0.6540179913593274,0.7516339869281046,0.02594741544375413,0.529918929251157,0.9523027638491254,0.6540175047587331,0.7516339869281046
1,w1024_g018,1024,18,3,273621842,43856f4af55ae3a43f5f7420eeb821ad9024d6cc46aef8b02a0f58c48fa7181c,0x44b72398,0x44b72397,False,-13,1.1858802680790177,1.1858802680790177,-0.5,0.5,0.18500113972864302,0.14772414301380904,0.5521311037727155,0.33664872918208233,5.1635785842177135,3.986328214934936,False,False,1023,923,0.9022482893450635,0.798503961816066,0.8164364116254225,0.8902432194470288,0.02141369996909602,82.0731684505236,0.0,0.4408682665356627,2.6898744094186,0.7432581454282874,0.7320261437908496,0.018866609132616615,0.44046439072642085,2.649507391554953,0.7432579173545688,0.7320261437908496,0.0,0.543012418068856,2.1838916176105636,0.642839534170013,0.7320261437908496,0.012702063672739536,0.5428638353725912,2.1610911023407455,0.6428395083382875,0.7320261437908496,0.0,0.4526252861430415,2.6200044592830114,0.7306958845942562,0.7320261437908496,0.0198157112970629,0.4521913170792442,2.57869736268644,0.7306956233929137,0.7320261437908496,0.0,0.5691282048149131,2.0836786123869566,0.6203474553882096,0.7320261437908496,0.015083751915986763,0.5689282854138847,2.0578982381079864,0.6203474117011945,0.7320261437908496
1,w1024_g019,1024,19,4,1544543457,7fbd876286b346d6924565e6745e7955fee274d93b2b88b6a9c31013993b3f04,0x449a1788,0x449a1788,True,-13,0.2630442259849133,0.2630442259849133,-0.5,0.5,0.15738691200194593,0.12063556732996034,0.4236333380699837,0.21967765556151087,4.334884009238984,3.089412886261931,False,False,1023,928,0.9071358748778103,0.7664904647755514,0.8852255558895779,0.936338524920367,0.0249803400661296,83.1363754324111,0.0,0.4023847812815609,0.6537131577072574,0.7859816796823873,0.75,0.01684218686316323,0.402032154122871,0.6123939008284013,0.7859815089744131,0.75,0.0,0.4853060450477018,0.5420172047497535,0.697120339780855,0.75,0.01914974398247324,0.4849280819515897,0.5029498003516076,0.6971201502014042,0.75,0.0,0.3915296258551179,0.6718373492437849,0.7984127818451632,0.75,0.016438665962714268,0.3911843787571469,0.6304074840761865,0.7984126219277226,0.75,0.0,0.4560094789873318,0.5768393818678071,0.7271261706682535,0.75,0.018867729654898212,0.45561897864769363,0.5359225751630158,0.7271259598573907,0.75
1,w1024_g020,1024,20,0,88914709,303b75f582a268047e5a3b38604d06f46c24b07c4e905288a8214a94a3b22f5e,0x44a9ade5,0x44a9ade5,True,-13,-0.05829665544092677,0.05829665544092677,-0.5,0.5,0.16968757567901144,0.05618181424754187,0.48898767181448516,0.09591390007451925,4.799662350177651,3.0580972844763954,False,False,1023,928,0.9071358748778103,0.33108973372227263,0.8670959914295351,0.8285506580753281,0.023390565585816914,80.75978861220347,0.0,0.4153041236209987,-0.1403710007322912,0.7713860698125705,0.7516339869281046,0.018608250934636018,0.41488703052006753,-0.18536348624627108,0.7713858272382704,0.7516339869281046,0.0,0.32759898316444325,-0.17795127102596617,0.8730539437027423,0.7516339869281046,0.011514724031299597,0.32739655603084794,-0.21323186877276926,0.873053911342874,0.7516339869281046,0.0,0.41905087209741754,-0.13911593871441566,0.7671981994376111,0.7516339869281046,0.019162047572345714,0.4186125288837415,-0.18503675276949147,0.7671979308434207,0.7516339869281046,0.0,0.29616963896388115,-0.19683535302562272,0.908631313464138,0.7516339869281046,0.010066198267915985,0.2959985248213692,-0.23095673787596996,0.9086313081235544,0.7516339869281046
1,w1024_g021,1024,21,1,2014868283,5e1ebd4570df7a61320bf1065008af25321f1ec110ac83ead6361e2c7502ae17,0x44ad5d04,0x44ad5d04,True,-13,-0.1504827084045246,0.1504827084045246,-0.5,0.5,0.172813987820996,0.06560931567562368,0.4981326787575462,0.12472290067254327,4.804558306144383,3.162173222251119,False,False,1023,931,0.9100684261974584,0.3796528076395243,0.8740129695005852,0.8732245730152107,0.0217554997915048,78.4892243377405,0.0,0.43030861890458166,-0.3497087945568044,0.7547469624637637,0.738562091503268,0.014452164310277392,0.4300658582709364,-0.383510733397709,0.7547468798429806,0.738562091503268,0.0,0.3630120404502962,-0.4145391657473928,0.8316005044417332,0.738562091503268,0.007169344579741357,0.36294123768205844,-0.4343734925001037,0.8316004984907096,0.738562091503268,0.0,0.43398634441671435,-0.34674526132101263,0.7507241187331495,0.738562091503268,0.014546070270018807,0.43374250308205053,-0.38047638288130853,0.7507240354084754,0.738562091503268,0.0,0.34802584640181705,-0.43238946176078874,0.8491896113901443,0.738562091503268,0.006117635777678658,0.3479720740177189,-0.45003710319072643,0.8491896083491665,0.738562091503268
1,w1024_g022,1024,22,2,317325184,5ff228deae16c89a49d2301dafed1ef64a9c8c5e5d3244a64abeb34df2aec821,0x44a2fdcf,0x44a2fdcf,True,-13,0.06508130157476444,0.06508130157476444,-0.5,0.5,0.17388297648186452,0.06232608020855991,0.500442448427691,0.11933875681008099,4.7257313364753015,3.1752724626167104,False,False,1023,926,0.9051808406647116,0.3584369296499842,0.8686397583171109,0.8252130006340895,0.023262881541388888,75.68032442211037,0.0,0.42349454745352644,0.1536768347221905,0.7622592989811974,0.7516339869281046,0.026101791539421982,0.42268939920620163,0.09221785573176153,0.7622583910277743,0.7516339869281046,0.0,0.3487291102405217,0.1866242297061959,0.8483642716444237,0.7516339869281046,0.016123698726977203,0.3483561663994304,0.14053892989410072,0.8483641245816322,0.7516339869281046,0.0,0.42664883174931,0.15254067685577272,0.7587724244004188,0.7516339869281046,0.026484250068036987,0.4258260327074717,0.09064042247798021,0.7587714754615023,0.7516339869281046,0.0,0.3353466331293232,0.1940717309950342,0.8640370723693502,0.7516339869281046,0.016400557919457527,0.33494534785708463,0.145339363471554,0.8640369276506035,0.7516339869281046
1,w1024_g023,1024,23,3,1264185062,4e0d7db0ec118f7f621e0356412626e6bd2234823d2e51668d55b25d1f8764bb,0x44a2c8ab,0x44a2c8aa,False,-13,0.8477369602724139,0.8477369602724139,-0.5,0.5,0.17326211984554615,0.06981092328695501,0.49427391787833885,0.15032986566449946,4.691080241577775,3.266257078947553,False,False,1023,938,0.916911045943304,0.40292086550244044,0.8717523876616088,0.8206690868586791,0.024035018632038933,77.26360202460455,0.0,0.4266516696318176,1.9869533406583761,0.7587692944953659,0.7320261437908496,0.018258221100771015,0.426260817530597,1.9459417921097164,0.7587690803725516,0.7320261437908496,0.0,0.37328944730640323,2.2709909599361775,0.8195735559154513,0.7320261437908496,0.008731929823834042,0.3731873053466203,2.248214283895062,0.8195735428031623,0.7320261437908496,0.0,0.4282541228618814,1.979518503189804,0.7570040368285351,0.7320261437908496,0.018748753815150523,0.4278435204354254,1.9375967307243183,0.7570038004746138,0.7320261437908496,0.0,0.3803156997940361,2.229034880052321,0.8113883247133207,0.7320261437908496,0.010079605292648853,0.3801821051377508,2.2033055834552178,0.8113883016009958,0.7320261437908496
1,w1024_g024,1024,24,4,518182336,50f4aded25bb7a8cc3f6648ffe2fe3d840ff8621ed4f984f51a2b0d31a753409,0x44b27330,0x44b2732f,False,-13,0.8898966237891273,0.8898966237891273,-0.5,0.5,0.17419551361056076,0.14841347683842154,0.5019456053498557,0.31673382626972346,4.870096459483204,3.6773963069331392,False,False,1023,936,0.9149560117302052,0.8519936809062792,0.867081267111977,0.9387484185034503,0.02239392546143879,81.97279820799503,0.0,0.42332675972226713,2.1021506515982207,0.7624452233507069,0.75,0.017718732723221265,0.42295578020360136,2.062101836381239,0.7624450306020274,0.75,0.0,0.5382879837736256,1.6531980103857733,0.6470439622246467,0.75,0.0212403640615963,0.5378687576069147,1.6149966835633953,0.6470437540662606,0.75,0.0,0.42618473735110907,2.0880537142652122,0.7592844501653868,0.75,0.017893686896415014,0.42580893170562656,2.0478737573676633,0.7592842522268644,0.75,0.0,0.547555507328013,1.625217191461897,0.6388360442733361,0.75,0.02265551432452261,0.5470866122250928,1.585198924787046,0.6388357898358938,0.75
1,w1024_g025,1024,25,0,147341817,716570bd676feca9c11df7903101db69feafc30ab27f2f022f55fbc86342ae14,0x44b445dc,0x44b445dd,False,-13,-0.6839683808123027,0.6839683808123027,-0.5,0.5,0.17057017197061536,0.1312241148974066,0.4911473069371949,0.27385497550311166,4.9411544229599365,3.599549970538198,False,False,1023,931,0.9100684261974584,0.7693262742328301,0.862609300130237,0.9128784504305628,0.021830785342607788,86.06692831200026,0.0,0.41638278387212935,-1.6426432775432631,0.7701782463019637,0.7516339869281046,0.01865658173484876,0.41596460746447567,-1.6891460233360291,0.7701780022689199,0.7516339869281046,0.0,0.5006699100982976,-1.3661064246461658,0.6820415319750879,0.7516339869281046,0.017597966238691316,0.5003605404726669,-1.4021216508964869,0.682041408580728,0.7516339869281046,0.0,0.4199752307210287,-1.6285921901585505,0.7661682966527024,0.7516339869281046,0.019204315958116853,0.41953592059293576,-1.6760726847336842,0.7661680267386641,0.7516339869281046,0.0,0.5004492911580699,-1.3667086613901651,0.6822548262881065,0.7516339869281046,0.017009244450102122,0.5001601529748759,-1.401506339705587,0.6822547184598609,0.7516339869281046
1,w1024_g026,1024,26,1,1750520160,cf8d7b11e30039aa2752140ec307ec95be32792458fff9a27c2d54279948044b,0x44bc54f8,0x44bc54f7,False,-13,0.5545045137635043,0.5545045137635043,-0.5,0.5,0.17231923320980802,0.10889622842250567,0.5025047237858362,0.1770051102523103,5.068426785747089,3.3278898647324757,False,False,1023,920,0.8993157380254154,0.6319447132748008,0.853853710499752,0.9206968700299428,0.02075315496816842,91.18143323492497,0.0,0.42969220534875746,1.2904691005819935,0.755423425521446,0.738562091503268,0.014431461703821282,0.4294497924677224,1.2575929981390668,0.7554233431366867,0.738562091503268,0.0,0.4676755818692964,1.1856606058993997,0.7149831295022502,0.738562091503268,0.009236408229856248,0.46758436526449043,1.166138446962861,0.7149831181588349,0.738562091503268,0.0,0.4358867042668804,1.2721299097574623,0.7486543604753579,0.738562091503268,0.014609765287787143,0.43564179518829294,1.239308887344852,0.748654276456495,0.738562091503268,0.0,0.4146019109479793,1.3374383936042176,0.7721732981762368,0.738562091503268,0.007287917004247121,0.41453785210455196,1.3200642449926185,0.7721732924570478,0.738562091503268
1,w1024_g027,1024,27,2,1498260507,62beb69ac51d87448a2d31650ec158b6e0742c515da22f456316e7f90c582c88,0x44826460,0x44826460,True,-13,0.0663240194021455,0.0663240194021455,-0.5,0.5,0.13216284350213925,0.09807596249984385,0.3278187477254475,0.1393153980731516,3.6744474848401367,2.5932635665258257,False,False,1023,925,0.9042033235581622,0.7420842341233097,0.906394441072446,0.942615441238355,0.027363960338303177,71.91988666393006,0.0,0.36921044370517153,0.1796374412829658,0.8243405662468823,0.7516339869281046,0.02275602860465975,0.3685085004489225,0.11822791263813609,0.8243399606027628,0.7516339869281046,0.0,0.43745620800919144,0.15161293447857974,0.7469495964370398,0.7516339869281046,0.020226049093869075,0.43698837611981556,0.10549015220404183,0.7469492899799602,0.7516339869281046,0.0,0.345310976922551,0.19207040561882036,0.852374611552573,0.7516339869281046,0.021435198185257378,0.3446450392243668,0.13024653225217356,0.8523741596984113,0.7516339869281046,0.0,0.3623287167146948,0.18304930396772942,0.8324017732789182,0.7516339869281046,0.017720151381601747,0.36189514391758654,0.1343037308939746,0.832401551378751,0.7516339869281046
1,w1024_g028,1024,28,3,1729128652,be9e24e2d8b8841f590c7131d044f524cf32e419dd40aaa626b423d7b805d311,0x44ab306a,0x44ab306a,True,-13,0.057248482620707364,0.057248482620707364,-0.5,0.5,0.1701472760693038,0.030396007623595473,0.489885967145265,0.06382512156182668,4.85831247489774,2.9201142171614323,False,False,1023,936,0.9149560117302052,0.17864527911228317,0.8647532894193145,0.6961063580679493,0.023087870191481945,84.85908318478734,0.0,0.422799181680594,0.1354034849195996,0.7630301190075741,0.7320261437908496,0.018093356922781984,0.42241185881204224,0.09269419141792602,0.7630299089396227,0.7320261437908496,0.0,0.24631581339417002,0.2324190308037379,0.9576347520730857,0.7320261437908496,0.005761781943150044,0.24624841481087992,0.20908439437914506,0.9576347578498124,0.7320261437908496,0.0,0.4263489573974053,0.1342761173152004,0.7591032297625535,0.7320261437908496,0.018665346612828947,0.4259401816096685,0.09058346141955678,0.7591029955622709,0.7320261437908496,0.0,0.24780921074699222,0.23101838082667883,0.9563755319854801,0.7320261437908496,0.006567751564201103,0.24772216204941805,0.2045869882501509,0.9563755412600198,0.7320261437908496
1,w1024_g029,1024,29,4,941860119,51659c75cda5caf7e557546c69522edf7e04f8405855a21d370414363af086c9,0x44bae77a,0x44bae77a,True,-13,-0.2245494058706754,0.2245494058706754,-0.5,0.5,0.17579491212582554,0.058882467681500135,0.5153622288567998,0.10060182378421775,5.084296995758006,3.2342168952154737,False,False,1023,932,0.9110459433040078,0.33494978307082574,0.8591924808299247,0.8403038903583888,0.021221293792496168,85.19604285461037,0.0,0.4252657337059174,-0.528021394796782,0.7602993932001505,0.75,0.01779989027110725,0.42489305498062546,-0.5703771650323478,0.7602991985779661,0.75,0.0,0.3390556740989514,-0.6622788616277279,0.8597024980501242,0.75,0.013378834698342995,0.3387916128253602,-0.702284919584669,0.8597024319821517,0.75,0.0,0.4318429732259443,-0.5199792975517261,0.7530658732698363,0.75,0.018131252187372285,0.4314621782019156,-0.5624610228164147,0.7530656699932365,0.75,0.0,0.3085914256545939,-0.7276592516929272,0.8948247152147564,0.75,0.01276819860411772,0.3083271656729919,-0.7696941135783323,0.8948246835430691,0.75
1,w1024_g030,1024,30,0,1743960298,e5548e9ae7476f5e1a6a7039eaab69847e79ee05b856d94859058243ba34775f,0x44b1e6e5,0x44b1e6e6,False,-13,-0.5957003345984049,0.5957003345984049,-0.5,0.5,0.17632812902547856,0.06798226296928617,0.5173116057613039,0.13989446923977839,5.073781578295904,3.3550808798927454,False,False,1023,931,0.9100684261974584,0.3855440612057028,0.8565942796616521,0.8427443301284421,0.022364501595590464,86.28278491580221,0.0,0.42335239449930184,-1.407102787981012,0.7624168147530987,0.7516339869281046,0.018968864363627783,0.4229272184585036,-1.4533687408495375,0.7624165615713884,0.7516339869281046,0.0,0.3603648919972318,-1.6530476409532724,0.8347053320975388,0.7516339869281046,0.012666407697102967,0.36014221843631067,-1.6892402810671707,0.8347052743025548,0.7516339869281046,0.0,0.4310165086966911,-1.3820824088610553,0.7539708883931295,0.7516339869281046,0.019709203330788756,0.4305656489702243,-1.4293047747795415,0.7539706034097247,0.7516339869281046,0.0,0.3576844277657139,-1.6654354742795603,0.8378509718608393,0.7516339869281046,0.01215695970671337,0.3574777730108203,-1.7004058439368184,0.8378509230385913,0.7516339869281046
1,w1024_g031,1024,31,1,824850642,4fd712bd5dac5a53c5e6d3a06380c30f8d163307a172cd4bbdb8513ad18887c2,0x4496661a,0x4496661a,True,-13,0.18946391043141375,0.18946391043141375,-0.5,0.5,0.14783745303053797,0.13190985250129889,0.4014488460621358,0.27989124260049375,4.331279319810855,3.4879886601818333,False,False,1023,932,0.9110459433040078,0.8922627507256297,0.8631382917582338,0.9081328224932032,0.02659555503046788,72.98514349297524,0.0,0.3979997825793474,0.47604023601103646,0.790986288159583,0.738562091503268,0.013367053320786188,0.39777524912785495,0.4427044103340518,0.7909862194958361,0.738562091503268,0.0,0.514726933217594,0.3680862574007185,0.6686453175962965,0.738562091503268,0.010165653855813965,0.5146265396005857,0.3484046056286906,0.6686453049856758,0.738562091503268,0.0,0.3895997366640446,0.4863040002380448,0.8006369690294926,0.738562091503268,0.013058349000157513,0.38938083456955475,0.45304120226221634,0.8006369050640281,0.738562091503268,0.0,0.5213544107897546,0.36340713056289536,0.6624616621981072,0.738562091503268,0.009164423933662553,0.5212738579517453,0.34588246417383484,0.6624616541999624,0.738562091503268
1,w1024_g032,1024,32,2,592573068,12018b5e3130f14da072e70b6859a92bd15b7bf19706dc29ca436171c4d924a8,0x448f574a,0x448f574a,True,-13,-0.07843915593980455,0.07843915593980455,-0.5,0.5,0.16138789734604536,0.023636005329911725,0.441330626477088,0.05351537415518913,4.224207333731564,2.4526573701500687,False,False,1023,930,0.9090909090909091,0.14645463333122047,0.8874839379037015,0.6886122015749035,0.027297723855134418,72.47790132114683,0.0,0.4079949352925264,-0.19225521974571774,0.7796151465992203,0.7516339869281046,0.025146483736757277,0.40721925492298344,-0.25437313787176585,0.7796143139830192,0.7516339869281046,0.0,0.21475354135420666,-0.36525197882734733,0.9801011840449703,0.7516339869281046,0.009929258268569737,0.2145238759541907,-0.4119281073741387,0.9801012982136781,0.7516339869281046,0.0,0.40065957316199236,-0.19577506989478693,0.7879477848866103,0.7516339869281046,0.024870965389189363,0.39988689481772177,-0.25834835466684947,0.787946967977295,0.7516339869281046,0.0,0.2245652116848147,-0.3492934428770593,0.9740209463969056,0.7516339869281046,0.010982650180691488,0.22429649059683077,-0.3986767955332402,0.9740210858578426,0.7516339869281046
1,w1024_g033,1024,33,3,1368717949,698d78de23b46d1858c230b894bec9622764d018663bb19134c4da8b0b8720e6,0x447f9cd0,0x447f9ccf,False,-14,0.5003878688357872,0.5003878688357872,-0.5,0.5,0.294437881461772,0.1650951585155213,0.8989034513306766,0.32618203931815054,6.934639472548966,4.853727789150081,False,False,1023,924,0.9032258064516129,0.560713036297798,0.8313864556128757,0.843894623678915,0.030715486362539193,69.3559136549271,0.0,0.5561839854621369,0.899680468900973,0.631338334227175,0.7320261437908496,0.023801454212142154,0.555674469866966,0.8576719652744612,0.6313380403959006,0.7320261437908496,0.0,0.5740519422896179,0.8716769894375411,0.6162465681387252,0.7320261437908496,0.013428135489707935,0.5738948663507567,0.8485173189342595,0.6162465415293116,0.7320261437908496,0.0,0.5775295756629938,0.8664281275315654,0.6133763063999065,0.7320261437908496,0.02528395935271825,0.5769758505907571,0.8234381196312065,0.613375978646653,0.7320261437908496,0.0,0.5602110114338728,0.8932131975682398,0.6278861699761475,0.7320261437908496,0.014847417234963117,0.5600142244025714,0.8670144979242328,0.6278861266276552,0.7320261437908496
1,w1024_g034,1024,34,4,728896643,5e1531c3a6cb3990cc8229baf50e086f421e329a73eea42b6ef85e776a332a9c,0x4491f31f,0x4491f31f,True,-13,0.05100072209256723,0.05100072209256723,-0.5,0.5,0.16146665570861984,0.021221427696465792,0.44295767982887546,0.05144499156874752,4.261760804045261,2.556969399225641,False,False,1023,923,0.9022482893450635,0.13142916476056607,0.88705105111693,0.6289093437803603,0.026987851058891094,72.58967654177981,0.0,0.40756667343976727,0.12513467222953506,0.7800996510194746,0.75,0.01705907974801665,0.4072095051652266,0.0833517929076303,0.7800994745450409,0.75,0.0,0.2035472853108558,0.2505595788943062,0.9859675518623976,0.75,0.008031794455902961,0.20338875985471042,0.2112650063226644,0.9859676107369683,0.75,0.0,0.40036000160526686,0.12738715627954053,0.7882895714384768,0.75,0.016809415933332496,0.4000069679659963,0.08547677639990828,0.7882894009407733,0.75,0.0,0.22067466604481775,0.23111271903866518,0.9765350755236424,0.75,0.009130577614011036,0.22048569292910225,0.18989959812049867,0.9765351480089809,0.75
1,w1024_g035,1024,35,0,897592238,a6ec34d24b86c9cd722058cb8d000975b53ff20adb79e7599baf08f5d721bfb6,0x44bbe869,0x44bbe869,True,-13,-0.41449791185891627,0.41449791185891627,-0.5,0.5,0.17619128072226087,0.021606794041981188,0.5137161367918577,0.047072230066823616,5.114665865235349,2.821288345046247,False,False,1023,933,0.9120234604105572,0.12263259540091011,0.8572595990420275,0.5724954679825534,0.021064206225644956,85.99088818987323,0.0,0.4231880806646697,-0.9794649962917094,0.7625989262662953,0.7516339869281046,0.018961502064789502,0.4227630696455096,-1.02530103749877,0.7625986732947987,0.7516339869281046,0.0,0.2031607612294308,-2.0402459084646813,0.9861490242981434,0.7516339869281046,0.007140864959191218,0.20303522588692927,-2.0766779507163893,0.9861490612792609,0.7516339869281046,0.0,0.4295160507586111,-0.9650347434672818,0.7556168559830461,0.7516339869281046,0.0196405915027167,0.42906676056844256,-1.011820404793117,0.7556165729730011,0.7516339869281046,0.0,0.2074828225481231,-1.9977456772971098,0.9840403967709319,0.7516339869281046,0.007051915369390525,0.20736294785269355,-2.0329081525585146,0.9840404297121832,0.7516339869281046
1,w1024_g036,1024,36,1,648014337,5c0c22a75baaad2d1722276f4a190e4c888170e6989e756bcc28ebb31cb431d0,0x44b152fb,0x44b152fb,True,-13,-0.4699335381326364,0.4699335381326364,-0.5,0.5,0.17555182997007318,0.03043093899690795,0.5075041005035317,0.06657582794016591,4.940966756047157,2.8322693413556466,False,False,1023,939,0.9178885630498533,0.17334447041705914,0.8603821828141305,0.6953073044777419,0.021845508078102926,78.18476394771122,0.0,0.4337038519719869,-1.0835355415819308,0.7510323152968845,0.738562091503268,0.014566195180230078,0.43345917590161887,-1.1177517059249706,0.7510322313963411,0.738562091503268,0.0,0.24722703066573748,-1.900817790300643,0.9568683172760675,0.738562091503268,0.0048826363171599555,0.24717881089282684,-1.9209420610720138,0.956868320163974,0.738562091503268,0.0,0.4380496377274984,-1.0727860444550175,0.7463061269492903,0.738562091503268,0.014682261075989444,0.4378035133743093,-1.106925331579725,0.746306042153049,0.738562091503268,0.0,0.254270914522355,-1.8481608052395655,0.9507483362948306,0.738562091503268,0.004469601496519511,0.25423162791929943,-1.8660272268710225,0.9507483378612986,0.738562091503268
1,w1024_g037,1024,37,2,299534647,49a238ab05f72bb7d94a887744409d2df8fb0e63085c0a85c4d468f2e4294740,0x44aace54,0x44aace54,True,-13,-0.3836024269430709,0.3836024269430709,-0.5,0.5,0.17422094004454758,0.1322352043067357,0.5052813706832977,0.25522542870736475,4.815458616726584,3.5211926739580184,False,False,1023,935,0.9139784946236559,0.7590086718216748,0.8669547221364202,0.9354386172364075,0.022893967123534576,80.03474060244993,0.0,0.42390590528364097,-0.9049235270416851,0.7618036653302038,0.7516339869281046,0.026127145292839406,0.42309997496240775,-0.9683989517425865,0.7618027554930747,0.7516339869281046,0.0,0.5079568716856844,-0.7551870017430101,0.6750494379250562,0.7516339869281046,0.02348568939286133,0.5074136437724639,-0.8022805877062306,0.6750490630383057,0.7516339869281046,0.0,0.4287065647671222,-0.8947901862698269,0.7565063870073108,0.7516339869281046,0.02661198396008481,0.4278797973545082,-0.9587141375672001,0.7565054286631685,0.7516339869281046,0.0,0.4904166052135881,-0.7821970603462803,0.6920539597435511,0.7516339869281046,0.023984454125613487,0.4898297588239374,-0.8320990583489353,0.692053506758721,0.7516339869281046
1,w1024_g038,1024,38,3,72363667,dfedf40825be35077b3ccabd5cdc5c835194fa7d5d0196b6cdd6a866edc9992a,0x448bbc02,0x448bbc02,True,-13,0.1018440645989358,0.1018440645989358,-0.5,0.5,0.16011166875703117,0.045351880449068294,0.4355998491561959,0.08782755680908634,4.191902942417536,2.7466611892768977,False,False,1023,941,0.9198435972629521,0.28325156311929767,0.8945579530747154,0.832609724068066,0.02828147973377194,76.67460752258488,0.0,0.4101409468263887,0.24831479369955728,0.7771911430813607,0.7320261437908496,0.017551657763575576,0.40976522006314403,0.20570903216815456,0.7771909471903792,0.7320261437908496,0.0,0.30087192971334653,0.33849639843759094,0.903454468654028,0.7320261437908496,0.0070379502961465164,0.30078960311995806,0.3151907955574502,0.9034544666784163,0.7320261437908496,0.0,0.4020328735196235,0.2533227288289516,0.7863824167357314,0.7320261437908496,0.017600800479971014,0.4016474115600769,0.20974432224459638,0.786382212882345,0.7320261437908496,0.0,0.29069463730048367,0.35034724253843796,0.9145708248827398,0.7320261437908496,0.007704355108835667,0.2905925241082721,0.32395778170475076,0.9145708243628277,0.7320261437908496
1,w1024_g039,1024,39,4,776954976,699a328def732c288641ccf2681b61b376bdfbf609af5aa0ec806bb7bda0b34b,0x44c676d8,0x44c676d8,True,-13,-0.2505336430663192,0.2505336430663192,-0.5,0.5,0.17791182007983192,0.022570807552609387,0.5233427924250189,0.05033516997077984,5.252103491244964,2.973560653714918,False,False,1023,922,0.9012707722385142,0.12686513769844804,0.8489692624070275,0.5047772056941537,0.020084926089024232,81.66426142909874,0.0,0.42781857900742454,-0.5856072067921373,0.7574834165799338,0.75,0.017906741970278858,0.42744366311356374,-0.6280134862246829,0.7574832195331878,0.75,0.0,0.20991891085901446,-1.1934781961334697,0.9827751218499854,0.75,0.00828321312097941,0.20975542309229406,-1.2338982819691728,0.9827751821080549,0.75,0.0,0.4351737476182295,-0.5757094595837341,0.7494301508054042,0.75,0.018271097256598798,0.43479001554904,-0.6182403705464103,0.7494299444954535,0.75,0.0,0.2182813834119573,-1.1477554299419708,0.9780146777285725,0.75,0.0090315537739697,0.21809445976609723,-1.190150346408012,0.978014750641474,0.75
1,w1024_g040,1024,40,0,1394324226,8f8ea392726036f3589196e47cb95ad2c37e3c30bb4846bd9d7477eab2677aba,0x44b907f6,0x44b907f5,False,-13,0.5423876730228585,0.5423876730228585,-0.5,0.5,0.17654003748758668,0.12575418531142815,0.5141385772464355,0.24107267549294037,5.054685269267122,3.759098113642274,False,False,1023,931,0.9100684261974584,0.7123267169367771,0.8555660733746423,0.8904607539649843,0.021524662897200907,81.60315178391205,0.0,0.423606707347491,1.2804038831659237,0.7621350403048432,0.7516339869281046,0.018980259187386682,0.4231812758983584,1.2368397271933793,0.7621347867982964,0.7516339869281046,0.0,0.49012390984676385,1.1066337759209397,0.6923427637325898,0.7516339869281046,0.0172272865700384,0.4898210567145031,1.0721474286453858,0.6923426430639538,0.7516339869281046,0.0,0.42969261487300237,1.262269013357755,0.7554229758939033,0.7516339869281046,0.019648665295625426,0.42924313999002806,1.217815636469757,0.7554226926504445,0.7516339869281046,0.0,0.4695412529097076,1.1551438125228142,0.7130648576651686,0.7516339869281046,0.015958743655460277,0.4692699720682726,1.1218039949311094,0.7130647575729596,0.7516339869281046
1,w1024_g041,1024,41,1,680799446,a969899ab49795c0d8034ed1bf103d7c96fe8dcdc4b20a6aec0723548cbeaa38,0x44af5d7c,0x44af5d7c,True,-13,0.22623924064600942,0.22623924064600942,-0.5,0.5,0.16874333566538435,0.04150741098787454,0.4812609901692444,0.06795797669604828,4.7883095716376936,2.7969062578631623,False,False,1023,931,0.9100684261974584,0.24597955720268058,0.8719480155259827,0.8156174008674355,0.022774009110921103,83.79059155699004,0.0,0.42521043492282345,0.5320641782628696,0.7603605082220093,0.738562091503268,0.014280938847083192,0.4249705504536785,0.4987599765975538,0.7603604275876903,0.738562091503268,0.0,0.2887361083584125,0.7835502179906616,0.9166703447341475,0.738562091503268,0.00570242422501253,0.2886797925520921,0.7639496151473822,0.9166703447316324,0.738562091503268,0.0,0.4265735054410584,0.5303640234573123,0.7588555066712357,0.738562091503268,0.014297611584561437,0.42633382911428647,0.49712599514272465,0.7588554261559604,0.738562091503268,0.0,0.25689675418689223,0.8806621218788172,0.9483821496766995,0.738562091503268,0.004515758788698534,0.2568570618735697,0.8632173872893076,0.9483821511431108,0.738562091503268
1,w1024_g042,1024,42,2,773918069,b51115a4d433f04498485d16a7dd67fadbdd6358fe45c78c09dcd460b40fa04a,0x44875be2,0x44875be2,True,-13,-0.427348540215462,0.427348540215462,-0.5,0.5,0.15503052617842844,0.11574462222754134,0.408186526647163,0.19742039528066707,4.061745399255877,2.830668720107047,False,False,1023,917,0.8963831867057673,0.7465924620182738,0.8986805379626752,0.9421559038163108,0.02785258775251855,72.98760864315841,0.0,0.39987835859875603,-1.0686963448408817,0.7888393224650825,0.7516339869281046,0.024646224184070184,0.3991181094727523,-1.1324837276780841,0.7888385327611427,0.7516339869281046,0.0,0.47522984330856033,-0.8992460095524564,0.7072566391686941,0.7516339869281046,0.021972535686197624,0.47472161489297876,-0.946493822496274,0.7072562906781336,0.7516339869281046,0.0,0.3853211283900431,-1.1090711324370368,0.8055816946551544,0.7516339869281046,0.023918830572999903,0.3845780304798966,-1.1734091264270787,0.8055809675616038,0.7516339869281046,0.0,0.43131961043457584,-0.9907932073500836,0.7536388464061481,0.7516339869281046,0.02109423967290032,0.4308034811814506,-1.040945116456666,0.7536384729400887,0.7516339869281046
1,w1024_g043,1024,43,3,1838608254,9931e67b3dd1ef9636b33e1a56206fe9c7f0e47d82621da636e4037c3d3b5996,0x44b60489,0x44b60489,True,-13,-0.24230515224348892,0.24230515224348892,-0.5,0.5,0.1702563694802099,0.06761691322898841,0.4925470517236181,0.13899286876601905,4.952526845417662,3.416199824835082,False,False,1023,935,0.9139784946236559,0.3971476276360281,0.8641991904083758,0.8472978716529882,0.02159187204589281,83.91488501414258,0.0,0.422934703138412,-0.5729138574949021,0.7628798321229691,0.7320261437908496,0.018099156456492647,0.42254725611976235,-0.6162726296965357,0.7628796219103471,0.7320261437908496,0.0,0.3673767707650139,-0.6595549080006344,0.8264864954800717,0.7320261437908496,0.008593621395875554,0.3672762466714039,-0.6831336791127675,0.8264864831642577,0.7320261437908496,0.0,0.4275053633248757,-0.5667885669526749,0.757828347678775,0.7320261437908496,0.018715973492728282,0.42709547879572946,-0.6111540362642377,0.7578281121674886,0.7320261437908496,0.0,0.36569403678041745,-0.6625898370581911,0.8284571789041588,0.7320261437908496,0.00969208357850659,0.3655655783203125,-0.6893352404235193,0.8284571589899884,0.7320261437908496
1,w1024_g044,1024,44,4,1607321960,d64d91cfe22b52f2b49d4178ae75b63d20896d3cc9464d13c4f5f4def3532980,0x44957a82,0x44957a82,True,-13,-0.25587195189496015,0.25587195189496015,-0.5,0.5,0.16095816284335718,0.10575632646112193,0.44291548935317543,0.1661901726532973,4.320614425610538,2.908917637328164,False,False,1023,940,0.9188660801564027,0.6570423307082779,0.889853388834065,0.9387982496079356,0.026472011336463125,73.99168013476071,0.0,0.40692441028477494,-0.6287947968417406,0.7808267330849041,0.75,0.017032197230150908,0.4065678048531697,-0.6712389566204567,0.7808265573138831,0.75,0.0,0.4543925412382537,-0.5631077288321897,0.7288291320138682,0.75,0.017929924675475002,0.4540386540087637,-0.6030364907326818,0.7288289586110352,0.75,0.0,0.40034093456802894,-0.6391351215959168,0.7883113291798849,0.75,0.016808615389426355,0.3999879177418903,-0.6817220100641779,0.7883111587043597,0.75,0.0,0.396628207603542,-0.6451178887173912,0.792556527136588,0.75,0.016410785607328067,0.3962885579758123,-0.6870820063366734,0.7925563704818712,0.75
1,w1024_g045,1024,45,0,1726758075,aae810ee5120fd8169c9773a76ca95eacec19e396ecafd6b01fd8944d6f9bd1a,0x44964bd8,0x44964bd8,True,-13,-0.09166193126179678,0.09166193126179678,-0.5,0.5,0.16628541856681445,0.13835718945184933,0.4608266182986694,0.31329852196553887,4.387138358899173,3.4957581565713616,False,False,1023,942,0.9208211143695014,0.8320464334415264,0.8848365535282746,0.9222807081599117,0.02655439331973034,70.98773932195155,0.0,0.41111971613431525,-0.22295678768140198,0.7760877372282082,0.7516339869281046,0.018420763018922388,0.4107068254657581,-0.2680322981140646,0.7760875004227124,0.7516339869281046,0.0,0.5140975461986308,-0.17829676865717145,0.6692369543777237,0.7516339869281046,0.018069932062866178,0.5137798794841004,-0.21357758002288363,0.6692368279058001,0.7516339869281046,0.0,0.4068052717494283,-0.22532139484725247,0.780961667363314,0.7516339869281046,0.01860208983918163,0.4063797379013147,-0.2713324775256264,0.7809614171248903,0.7516339869281046,0.0,0.5352774322929122,-0.17124191257074692,0.6497451350101349,0.7516339869281046,0.018192981497534722,0.5349681719002763,-0.20534850207838085,0.6497450209098687,0.7516339869281046
1,w1024_g046,1024,46,1,94028066,1ef40e2d58fc03bd69fd8141119b646160d1a8cb01e02bd8edeb5f6bf52e8aae,0x449c22a0,0x449c22a0,True,-13,-0.10371868393758632,0.10371868393758632,-0.5,0.5,0.16623907937365806,0.027189740383868725,0.466135073949098,0.054673967847850564,4.576861663476857,2.6507196986251587,False,False,1023,928,0.9071358748778103,0.16355805437753862,0.8850832019825386,0.7063594170270616,0.025196017718744843,87.36591146827855,0.0,0.4220434470232446,-0.24575357032346928,0.7638687235351329,0.738562091503268,0.014174573723349699,0.42180534922523627,-0.2794968292305444,0.7638686441745517,0.738562091503268,0.0,0.23369036476730962,-0.44382952647988366,0.9676115419494145,0.738562091503268,0.004615292506287238,0.23364478521927176,-0.4636695672116282,0.9676115454135839,0.738562091503268,0.0,0.4198164374058722,-0.24705722476824474,0.7663451275207,0.738562091503268,0.01407113260031778,0.41958055763286134,-0.28073230371406244,0.7663450497099978,0.738562091503268,0.0,0.2304245210951935,-0.45011999349990106,0.9699861799766349,0.738562091503268,0.004050427026844714,0.2303889189237397,-0.46777037484213096,0.9699861822126437,0.738562091503268
1,w1024_g047,1024,47,2,76904324,5fc2ae58f23b2db476096eb4145d68be4bbc974e03426336c57021af0c92d493,0x44ad461e,0x44ad461f,False,-13,-0.5708129403835756,0.5708129403835756,-0.5,0.5,0.16962748965892338,0.1260021515424133,0.4898164650921648,0.23500879054654994,4.8527226177313985,3.4403911340896296,False,False,1023,923,0.9022482893450635,0.7428168146317011,0.8674031370889094,0.9274601880693286,0.022560117028890152,89.5263220636227,0.0,0.4182802970024609,-1.364666097050747,0.7680577612840802,0.7516339869281046,0.025780414843720876,0.41748506209318736,-1.4290172497097156,0.7680568777213226,0.7516339869281046,0.0,0.49584081766908383,-1.1512019987925377,0.6867318358168246,0.7516339869281046,0.022925496397820825,0.4953105471132825,-1.1987195512830509,0.6867314697371115,0.7516339869281046,0.0,0.4220949736435736,-1.3523329488059308,0.7638115182543856,0.7516339869281046,0.026201569071695845,0.4212809567893501,-1.4171409835498259,0.7638105906646458,0.7516339869281046,0.0,0.47059276878281175,-1.2129658130106489,0.7119865977013358,0.7516339869281046,0.02301494393690251,0.4700296441568916,-1.2633838986595147,0.7119861669300462,0.7516339869281046
1,w1024_g048,1024,48,3,1223953949,de86a742a00d721616bf723e72cc5e1cd34dee9c13b36211dcc1a85b8e205457,0x44ab8372,0x44ab8373,False,-13,-0.7342014087464577,0.7342014087464577,-0.5,0.5,0.1700799639481552,0.11594472101079614,0.48672267321366364,0.20602644893481942,4.802991206679518,3.5056645620125044,False,False,1023,931,0.9100684261974584,0.6817071118743835,0.8650955306617855,0.8984166399172863,0.02323396198614098,80.46751358666158,0.0,0.42271554142000184,-1.7368687374968539,0.7631228865615376,0.7320261437908496,0.018089777603914826,0.422328295173608,-1.7812947769486425,0.7631226765829473,0.7320261437908496,0.0,0.48107137039903736,-1.5261798018399118,0.7013565336983949,0.7320261437908496,0.011253148131809004,0.4809397364272694,-1.5499957695656092,0.701356510544211,0.7320261437908496,0.0,0.4249702168610875,-1.727653796939964,0.7606260489664349,0.7320261437908496,0.01860498603365309,0.4245627629852237,-1.7731333513257523,0.7606258163445274,0.7320261437908496,0.0,0.4452286549008611,-1.649043476121145,0.7385703471084857,0.7320261437908496,0.011800010120034553,0.4450722580727731,-1.6761355158301388,0.7385703129949885,0.7320261437908496
1,w1024_g049,1024,49,4,148681922,a1b5378c479efbaa2ab31e7aec66c56350e4cc802740568fd22015986c53c8e2,0x44dd431b,0x44dd431b,True,-13,-0.1057524537009158,0.1057524537009158,-0.5,0.5,0.27615975985171287,0.08132083471923933,0.8223285670193201,0.1354681717380154,6.230311516530503,3.813639189748763,False,False,1023,916,0.895405669599218,0.29447025432997725,0.8864132370266774,0.8486191380711419,0.01791515280919964,95.25187421334881,0.0,0.5330125536357521,-0.19840518385460856,0.6517885868104503,0.75,0.022309732987798064,0.5325454517196806,-0.24047184381197717,0.651788325023444,0.75,0.0,0.3984546774924063,-0.26540648077329,0.7904660058424484,0.75,0.01572266642969288,0.3981443554490232,-0.30510320809046826,0.790465874576523,0.75,0.0,0.545496857741498,-0.19386445989580775,0.640645390253932,0.75,0.02290309605189621,0.5450158438037246,-0.2360583664043801,0.6406451210859614,0.75,0.0,0.3580960764984561,-0.295318660665001,0.8373677971495064,0.75,0.014816490167828983,0.35778942357578813,-0.336982973570781,0.8373676893548003,0.75
1,w1024_g050,1024,50,0,331060325,0214173d9645098c3fd3750b23f6e0f7b43583533ebcf25aeadc7e254035eece,0x44b1126e,0x44b1126d,False,-13,0.8438220415941942,0.8438220415941942,-0.5,0.5,0.17491376062613195,0.11052765452303978,0.5074445711358854,0.1752085447949866,4.9064817908834,3.243416851505123,False,False,1023,931,0.9100684261974584,0.6318979943452605,0.8635207780450704,0.9159425268140795,0.02254985044952565,78.66926522862003,0.0,0.4216510725880892,2.001233001530921,0.764304477415644,0.7516339869281046,0.018892634383611183,0.4212276051978708,1.9583935075268253,0.7643042264232331,0.7516339869281046,0.0,0.45949431481644476,1.8364145417800821,0.7234723179945686,0.7516339869281046,0.016150691854884627,0.4592103880589404,1.8023794131440176,0.7234722069670472,0.7516339869281046,0.0,0.4268861838586099,1.9766909155197179,0.7585106934915813,0.7516339869281046,0.01952033489903865,0.4264396446096402,1.9329856337576572,0.7585104139963159,0.7516339869281046,0.0,0.40029245275593334,2.1080138678225095,0.7883666547075532,0.7516339869281046,0.013605119041533553,0.40006118090765425,2.075224896024838,0.7883665815395724,0.7516339869281046
1,w1024_g051,1024,51,1,1171379620,c118b7160bdd1327fada5819565cdb9fb0b2da946756c00358a34f3eaf3b1906,0x44969b2e,0x44969b2e,True,-13,0.16856000136203875,0.16856000136203875,-0.5,0.5,0.16514142271319895,0.022937890700564068,0.4580775130781729,0.05365545829101913,4.4087019603259785,2.5068821933684884,False,False,1023,930,0.9090909090909091,0.13889846849872606,0.8909661443464533,0.7095701117045788,0.025841577843672553,78.48092288854232,0.0,0.42064778828874416,0.4007152921159175,0.7654197747396523,0.738562091503268,0.014127699716030439,0.420410477858183,0.36733694752989227,0.7654196959501725,0.738562091503268,0.0,0.2146421528051799,0.7853070757962084,0.9801652140655195,0.738562091503268,0.004239097835126853,0.21460028846762164,0.7657068156816771,0.9801652178592437,0.738562091503268,0.0,0.4161721692018898,0.4050246840995953,0.7704139442806675,0.738562091503268,0.013948986403646155,0.4159383370122514,0.37171619252263954,0.7704138679866809,0.738562091503268,0.0,0.2282681669634884,0.7384297320309231,0.9715052066245242,0.738562091503268,0.004012522401881216,0.2282328979635614,0.7209630181641405,0.9715052088958759,0.738562091503268
1,w1024_g052,1024,52,2,1978214972,459725827a58831fc4ad3f3d94125ac6361c45e97c44758ab9ccba6798d248ee,0x44a3519c,0x44a3519d,False,-13,-0.764236641526395,0.764236641526395,-0.5,0.5,0.1669476451060814,0.10573234928363148,0.47074085499690216,0.1625035985185288,4.613473850921773,2.990394064358958,False,False,1023,923,0.9022482893450635,0.6333263893386896,0.8813266972000372,0.9297749679518916,0.024220897148579303,83.72720178160314,0.0,0.41496306136135686,-1.8416980032371721,0.7717683327008229,0.7516339869281046,0.025575959334879314,0.4141741331837248,-1.9069578169695085,0.7717674651550261,0.7516339869281046,0.0,0.454210569006939,-1.6825602345565844,0.7290210856651429,0.7516339869281046,0.02100069698289784,0.45372481938267367,-1.730646649609485,0.7290207588789555,0.7516339869281046,0.0,0.413794235775823,-1.8469001630569535,0.7730796569121028,0.7516339869281046,0.02568630030478661,0.4129962270262887,-1.912663821456413,0.7730787701651257,0.7516339869281046,0.0,0.3913223806994301,-1.952959194821509,0.7986514396576285,0.7516339869281046,0.019138123767492868,0.39085411326341424,-2.004263838374745,0.7986511456744779,0.7516339869281046
1,w1024_g053,1024,53,3,944946956,bca0b6dbb64b325628233dd6c5638ea1cafdfde7d77d7c657953444b3cffe1c2,0x44bb1a41,0x44bb1a41,True,-13,0.14129687239301347,0.14129687239301347,-0.5,0.5,0.19526800748791395,0.06550693985613201,0.5846157592399714,0.12182033397628797,5.296972445961284,3.3239768379307923,False,False,1023,928,0.9071358748778103,0.33547195313183364,0.8535277683774309,0.8149581828110588,0.021057337367084667,84.10386234903186,0.0,0.4529363594577468,0.3119574515107893,0.7303668840735325,0.7320261437908496,0.01938305363411407,0.45252142816738994,0.2694100459565483,0.7303666453564718,0.7320261437908496,0.0,0.3615993805968429,0.39075529432543266,0.8332571557650974,0.7320261437908496,0.008458477566127885,0.3615004373514419,0.36746399478831987,0.8332571442522108,0.7320261437908496,0.0,0.46575010858627636,0.3033748565768491,0.7169697778064799,0.7320261437908496,0.020390309536097568,0.4653035556764533,0.2598444851364681,0.7169695051807632,0.7320261437908496,0.0,0.3423588131039539,0.41271574437346253,0.8558352220771472,0.7320261437908496,0.0090736241139044,0.3422385516790702,0.3863481996122393,0.8558352077826136,0.7320261437908496
1,w1024_g054,1024,54,4,524327321,f1eb09710b679b7df2b610023c9dc62669062d95304c909d3f63d75857a7c5f6,0x44ae66da,0x44ae66da,True,-13,-0.08326468442760415,0.08326468442760415,-0.5,0.5,0.1688620754822796,0.04144849772560019,0.4810357015805661,0.08455868287203736,4.848318286564801,3.0089394793603845,False,False,1023,939,0.9178885630498533,0.2454577062802346,0.8713348823081773,0.7696549553583302,0.0221332663397388,86.69046564867345,0.0,0.41679576835225096,-0.19977334404516747,0.7697162703461737,0.75,0.017445372044158823,0.41643051222332894,-0.2418412040320255,0.7697160841135443,0.75,0.0,0.28446734062056017,-0.2927038451794283,0.9211964980127125,0.75,0.011224827714073276,0.2842457935001381,-0.33242184863373014,0.9211965035774614,0.75,0.0,0.4172133720703942,-0.19957338379258693,0.7692493881850855,0.75,0.017517017374263102,0.41684547728943755,-0.24177232881883773,0.7692491991985874,0.75,0.0,0.28291764385960033,-0.2943071463896567,0.922821791895496,0.75,0.01170592688291904,0.282675369430871,-0.33597059235027726,0.9228218010209965,0.75
1,w1024_g055,1024,55,0,344657825,0f2a4d7905e22b8bbe6c4d52beac84d0859a113cbf5fb2423392f40f53094cbe,0x449f16a8,0x449f16a8,True,-13,-0.3907041602365098,0.3907041602365098,-0.5,0.5,0.16561195207199095,0.12679488210124834,0.4624323060818082,0.25087204023346926,4.516818426519203,3.3015651769585537,False,False,1023,939,0.9178885630498533,0.7656143201918848,0.88843477071454,0.9370654571987405,0.025041553133405507,80.99711612870888,0.0,0.4102863410061952,-0.9522719164336262,0.7770271484498767,0.7516339869281046,0.01838342254329327,0.40987428730263953,-0.9980806199676157,0.777026912814296,0.7516339869281046,0.0,0.4921477766164446,-0.7938756991297049,0.690349189429984,0.7516339869281046,0.017298423137996836,0.4918436729139134,-0.8295371188924873,0.6903490682162078,0.7516339869281046,0.0,0.4075133843231739,-0.9587517251376122,0.780159956121961,0.7516339869281046,0.018634469885921,0.40708710976226886,-1.0055308073043059,0.780159704777506,0.7516339869281046,0.0,0.4789893876760482,-0.8156843769172444,0.7034518982137439,0.7516339869281046,0.01627986636794592,0.47871264810668773,-0.8501635129426405,0.7034517955137665,0.7516339869281046
1,w1024_g056,1024,56,1,678143264,a8da0ac83f177fa8e0da09d0c409808471c255d985b5293d94ff90b584e8f2a7,0x44bfb20f,0x44bfb20f,True,-13,0.04117528603273968,0.04117528603273968,-0.5,0.5,0.1765665160944293,0.07657033268421677,0.5134893967496871,0.17100344361325706,5.096674195948264,3.7485386748767335,False,False,1023,948,0.9266862170087976,0.43366281658559935,0.8554377693327101,0.7992379622934722,0.02075456140385199,83.94983721014067,0.0,0.43495544589774493,0.09466552590864608,0.7496678647460131,0.738562091503268,0.014608230687468688,0.43471006373477,0.06111442444424376,0.749667780382304,0.738562091503268,0.0,0.39216473992419737,0.10499487037182018,0.7976816931816217,0.738562091503268,0.007745098892735443,0.3920882511411877,0.085261894593129,0.7976816853169681,0.738562091503268,0.0,0.44062515566214716,0.09344742465024207,0.7435204938935935,0.738562091503268,0.014768585600576607,0.4403775842179638,0.05996377058804414,0.7435204081891935,0.738562091503268,0.0,0.4075123970808908,0.10104057282106788,0.7801610733802726,0.738562091503268,0.00716329676661806,0.4074494336160587,0.08347536273217956,0.7801610678956139,0.738562091503268
1,w1024_g057,1024,57,2,1270306661,9af3a8ae41915118338af2914b1e8726937fb302b1d330f6b32fb1b0ecf196a9,0x44d89835,0x44d89835,True,-13,0.04286332951164695,0.04286332951164695,-0.5,0.5,0.18234640800905638,0.025095852589997372,0.5492123012372878,0.05119300719167567,5.61755291870419,3.1110321377584635,False,False,1023,920,0.8993157380254154,0.13762734821050585,0.8283226871086217,0.5707284347205422,0.01820456565782414,92.22296228220549,0.0,0.43367850443993683,0.09883664759221054,0.7510599758016143,0.7516339869281046,0.026729472636862546,0.4328539944436409,0.03727320778342751,0.7510590229244176,0.7516339869281046,0.0,0.22128616990872998,0.19370089657806466,0.9761487944802432,0.7516339869281046,0.010231298252085123,0.2210495182735131,0.14762317291813754,0.9761489073467113,0.7516339869281046,0.0,0.4469548133695379,0.09590081196017453,0.7367238822841138,0.7516339869281046,0.027744745011623453,0.4460928539199418,0.03389111564368785,0.736722846910091,0.7516339869281046,0.0,0.2196385240273345,0.19515396810038896,0.9771819667706305,0.7516339869281046,0.01074170419139205,0.21937569835323742,0.1464228971639915,0.9771821087859158,0.7516339869281046
1,w1024_g058,1024,58,3,1590215904,df388b49416f11800b33538540050e335b8bd01d33431d7c93afb4b911684ea3,0x44b074cc,0x44b074cc,True,-13,0.05913848282284562,0.05913848282284562,-0.5,0.5,0.17244622878379823,0.1290085992319044,0.5005023848237856,0.24275543445731218,4.964649871029688,3.5494391086251715,False,False,1023,935,0.9139784946236559,0.7481091360579819,0.8532249020715634,0.9209859255435058,0.022226142798315456,87.59348021765243,0.0,0.42564593319653565,0.13893820711201135,0.7598793379042634,0.7320261437908496,0.01821518140466406,0.4252560024422287,0.09623215470954113,0.7598791248285164,0.7320261437908496,0.0,0.507450110919122,0.11654048654306272,0.6755323690095585,0.7320261437908496,0.011870195607232119,0.5073112590196232,0.09317413397636642,0.675532344502912,0.7320261437908496,0.0,0.4309439432710678,0.13723010555376794,0.7540504050699104,0.7320261437908496,0.018866512823100735,0.43053076189270495,0.09354028460754052,0.7540501657290652,0.7320261437908496,0.0,0.48328809784818105,0.12236693410443399,0.6991347082117056,0.7320261437908496,0.012808709373772511,0.48311833176344204,0.09589736179118616,0.699134669840799,0.7320261437908496
1,w1024_g059,1024,59,4,1045632918,9af75b06c165d05867d71efdb1c563b85fb108381a4065260234a8f0d1751062,0x44937b7a,0x44937b7a,True,-13,0.09570940350954515,0.09570940350954515,-0.5,0.5,0.14623165612873062,0.1184960276082286,0.3966011205958042,0.2098906585688441,4.199442512896448,3.046755819340893,False,False,1023,928,0.9071358748778103,0.8103308869313098,0.8726165732154069,0.9367622392681662,0.026714137451995704,71.45828068203134,0.0,0.3878626307828391,0.2467610847592379,0.802642306974326,0.75,0.016234348834161562,0.3875227300116933,0.2050848854026846,0.8026421535458685,0.75,0.0,0.4809832042945026,0.19898699716537913,0.7014450978089806,0.75,0.01897916853931627,0.4806086078868786,0.15965222784417746,0.7014449102270064,0.75,0.0,0.37883189195827266,0.25264346941541893,0.8131137741423857,0.75,0.01590554205016796,0.37849784160121014,0.21084363684023197,0.8131136305267157,0.75,0.0,0.44573576550261856,0.21472228821849587,0.7380273419382508,0.75,0.01844264715658717,0.44535406298142494,0.173495119446526,0.7380271387841846,0.75
1,w1024_g060,1024,60,0,796639960,0a72a4be4458b6bd7400a7e7490e43f2f002cb1f303327721a0df75dbae0d8de,0x44cc8fcf,0x44cc8fcf,True,-13,0.49624063638270854,0.49624063638270854,-0.5,0.5,0.18385062313919104,0.05347054576838826,0.5469249765556295,0.12619165644397823,5.403279684253915,3.3620584525024304,False,False,1023,930,0.9090909090909091,0.2908369025646781,0.8215455791646399,0.7792452100105544,0.019292449850751254,89.38146378722573,0.0,0.4322885911821336,1.1479383136753438,0.7525783752526252,0.7516339869281046,0.019369262483505702,0.43185444045080623,1.104240987776817,0.7525781110293562,0.7516339869281046,0.0,0.31959646998241403,1.5527100046193079,0.8822934357173717,0.7516339869281046,0.011233444981047941,0.31939898769263164,1.5184994633370577,0.8822934099746688,0.7516339869281046,0.0,0.4431815501837072,1.119723138693403,0.7407669893860311,0.7516339869281046,0.02026547732808895,0.44271796535932273,1.0751204972409565,0.740766689243035,0.7516339869281046,0.0,0.33971527980515875,1.460754537350583,0.8589307129416799,0.7516339869281046,0.01154622524146143,0.3395190068549488,1.4275913906296296,0.8589306761090832,0.7516339869281046
1,w1024_g061,1024,61,1,1675465393,615fbd9d7a94bf79e091bea547322b65ff1e68d2f0ec15a6ed95df5af1f6382e,0x4495b2e4,0x4495b2e4,True,-13,-0.338865413924168,0.338865413924168,-0.5,0.5,0.16097163844145923,0.04387459049849851,0.44352624162502596,0.08122424428685239,4.305959341595334,2.703453124715457,False,False,1023,930,0.9090909090909091,0.2725609984671582,0.8897788955459691,0.8383862675122972,0.025986700048111558,77.78701974935538,0.0,0.41530320354932987,-0.8159470262403538,0.7713871007975293,0.738562091503268,0.013948198740612271,0.4150689082914166,-0.8500121440487964,0.7713870242509537,0.738562091503268,0.0,0.29685530473045846,-1.141517124754952,0.9078805957610978,0.738562091503268,0.005862775150093632,0.296797405335951,-1.1614932707516659,0.9078805950908277,0.738562091503268,0.0,0.4095087708287144,-0.8274924447611052,0.7779045408521341,0.738562091503268,0.01372564697783171,0.40927868256321925,-0.8614938327444814,0.777904467438423,0.738562091503268,0.0,0.28085440295132885,-1.2065519014949972,0.9249701563417201,0.738562091503268,0.004936888916663683,0.28081100901669065,-1.224319174824079,0.9249701567354823,0.738562091503268
1,w1024_g062,1024,62,2,57230666,febc7bba1930fe8bb413437a5a02dc2de74dc02f36ee29cf58d07c3de7582b55,0x44b9949e,0x44b9949e,True,-13,-0.43659757807745336,0.43659757807745336,-0.5,0.5,0.1710512203199272,0.13300995820803982,0.49570889550057096,0.26229310605304823,5.018715705551141,3.633489257786557,False,False,1023,917,0.8963831867057673,0.7776030943203062,0.8601833789403585,0.9299898919838149,0.02134182550289073,85.89239833477023,0.0,0.42003200043690814,-1.0394388466195768,0.766105087834732,0.7516339869281046,0.025888379865135584,0.41923343518735384,-1.1031704991180051,0.7661041959714493,0.7516339869281046,0.0,0.5094427347793996,-0.8570101176661399,0.6736363072717795,0.7516339869281046,0.023554389160586702,0.5088979178290921,-0.9042127136243799,0.6736359313776017,0.7516339869281046,0.0,0.4246262583390916,-1.0281926035031066,0.7610064269093115,0.7516339869281046,0.026358698710594947,0.42380735986216794,-1.0923743205842684,0.7610054873611191,0.7516339869281046,0.0,0.49716052015712886,-0.8781823181363346,0.685445579601702,0.7516339869281046,0.024314273949964552,0.4965656038079893,-0.9281993124228598,0.6854451199650368,0.7516339869281046
1,w1024_g063,1024,63,3,1074597735,5d7fe5c607fb904569538ab8a2feb26a80e88f569f3271a0f56ddf96a56e240f,0x44aba3fd,0x44aba3fd,True,-13,-0.2925195428567804,0.2925195428567804,-0.5,0.5,0.16964646012719742,0.028868151221207443,0.4879855528868954,0.060761533210429604,4.800580370111231,2.776546826444252,False,False,1023,910,0.8895405669599218,0.17016654046045343,0.8673061409966796,0.6991196461462391,0.02313498427476724,82.32555938272253,0.0,0.4221764840425456,-0.6928845018930547,0.7637210332454707,0.7320261437908496,0.01806670906936042,0.42178973162220157,-0.7363532789943164,0.7637208238441673,0.7320261437908496,0.0,0.2400454661837057,-1.2186005739134291,0.9627431918306137,0.7320261437908496,0.005615106937446209,0.23997978333483352,-1.2423323567146158,0.9627431981793226,0.7320261437908496,0.0,0.4255211862318309,-0.6874382576509621,0.7600171363161452,0.7320261437908496,0.018629107200363,0.42511320409634634,-0.731919514752653,0.7600169030614881,0.7320261437908496,0.0,0.24178868938846573,-1.209814832929628,0.9613525832923167,0.7320261437908496,0.00640818813049912,0.241703755537799,-1.2367525292362762,0.9613525935125223,0.7320261437908496
