schema_version,width,seed,candidate_count,target_unique,random_expected_regret,catalog_best_target,catalog_worst_target,correctly_rounded_bits,score_static_index,score_static_family,score_static_target,score_static_abs_error_ulp,score_static_correct_hit,score_static_output_bits,score_static_regret,score_static_best_hit,q_static_index,q_static_family,q_static_target,q_static_abs_error_ulp,q_static_correct_hit,q_static_output_bits,q_static_regret,q_static_best_hit,oracle_static_index,oracle_static_family,oracle_static_target,oracle_static_abs_error_ulp,oracle_static_correct_hit,oracle_static_output_bits,oracle_static_regret,oracle_static_best_hit,representative_1_index,representative_1_family,representative_1_target,representative_1_abs_error_ulp,representative_1_correct_hit,representative_1_output_bits,representative_1_regret,representative_1_best_hit,per_input_beam_index,per_input_beam_family,per_input_beam_target,per_input_beam_abs_error_ulp,per_input_beam_correct_hit,per_input_beam_output_bits,per_input_beam_regret,per_input_beam_best_hit,per_input_q_index,per_input_q_family,per_input_q_target,per_input_q_abs_error_ulp,per_input_q_correct_hit,per_input_q_output_bits,per_input_q_regret,per_input_q_best_hit,score_static_r1_index,score_static_r1_regret,score_static_r2_index,score_static_r2_regret,score_static_r4_index,score_static_r4_regret,score_static_r8_index,score_static_r8_regret,score_static_r16_index,score_static_r16_regret,score_static_r32_index,score_static_r32_regret,balanced_fp32_target,balanced_fp32_abs_error_ulp,balanced_fp32_correct_hit,balanced_fp32_output_bits,sequential_fp32_target,sequential_fp32_abs_error_ulp,sequential_fp32_correct_hit,sequential_fp32_output_bits,fp64_then_fp32_target,fp64_then_fp32_abs_error_ulp,fp64_then_fp32_correct_hit,fp64_then_fp32_output_bits,kahan_fp32_target,kahan_fp32_abs_error_ulp,kahan_fp32_correct_hit,kahan_fp32_output_bits,input_group_id
1,256,1484066434,64,2,0.46875,0.1583042104342751,0.3625549774864196,0x4382e08b,34,contiguous,0.3625549774864196,0.6021253835260723,0,1132650636,1.0,0,34,contiguous,0.3625549774864196,0.6021253835260723,0,1132650636,1.0,0,46,contiguous,0.3625549774864196,0.6021253835260723,0,1132650636,1.0,0,13,pair_merge,0.1583042104342751,0.39787461647392774,1,1132650635,0.0,1,56,contiguous,0.3625549774864196,0.6021253835260723,0,1132650636,1.0,0,58,contiguous,0.1583042104342751,0.39787461647392774,1,1132650635,0.0,1,13,0.0,13,0.0,6,0.0,6,0.0,26,0.0,34,1.0,0.3625549774864196,0.6021253835260723,0,1132650636,0.1583042104342751,0.39787461647392774,1,1132650635,0.1583042104342751,0.39787461647392774,1,1132650635,0.1583042104342751,0.39787461647392774,1,1132650635,wr256_reuse_confirm_g000
1,256,1718891183,64,4,0.09065593863405044,0.011615194476802078,3.5805199478910468,0x43f48366,34,contiguous,0.7960675711839243,0.8922261883535612,0,1140097893,0.21980199274207712,0,34,contiguous,0.7960675711839243,0.8922261883535612,0,1140097893,0.21980199274207712,0,46,contiguous,0.011615194476802078,0.10777381164643884,1,1140097894,0.0,1,13,pair_merge,0.7960675711839243,0.8922261883535612,0,1140097893,0.21980199274207712,0,35,pair_merge,0.011615194476802078,0.10777381164643884,1,1140097894,0.0,1,26,contiguous,0.011615194476802078,0.10777381164643884,1,1140097894,0.0,1,13,0.21980199274207712,13,0.21980199274207712,6,0.0,6,0.0,26,0.0,34,0.21980199274207712,0.011615194476802078,0.10777381164643884,1,1140097894,23.933877078012415,4.892226188353561,0,1140097889,0.011615194476802078,0.10777381164643884,1,1140097894,0.011615194476802078,0.10777381164643884,1,1140097894,wr256_reuse_confirm_g001
1,256,1593200661,64,3,0.1355871684102521,0.012809747018904987,1.2391700528934553,0x43b6b91e,34,contiguous,0.012809747018904987,0.11318015293727512,1,1136048414,0.0,1,34,contiguous,0.012809747018904987,0.11318015293727512,1,1136048414,0.0,1,46,contiguous,0.012809747018904987,0.11318015293727512,1,1136048414,0.0,1,13,pair_merge,0.012809747018904987,0.11318015293727512,1,1136048414,0.0,1,17,pair_merge,0.012809747018904987,0.11318015293727512,1,1136048414,0.0,1,26,contiguous,0.012809747018904987,0.11318015293727512,1,1136048414,0.0,1,13,0.0,13,0.0,6,0.0,6,0.0,26,0.0,34,0.0,0.012809747018904987,0.11318015293727512,1,1136048414,4.465530358768006,2.113180152937275,0,1136048412,0.012809747018904987,0.11318015293727512,1,1136048414,0.012809747018904987,0.11318015293727512,1,1136048414,wr256_reuse_confirm_g002
1,256,950737884,64,4,0.053922427311590054,0.044683947590357126,3.1991408313356544,0x43b00328,34,contiguous,0.044683947590357126,0.21138577906367573,1,1135608616,0.0,1,34,contiguous,0.044683947590357126,0.21138577906367573,1,1135608616,0.0,1,46,contiguous,0.044683947590357126,0.21138577906367573,1,1135608616,0.0,1,13,pair_merge,0.044683947590357126,0.21138577906367573,1,1135608616,0.0,1,41,pair_merge,0.044683947590357126,0.21138577906367573,1,1135608616,0.0,1,2,contiguous,0.6219123894630056,0.7886142209363243,0,1135608615,0.18298821735274545,0,13,0.0,13,0.0,6,0.0,6,0.0,26,0.0,34,0.0,0.044683947590357126,0.21138577906367573,1,1135608616,14.353597715080952,3.7886142209363243,0,1135608612,0.044683947590357126,0.21138577906367573,1,1135608616,0.044683947590357126,0.21138577906367573,1,1135608616,wr256_reuse_confirm_g003
1,256,1770464738,64,3,0.062302091744107134,0.04035588947666049,1.4421313963292335,0x4395e41e,34,contiguous,0.04035588947666049,0.2008877534262865,1,1133896734,0.0,1,34,contiguous,0.04035588947666049,0.2008877534262865,1,1133896734,0.0,1,46,contiguous,0.04035588947666049,0.2008877534262865,1,1133896734,0.0,1,13,pair_merge,0.04035588947666049,0.2008877534262865,1,1133896734,0.0,1,19,pair_merge,0.04035588947666049,0.2008877534262865,1,1133896734,0.0,1,6,contiguous,0.04035588947666049,0.2008877534262865,1,1133896734,0.0,1,13,0.0,13,0.0,6,0.0,6,0.0,26,0.0,34,0.0,0.04035588947666049,0.2008877534262865,1,1133896734,1.4421313963292335,1.2008877534262865,0,1133896733,0.04035588947666049,0.2008877534262865,1,1133896734,0.04035588947666049,0.2008877534262865,1,1133896734,wr256_reuse_confirm_g004
1,256,1599130610,64,3,0.1963229859892438,0.06717446175723883,1.5855351923580003,0x43b108af,34,contiguous,0.06717446175723883,0.2591803653003808,1,1135675567,0.0,1,34,contiguous,0.06717446175723883,0.2591803653003808,1,1135675567,0.0,1,46,contiguous,0.06717446175723883,0.2591803653003808,1,1135675567,0.0,1,13,pair_merge,0.5488137311564772,0.7408196346996192,0,1135675568,0.3172100408633927,0,13,pair_merge,0.5488137311564772,0.7408196346996192,0,1135675568,0.3172100408633927,0,55,pair_merge,0.06717446175723883,0.2591803653003808,1,1135675567,0.0,1,13,0.3172100408633927,13,0.3172100408633927,6,0.3172100408633927,6,0.3172100408633927,26,0.3172100408633927,34,0.0,0.06717446175723883,0.2591803653003808,1,1135675567,3.0304530005557155,1.7408196346996192,0,1135675569,0.06717446175723883,0.2591803653003808,1,1135675567,0.06717446175723883,0.2591803653003808,1,1135675567,wr256_reuse_confirm_g005
1,256,1165967595,64,2,0.609375,0.1943607001447988,0.31263353112980513,0x4388941b,34,contiguous,0.1943607001447988,0.44086358450749685,1,1133024283,0.0,1,34,contiguous,0.1943607001447988,0.44086358450749685,1,1133024283,0.0,1,46,contiguous,0.31263353112980513,0.5591364154925031,0,1133024282,1.0,0,13,pair_merge,0.31263353112980513,0.5591364154925031,0,1133024282,1.0,0,46,contiguous,0.31263353112980513,0.5591364154925031,0,1133024282,1.0,0,52,contiguous,0.31263353112980513,0.5591364154925031,0,1133024282,1.0,0,13,1.0,13,1.0,6,1.0,6,1.0,26,0.0,34,0.0,0.31263353112980513,0.5591364154925031,0,1133024282,0.31263353112980513,0.5591364154925031,0,1133024282,0.1943607001447988,0.44086358450749685,1,1133024283,0.1943607001447988,0.44086358450749685,1,1133024283,wr256_reuse_confirm_g006
1,256,1006144546,64,5,0.08570996913014381,0.00472542573855867,4.279692354326232,0x43de64ca,34,contiguous,0.00472542573855867,0.06874173214691837,1,1138648266,0.0,1,34,contiguous,0.00472542573855867,0.06874173214691837,1,1138648266,0.0,1,46,contiguous,0.00472542573855867,0.06874173214691837,1,1138648266,0.0,1,13,pair_merge,0.00472542573855867,0.06874173214691837,1,1138648266,0.0,1,26,contiguous,0.00472542573855867,0.06874173214691837,1,1138648266,0.0,1,25,pair_merge,0.00472542573855867,0.06874173214691837,1,1138648266,0.0,1,13,0.0,13,0.0,6,0.0,6,0.0,26,0.0,34,0.0,0.00472542573855867,0.06874173214691837,1,1138648266,1.1422088900323955,1.0687417321469184,0,1138648265,0.00472542573855867,0.06874173214691837,1,1138648266,0.00472542573855867,0.06874173214691837,1,1138648266,wr256_reuse_confirm_g007
1,256,625171054,64,3,0.054643881006582615,0.1545269623734037,2.5821302573480915,0x43b0a37a,34,contiguous,0.1545269623734037,0.39309917625632806,1,1135649658,0.0,1,34,contiguous,0.1545269623734037,0.39309917625632806,1,1135649658,0.0,1,46,contiguous,0.1545269623734037,0.39309917625632806,1,1135649658,0.0,1,13,pair_merge,0.1545269623734037,0.39309917625632806,1,1135649658,0.0,1,2,contiguous,0.1545269623734037,0.39309917625632806,1,1135649658,0.0,1,11,pair_merge,0.1545269623734037,0.39309917625632806,1,1135649658,0.0,1,13,0.0,13,0.0,6,0.0,6,0.0,26,0.0,34,0.0,0.1545269623734037,0.39309917625632806,1,1135649658,5.726923667398716,2.393099176256328,0,1135649660,0.1545269623734037,0.39309917625632806,1,1135649658,0.1545269623734037,0.39309917625632806,1,1135649658,wr256_reuse_confirm_g008
1,256,929365157,64,4,0.10581618101429306,0.034414515664068245,3.2923685261020386,0x43fd65e6,34,contiguous,0.034414515664068245,0.18551149739050743,1,1140680166,0.0,1,34,contiguous,0.034414515664068245,0.18551149739050743,1,1140680166,0.0,1,46,contiguous,0.034414515664068245,0.18551149739050743,1,1140680166,0.0,1,13,pair_merge,0.034414515664068245,0.18551149739050743,1,1140680166,0.0,1,7,pair_merge,0.034414515664068245,0.18551149739050743,1,1140680166,0.0,1,28,contiguous,0.034414515664068245,0.18551149739050743,1,1140680166,0.0,1,13,0.0,13,0.0,6,0.0,6,0.0,26,0.0,34,0.0,0.034414515664068245,0.18551149739050743,1,1140680166,7.921345531321023,2.8144885026094926,0,1140680163,0.034414515664068245,0.18551149739050743,1,1140680166,0.034414515664068245,0.18551149739050743,1,1140680166,wr256_reuse_confirm_g009
1,256,495485783,64,4,0.046875,0.0001943821451159111,4.055962781098776,0x43b39c6c,34,contiguous,0.0001943821451159111,0.013942099738414981,1,1135844460,0.0,1,34,contiguous,0.0001943821451159111,0.013942099738414981,1,1135844460,0.0,1,46,contiguous,0.0001943821451159111,0.013942099738414981,1,1135844460,0.0,1,13,pair_merge,0.0001943821451159111,0.013942099738414981,1,1135844460,0.0,1,57,pair_merge,0.0001943821451159111,0.013942099738414981,1,1135844460,0.0,1,57,pair_merge,0.0001943821451159111,0.013942099738414981,1,1135844460,0.0,1,13,0.0,13,0.0,6,0.0,6,0.0,26,0.0,34,0.0,0.972310182668286,0.986057900261585,0,1135844461,16.111731180052434,4.013942099738415,0,1135844456,0.0001943821451159111,0.013942099738414981,1,1135844460,0.0001943821451159111,0.013942099738414981,1,1135844460,wr256_reuse_confirm_g010
1,256,1045285748,64,3,0.33628534332701765,0.01384900335307284,1.2492125804254215,0x43e02571,34,contiguous,0.7784854262807243,0.8823182114638257,0,1138763122,0.6189565866428899,0,34,contiguous,0.7784854262807243,0.8823182114638257,0,1138763122,0.6189565866428899,0,46,contiguous,0.7784854262807243,0.8823182114638257,0,1138763122,0.6189565866428899,0,13,pair_merge,0.01384900335307284,0.11768178853617428,1,1138763121,0.0,1,17,pair_merge,0.01384900335307284,0.11768178853617428,1,1138763121,0.0,1,9,pair_merge,0.7784854262807243,0.8823182114638257,0,1138763122,0.6189565866428899,0,13,0.0,13,0.0,6,0.6189565866428899,6,0.6189565866428899,26,0.0,34,0.6189565866428899,0.7784854262807243,0.8823182114638257,0,1138763122,37.426030465787164,6.117681788536174,0,1138763115,0.01384900335307284,0.11768178853617428,1,1138763121,0.01384900335307284,0.11768178853617428,1,1138763121,wr256_reuse_confirm_g011
1,256,1434418890,64,3,0.2544691141019552,0.08041521452371858,1.6475667446238094,0x43e5ea4d,34,contiguous,0.5132636844236277,0.7164242349499546,0,1139141196,0.2762007767508378,0,34,contiguous,0.5132636844236277,0.7164242349499546,0,1139141196,0.2762007767508378,0,46,contiguous,0.08041521452371858,0.28357576505004545,1,1139141197,0.0,1,13,pair_merge,0.08041521452371858,0.28357576505004545,1,1139141197,0.0,1,9,pair_merge,0.5132636844236277,0.7164242349499546,0,1139141196,0.2762007767508378,0,41,pair_merge,0.5132636844236277,0.7164242349499546,0,1139141196,0.2762007767508378,0,13,0.0,13,0.0,6,0.0,6,0.0,26,0.2762007767508378,34,0.2762007767508378,0.5132636844236277,0.7164242349499546,0,1139141196,7.378960624223446,2.7164242349499546,0,1139141194,0.08041521452371858,0.28357576505004545,1,1139141197,0.08041521452371858,0.28357576505004545,1,1139141197,wr256_reuse_confirm_g012
1,256,1501911371,64,3,0.09441788365760592,0.009495770211786183,1.2043882555649796,0x439c96d4,34,contiguous,0.009495770211786183,0.09744624267659674,1,1134335700,0.0,1,34,contiguous,0.009495770211786183,0.09744624267659674,1,1134335700,0.0,1,46,contiguous,0.009495770211786183,0.09744624267659674,1,1134335700,0.0,1,13,pair_merge,0.009495770211786183,0.09744624267659674,1,1134335700,0.0,1,50,contiguous,0.009495770211786183,0.09744624267659674,1,1134335700,0.0,1,50,contiguous,0.009495770211786183,0.09744624267659674,1,1134335700,0.0,1,13,0.0,13,0.0,6,0.0,6,0.0,26,0.0,34,0.0,0.009495770211786183,0.09744624267659674,1,1134335700,0.009495770211786183,0.09744624267659674,1,1134335700,0.009495770211786183,0.09744624267659674,1,1134335700,0.009495770211786183,0.09744624267659674,1,1134335700,wr256_reuse_confirm_g013
1,256,1570286652,64,3,0.0860948427500136,0.1272996042611098,1.8408810060958545,0x43b639a2,34,contiguous,0.1272996042611098,0.3567907009173723,1,1136015778,0.0,1,34,contiguous,0.1272996042611098,0.3567907009173723,1,1136015778,0.0,1,46,contiguous,0.1272996042611098,0.3567907009173723,1,1136015778,0.0,1,13,pair_merge,0.1272996042611098,0.3567907009173723,1,1136015778,0.0,1,33,pair_merge,0.1272996042611098,0.3567907009173723,1,1136015778,0.0,1,54,contiguous,0.4137182024263652,0.6432092990826277,0,1136015777,0.16714618742861287,0,13,0.0,13,0.0,6,0.0,6,0.0,26,0.16714618742861287,34,0.0,0.1272996042611098,0.3567907009173723,1,1136015778,31.845811193252644,5.643209299082628,0,1136015772,0.1272996042611098,0.3567907009173723,1,1136015778,0.1272996042611098,0.3567907009173723,1,1136015778,wr256_reuse_confirm_g014
1,256,40937623,64,2,0.3125,0.18073326224132683,0.33047856571486406,0x439a7e40,34,contiguous,0.33047856571486406,0.5748726517367686,0,1134198337,1.0,0,34,contiguous,0.33047856571486406,0.5748726517367686,0,1134198337,1.0,0,46,contiguous,0.33047856571486406,0.5748726517367686,0,1134198337,1.0,0,13,pair_merge,0.18073326224132683,0.4251273482632314,1,1134198336,0.0,1,57,pair_merge,0.18073326224132683,0.4251273482632314,1,1134198336,0.0,1,41,pair_merge,0.18073326224132683,0.4251273482632314,1,1134198336,0.0,1,13,0.0,13,0.0,6,0.0,6,0.0,26,0.0,34,1.0,0.18073326224132683,0.4251273482632314,1,1134198336,11.731497351820716,3.4251273482632314,0,1134198333,0.18073326224132683,0.4251273482632314,1,1134198336,0.18073326224132683,0.4251273482632314,1,1134198336,wr256_reuse_confirm_g015
1,256,41007871,64,3,0.45904125400222723,0.0006268758905016603,1.0507018552914624,0x43a60d59,34,contiguous,1.0507018552914624,1.0250374897004804,0,1134955866,1.0,0,34,contiguous,1.0507018552914624,1.0250374897004804,0,1134955866,1.0,0,46,contiguous,0.0006268758905016603,0.025037489700480364,1,1134955865,0.0,1,13,pair_merge,0.950551896489541,0.9749625102995196,0,1134955864,0.9046258974201496,0,11,pair_merge,0.0006268758905016603,0.025037489700480364,1,1134955865,0.0,1,13,pair_merge,0.950551896489541,0.9749625102995196,0,1134955864,0.9046258974201496,0,13,0.9046258974201496,13,0.9046258974201496,6,0.0,6,0.0,26,1.0,34,1.0,0.0006268758905016603,0.025037489700480364,1,1134955865,1.0507018552914624,1.0250374897004804,0,1134955866,0.0006268758905016603,0.025037489700480364,1,1134955865,0.0006268758905016603,0.025037489700480364,1,1134955865,wr256_reuse_confirm_g016
1,256,1716812604,64,3,0.029645212418220053,0.1818885696485165,2.4759527225615683,0x43ad3d38,34,contiguous,0.1818885696485165,0.4264839617717371,1,1135426872,0.0,1,34,contiguous,0.1818885696485165,0.4264839617717371,1,1135426872,0.0,1,46,contiguous,0.1818885696485165,0.4264839617717371,1,1135426872,0.0,1,13,pair_merge,0.1818885696485165,0.4264839617717371,1,1135426872,0.0,1,24,contiguous,0.32892064610504235,0.5735160382282629,0,1135426873,0.06409239962614881,0,41,pair_merge,0.1818885696485165,0.4264839617717371,1,1135426872,0.0,1,13,0.0,13,0.0,6,0.0,6,0.0,26,0.0,34,0.0,0.32892064610504235,0.5735160382282629,0,1135426873,71.00563195799631,8.426483961771737,0,1135426864,0.1818885696485165,0.4264839617717371,1,1135426872,0.1818885696485165,0.4264839617717371,1,1135426872,wr256_reuse_confirm_g017
1,256,1474507537,64,4,0.06509614191937449,0.0630782241782925,3.0584630805274116,0x43ccf06c,34,contiguous,0.0630782241782925,0.2511537859127202,1,1137504364,0.0,1,34,contiguous,0.0630782241782925,0.2511537859127202,1,1137504364,0.0,1,46,contiguous,0.0630782241782925,0.2511537859127202,1,1137504364,0.0,1,13,pair_merge,0.0630782241782925,0.2511537859127202,1,1137504364,0.0,1,13,pair_merge,0.0630782241782925,0.2511537859127202,1,1137504364,0.0,1,34,contiguous,0.0630782241782925,0.2511537859127202,1,1137504364,0.0,1,13,0.0,13,0.0,6,0.0,6,0.0,26,0.16615308283996758,34,0.0,0.0630782241782925,0.2511537859127202,1,1137504364,0.0630782241782925,0.2511537859127202,1,1137504364,0.0630782241782925,0.2511537859127202,1,1137504364,0.0630782241782925,0.2511537859127202,1,1137504364,wr256_reuse_confirm_g018
1,256,1235362570,64,4,0.054737323341696904,0.14037586127300827,2.6417051901887527,0x43a0e368,34,contiguous,0.14037586127300827,0.37466766777106386,1,1134617448,0.0,1,34,contiguous,0.14037586127300827,0.37466766777106386,1,1134617448,0.0,1,46,contiguous,0.14037586127300827,0.37466766777106386,1,1134617448,0.0,1,13,pair_merge,0.14037586127300827,0.37466766777106386,1,1134617448,0.0,1,40,contiguous,0.14037586127300827,0.37466766777106386,1,1134617448,0.0,1,40,contiguous,0.14037586127300827,0.37466766777106386,1,1134617448,0.0,1,13,0.0,13,0.0,6,0.0,6,0.0,26,0.0,34,0.0,0.14037586127300827,0.37466766777106386,1,1134617448,0.14037586127300827,0.37466766777106386,1,1134617448,0.14037586127300827,0.37466766777106386,1,1134617448,0.14037586127300827,0.37466766777106386,1,1134617448,wr256_reuse_confirm_g019
1,256,831594136,64,4,0.13586051694969392,0.21208724519679673,2.3699700059449764,0x43ec8597,34,contiguous,0.21208724519679673,0.46052930981295503,1,1139574167,0.0,1,34,contiguous,0.21208724519679673,0.46052930981295503,1,1139574167,0.0,1,46,contiguous,0.21208724519679673,0.46052930981295503,1,1139574167,0.0,1,13,pair_merge,0.29102862557088666,0.539470690187045,0,1139574166,0.036582793935811146,0,60,contiguous,0.21208724519679673,0.46052930981295503,1,1139574167,0.0,1,35,pair_merge,0.21208724519679673,0.46052930981295503,1,1139574167,0.0,1,13,0.036582793935811146,13,0.036582793935811146,6,0.036582793935811146,6,0.036582793935811146,26,0.036582793935811146,34,0.0,0.29102862557088666,0.539470690187045,0,1139574166,6.448911386319066,2.539470690187045,0,1139574164,0.21208724519679673,0.46052930981295503,1,1139574167,0.21208724519679673,0.46052930981295503,1,1139574167,wr256_reuse_confirm_g020
1,256,965387165,64,4,0.18206246319340674,0.030652047871263632,3.330342997565459,0x437e5dab,34,contiguous,0.6804975227183613,0.8249227374235488,0,1132354988,0.19694131503658646,0,34,contiguous,0.6804975227183613,0.8249227374235488,0,1132354988,0.19694131503658646,0,46,contiguous,0.6804975227183613,0.8249227374235488,0,1132354988,0.19694131503658646,0,13,pair_merge,1.3808065730241659,1.1750772625764512,0,1132354986,0.40917605489024067,0,41,pair_merge,0.6804975227183613,0.8249227374235488,0,1132354988,0.19694131503658646,0,13,pair_merge,1.3808065730241659,1.1750772625764512,0,1132354986,0.40917605489024067,0,13,0.40917605489024067,13,0.40917605489024067,6,0.19694131503658646,6,0.19694131503658646,26,0.19694131503658646,34,0.19694131503658646,0.030652047871263632,0.17507726257645118,1,1132354987,17.431270148482874,4.175077262576451,0,1132354983,0.030652047871263632,0.17507726257645118,1,1132354987,0.030652047871263632,0.17507726257645118,1,1132354987,wr256_reuse_confirm_g021
1,256,1135222791,64,3,0.10029900012084275,0.1482062538809475,1.9181575611230288,0x43c52c89,34,contiguous,0.3782549466388661,0.6150243463789593,0,1136995464,0.12997458846276283,0,34,contiguous,0.3782549466388661,0.6150243463789593,0,1136995464,0.12997458846276283,0,46,contiguous,0.3782549466388661,0.6150243463789593,0,1136995464,0.12997458846276283,0,13,pair_merge,0.3782549466388661,0.6150243463789593,0,1136995464,0.12997458846276283,0,40,contiguous,0.1482062538809475,0.3849756536210407,1,1136995465,0.0,1,40,contiguous,0.1482062538809475,0.3849756536210407,1,1136995465,0.0,1,13,0.12997458846276283,13,0.12997458846276283,6,0.0,6,0.0,26,0.12997458846276283,34,0.12997458846276283,0.1482062538809475,0.3849756536210407,1,1136995465,6.838352332154703,2.6150243463789593,0,1136995462,0.1482062538809475,0.3849756536210407,1,1136995465,0.1482062538809475,0.3849756536210407,1,1136995465,wr256_reuse_confirm_g022
1,256,822984487,64,3,0.14192071709134457,0.05458770462772523,1.5218679401512287,0x4389897d,34,contiguous,0.05458770462772523,0.23364011776175175,1,1133087101,0.0,1,34,contiguous,0.05458770462772523,0.23364011776175175,1,1133087101,0.0,1,46,contiguous,0.05458770462772523,0.23364011776175175,1,1133087101,0.0,1,13,pair_merge,0.5873074691042217,0.7663598822382482,0,1133087102,0.36306613527471804,0,41,pair_merge,0.05458770462772523,0.23364011776175175,1,1133087101,0.0,1,40,contiguous,0.05458770462772523,0.23364011776175175,1,1133087101,0.0,1,13,0.36306613527471804,13,0.36306613527471804,6,0.0,6,0.0,26,0.0,34,0.0,0.5873074691042217,0.7663598822382482,0,1133087102,0.05458770462772523,0.23364011776175175,1,1133087101,0.05458770462772523,0.23364011776175175,1,1133087101,0.05458770462772523,0.23364011776175175,1,1133087101,wr256_reuse_confirm_g023
1,256,674737350,64,3,0.19870505518596174,0.009118911815513882,1.2001048988984817,0x439cce54,34,contiguous,0.009118911815513882,0.09549299354148388,1,1134349908,0.0,1,34,contiguous,0.009118911815513882,0.09549299354148388,1,1134349908,0.0,1,46,contiguous,0.009118911815513882,0.09549299354148388,1,1134349908,0.0,1,13,pair_merge,0.009118911815513882,0.09549299354148388,1,1134349908,0.0,1,34,contiguous,0.009118911815513882,0.09549299354148388,1,1134349908,0.0,1,43,pair_merge,0.009118911815513882,0.09549299354148388,1,1134349908,0.0,1,13,0.0,13,0.0,6,0.0,6,0.0,26,0.0,34,0.0,0.009118911815513882,0.09549299354148388,1,1134349908,1.2001048988984817,1.0954929935414839,0,1134349907,0.009118911815513882,0.09549299354148388,1,1134349908,0.009118911815513882,0.09549299354148388,1,1134349908,wr256_reuse_confirm_g024
1,256,956025151,64,3,0.07340926439994458,0.1411121388750806,1.892410052821554,0x4397a846,34,contiguous,0.1411121388750806,0.37564895697323664,1,1134012486,0.0,1,34,contiguous,0.1411121388750806,0.37564895697323664,1,1134012486,0.0,1,46,contiguous,0.1411121388750806,0.37564895697323664,1,1134012486,0.0,1,13,pair_merge,0.1411121388750806,0.37564895697323664,1,1134012486,0.0,1,32,contiguous,0.1411121388750806,0.37564895697323664,1,1134012486,0.0,1,32,contiguous,0.1411121388750806,0.37564895697323664,1,1134012486,0.0,1,13,0.0,13,0.0,6,0.14201015376823437,6,0.14201015376823437,26,0.14201015376823437,34,0.0,0.38981422492860734,0.6243510430267634,0,1134012485,0.38981422492860734,0.6243510430267634,0,1134012485,0.1411121388750806,0.37564895697323664,1,1134012486,0.1411121388750806,0.37564895697323664,1,1134012486,wr256_reuse_confirm_g025
1,256,2009859265,64,3,0.048038260089555994,0.2036952837161213,2.1063475616529166,0x43cf09d4,34,contiguous,0.2036952837161213,0.45132613896839757,1,1137641940,0.0,1,34,contiguous,0.2036952837161213,0.45132613896839757,1,1137641940,0.0,1,46,contiguous,0.2036952837161213,0.45132613896839757,1,1137641940,0.0,1,13,pair_merge,0.2036952837161213,0.45132613896839757,1,1137641940,0.0,1,35,pair_merge,0.2036952837161213,0.45132613896839757,1,1137641940,0.0,1,24,contiguous,0.2036952837161213,0.45132613896839757,1,1137641940,0.0,1,13,0.0,13,0.0,6,0.05116422122531351,6,0.05116422122531351,26,0.05116422122531351,34,0.0,0.2036952837161213,0.45132613896839757,1,1137641940,29.716956673400098,5.451326138968398,0,1137641935,0.2036952837161213,0.45132613896839757,1,1137641940,0.2036952837161213,0.45132613896839757,1,1137641940,wr256_reuse_confirm_g026
1,256,1454384791,64,3,0.32753212094836937,0.028034177767215084,1.3629023773157245,0x43bc3741,34,contiguous,0.6931659782187056,0.8325659002257453,0,1136408386,0.49827526094071095,0,34,contiguous,0.6931659782187056,0.8325659002257453,0,1136408386,0.49827526094071095,0,46,contiguous,0.028034177767215084,0.16743409977425472,1,1136408385,0.0,1,13,pair_merge,0.6931659782187056,0.8325659002257453,0,1136408386,0.49827526094071095,0,34,contiguous,0.6931659782187056,0.8325659002257453,0,1136408386,0.49827526094071095,0,34,contiguous,0.6931659782187056,0.8325659002257453,0,1136408386,0.49827526094071095,0,13,0.49827526094071095,13,0.49827526094071095,6,0.0,6,0.0,26,0.49827526094071095,34,0.49827526094071095,0.028034177767215084,0.16743409977425472,1,1136408385,10.032638776412744,3.1674340997742547,0,1136408382,0.028034177767215084,0.16743409977425472,1,1136408385,0.028034177767215084,0.16743409977425472,1,1136408385,wr256_reuse_confirm_g027
1,256,706771123,64,3,0.04694988176948675,0.027424479493026763,1.3586312396476272,0x43866692,34,contiguous,0.027424479493026763,0.16560338007730024,1,1132881554,0.0,1,34,contiguous,0.027424479493026763,0.16560338007730024,1,1132881554,0.0,1,46,contiguous,0.027424479493026763,0.16560338007730024,1,1132881554,0.0,1,13,pair_merge,0.027424479493026763,0.16560338007730024,1,1132881554,0.0,1,27,pair_merge,0.027424479493026763,0.16560338007730024,1,1132881554,0.0,1,27,pair_merge,0.027424479493026763,0.16560338007730024,1,1132881554,0.0,1,13,0.0,13,0.0,6,0.0,6,0.0,26,0.0,34,0.0,0.027424479493026763,0.16560338007730024,1,1132881554,10.021044759956828,3.1656033800773002,0,1132881551,0.027424479493026763,0.16560338007730024,1,1132881554,0.027424479493026763,0.16560338007730024,1,1132881554,wr256_reuse_confirm_g028
1,256,2047951559,64,3,0.027898962475318083,0.22964292531090347,2.1880643885741247,0x438309a9,34,contiguous,0.2712214620476824,0.5207892683683895,0,1132661162,0.021230637795144794,0,34,contiguous,0.2712214620476824,0.5207892683683895,0,1132661162,0.021230637795144794,0,46,contiguous,0.2712214620476824,0.5207892683683895,0,1132661162,0.021230637795144794,0,13,pair_merge,0.2712214620476824,0.5207892683683895,0,1132661162,0.021230637795144794,0,27,pair_merge,0.22964292531090347,0.47921073163161054,1,1132661161,0.0,1,27,pair_merge,0.22964292531090347,0.47921073163161054,1,1132661161,0.0,1,13,0.021230637795144794,13,0.021230637795144794,6,0.021230637795144794,6,0.021230637795144794,26,0.021230637795144794,34,0.021230637795144794,0.2712214620476824,0.5207892683683895,0,1132661162,12.104907315100567,3.4792107316316105,0,1132661158,0.22964292531090347,0.47921073163161054,1,1132661161,0.2712214620476824,0.5207892683683895,0,1132661162,wr256_reuse_confirm_g029
1,256,1693669979,64,3,0.2350529508302526,0.11737990390893815,1.8025949180729248,0x43d88d77,34,contiguous,0.4321648897449514,0.6573924929180066,0,1138265464,0.18679217974578394,0,34,contiguous,0.4321648897449514,0.6573924929180066,0,1138265464,0.18679217974578394,0,46,contiguous,0.4321648897449514,0.6573924929180066,0,1138265464,0.18679217974578394,0,13,pair_merge,0.4321648897449514,0.6573924929180066,0,1138265464,0.18679217974578394,0,24,contiguous,0.11737990390893815,0.3426075070819934,1,1138265463,0.0,1,46,contiguous,0.4321648897449514,0.6573924929180066,0,1138265464,0.18679217974578394,0,13,0.18679217974578394,13,0.18679217974578394,6,1.0,6,1.0,26,1.0,34,0.18679217974578394,0.11737990390893815,0.3426075070819934,1,1138265463,5.487809932236912,2.3426075070819934,0,1138265461,0.11737990390893815,0.3426075070819934,1,1138265463,0.11737990390893815,0.3426075070819934,1,1138265463,wr256_reuse_confirm_g030
1,256,2050808203,64,2,0.328125,0.22438263322283367,0.27700175264135674,0x43924e24,34,contiguous,0.22438263322283367,0.4736904402907385,1,1133661732,0.0,1,34,contiguous,0.22438263322283367,0.4736904402907385,1,1133661732,0.0,1,46,contiguous,0.22438263322283367,0.4736904402907385,1,1133661732,0.0,1,13,pair_merge,0.22438263322283367,0.4736904402907385,1,1133661732,0.0,1,4,contiguous,0.22438263322283367,0.4736904402907385,1,1133661732,0.0,1,33,pair_merge,0.22438263322283367,0.4736904402907385,1,1133661732,0.0,1,13,0.0,13,0.0,6,1.0,6,1.0,26,1.0,34,0.0,0.27700175264135674,0.5263095597092615,0,1133661731,0.22438263322283367,0.4736904402907385,1,1133661732,0.22438263322283367,0.4736904402907385,1,1133661732,0.22438263322283367,0.4736904402907385,1,1133661732,wr256_reuse_confirm_g031
1,256,169824890,64,2,0.15625,0.1388297502395144,0.3936324602833192,0x43cf2034,34,contiguous,0.1388297502395144,0.3725986449780976,1,1137647668,0.0,1,34,contiguous,0.1388297502395144,0.3725986449780976,1,1137647668,0.0,1,46,contiguous,0.3936324602833192,0.6274013550219024,0,1137647669,1.0,0,13,pair_merge,0.1388297502395144,0.3725986449780976,1,1137647668,0.0,1,10,contiguous,0.1388297502395144,0.3725986449780976,1,1137647668,0.0,1,46,contiguous,0.3936324602833192,0.6274013550219024,0,1137647669,1.0,0,13,0.0,13,0.0,6,0.0,6,0.0,26,0.0,34,0.0,0.1388297502395144,0.3725986449780976,1,1137647668,0.3936324602833192,0.6274013550219024,0,1137647669,0.1388297502395144,0.3725986449780976,1,1137647668,0.1388297502395144,0.3725986449780976,1,1137647668,wr256_reuse_confirm_g032
1,256,504573525,64,4,0.05508727966126969,0.10353238711368101,2.816474426562216,0x43c28db6,34,contiguous,0.10353238711368101,0.32176449013786623,1,1136823734,0.0,1,34,contiguous,0.10353238711368101,0.32176449013786623,1,1136823734,0.0,1,46,contiguous,0.10353238711368101,0.32176449013786623,1,1136823734,0.0,1,13,pair_merge,0.46000340683794855,0.6782355098621338,0,1136823735,0.13139647458031506,0,24,contiguous,0.10353238711368101,0.32176449013786623,1,1136823734,0.0,1,24,contiguous,0.10353238711368101,0.32176449013786623,1,1136823734,0.0,1,13,0.13139647458031506,13,0.13139647458031506,6,0.0,6,0.0,26,0.0,34,0.0,0.10353238711368101,0.32176449013786623,1,1136823734,0.10353238711368101,0.32176449013786623,1,1136823734,0.10353238711368101,0.32176449013786623,1,1136823734,0.10353238711368101,0.32176449013786623,1,1136823734,wr256_reuse_confirm_g033
1,256,1554582227,64,4,0.08925929893616481,0.006142379923418019,3.692649032665955,0x43c88e90,34,contiguous,0.006142379923418019,0.07837333681436576,1,1137217168,0.0,1,34,contiguous,0.006142379923418019,0.07837333681436576,1,1137217168,0.0,1,46,contiguous,0.006142379923418019,0.07837333681436576,1,1137217168,0.0,1,13,pair_merge,1.1628890535521494,1.0783733368143658,0,1137217169,0.31377853957436436,0,55,pair_merge,0.006142379923418019,0.07837333681436576,1,1137217168,0.0,1,55,pair_merge,0.006142379923418019,0.07837333681436576,1,1137217168,0.0,1,13,0.31377853957436436,13,0.31377853957436436,6,0.0,6,0.0,26,0.0,34,0.0,0.006142379923418019,0.07837333681436576,1,1137217168,8.535902359037223,2.9216266631856342,0,1137217165,0.006142379923418019,0.07837333681436576,1,1137217168,0.006142379923418019,0.07837333681436576,1,1137217168,wr256_reuse_confirm_g034
1,256,187512419,64,3,0.10828708694801835,0.03629209288156083,1.417301766677704,0x438dc8d0,34,contiguous,0.03629209288156083,0.19050483689807152,1,1133365456,0.0,1,34,contiguous,0.03629209288156083,0.19050483689807152,1,1133365456,0.0,1,46,contiguous,0.03629209288156083,0.19050483689807152,1,1133365456,0.0,1,13,pair_merge,0.03629209288156083,0.19050483689807152,1,1133365456,0.0,1,25,pair_merge,0.03629209288156083,0.19050483689807152,1,1133365456,0.0,1,17,pair_merge,0.03629209288156083,0.19050483689807152,1,1133365456,0.0,1,13,0.0,13,0.0,6,0.0,6,0.0,26,0.0,34,0.0,0.03629209288156083,0.19050483689807152,1,1133365456,7.8932630714931316,2.8094951631019285,0,1133365453,0.03629209288156083,0.19050483689807152,1,1133365456,0.03629209288156083,0.19050483689807152,1,1133365456,wr256_reuse_confirm_g035
1,256,2131986069,64,4,0.09781542029621236,0.07479804834508451,5.1687673228319655,0x43ee0bc7,34,contiguous,0.5278134111016441,0.7265076813782798,0,1139674056,0.08893170302881188,0,34,contiguous,0.5278134111016441,0.7265076813782798,0,1139674056,0.08893170302881188,0,46,contiguous,0.5278134111016441,0.7265076813782798,0,1139674056,0.08893170302881188,0,13,pair_merge,1.621782685588525,1.2734923186217202,0,1139674054,0.30368943232372936,0,17,pair_merge,0.07479804834508451,0.2734923186217202,1,1139674055,0.0,1,34,contiguous,0.5278134111016441,0.7265076813782798,0,1139674056,0.08893170302881188,0,13,0.30368943232372936,13,0.30368943232372936,6,0.08893170302881188,6,0.08893170302881188,26,0.08893170302881188,34,0.08893170302881188,0.07479804834508451,0.2734923186217202,1,1139674055,5.1687673228319655,2.27349231862172,0,1139674053,0.07479804834508451,0.2734923186217202,1,1139674055,0.07479804834508451,0.2734923186217202,1,1139674055,wr256_reuse_confirm_g036
1,256,290876859,64,3,0.11459148777799921,0.13688992066690747,1.876862678724682,0x43a5f0c3,34,contiguous,0.39691716260913285,0.6300136209711127,0,1134948546,0.1494432833721362,0,34,contiguous,0.39691716260913285,0.6300136209711127,0,1134948546,0.1494432833721362,0,46,contiguous,0.39691716260913285,0.6300136209711127,0,1134948546,0.1494432833721362,0,13,pair_merge,0.39691716260913285,0.6300136209711127,0,1134948546,0.1494432833721362,0,1,pair_merge,0.13688992066690747,0.3699863790288873,1,1134948547,0.0,1,34,contiguous,0.39691716260913285,0.6300136209711127,0,1134948546,0.1494432833721362,0,13,0.1494432833721362,13,0.1494432833721362,6,0.1494432833721362,6,0.1494432833721362,26,0.1494432833721362,34,0.1494432833721362,0.13688992066690747,0.3699863790288873,1,1134948547,21.437026130378033,4.630013620971113,0,1134948542,0.13688992066690747,0.3699863790288873,1,1134948547,0.13688992066690747,0.3699863790288873,1,1134948547,wr256_reuse_confirm_g037
1,256,1593041090,64,3,0.12023655462760077,0.009709983408360406,1.2067884795296817,0x439d4898,34,contiguous,0.009709983408360406,0.09853924806066061,1,1134381208,0.0,1,34,contiguous,0.009709983408360406,0.09853924806066061,1,1134381208,0.0,1,46,contiguous,0.009709983408360406,0.09853924806066061,1,1134381208,0.0,1,13,pair_merge,0.009709983408360406,0.09853924806066061,1,1134381208,0.0,1,33,pair_merge,0.009709983408360406,0.09853924806066061,1,1134381208,0.0,1,11,pair_merge,1.2067884795296817,1.0985392480606606,0,1134381207,1.0,0,13,0.0,13,0.0,6,0.0,6,0.0,26,0.0,34,0.0,0.009709983408360406,0.09853924806066061,1,1134381208,9.600945471772324,3.0985392480606606,0,1134381205,0.009709983408360406,0.09853924806066061,1,1134381208,0.009709983408360406,0.09853924806066061,1,1134381208,wr256_reuse_confirm_g038
1,256,816348760,64,3,0.11505595277542358,0.001154894655332885,1.0691223767429572,0x43aa7396,34,contiguous,0.001154894655332885,0.03398374104381219,1,1135244182,0.0,1,34,contiguous,0.001154894655332885,0.03398374104381219,1,1135244182,0.0,1,46,contiguous,0.001154894655332885,0.03398374104381219,1,1135244182,0.0,1,13,pair_merge,0.001154894655332885,0.03398374104381219,1,1135244182,0.0,1,27,pair_merge,0.001154894655332885,0.03398374104381219,1,1135244182,0.0,1,40,contiguous,0.001154894655332885,0.03398374104381219,1,1135244182,0.0,1,13,0.0,13,0.0,6,0.0,6,0.0,26,0.0,34,0.0,0.001154894655332885,0.03398374104381219,1,1135244182,0.001154894655332885,0.03398374104381219,1,1135244182,0.001154894655332885,0.03398374104381219,1,1135244182,0.001154894655332885,0.03398374104381219,1,1135244182,wr256_reuse_confirm_g039
1,256,580303175,64,3,0.10916853278726792,0.010159406875666854,1.211747173128154,0x439deab6,34,contiguous,0.010159406875666854,0.1007938831262436,1,1134422710,0.0,1,34,contiguous,0.010159406875666854,0.1007938831262436,1,1134422710,0.0,1,46,contiguous,0.010159406875666854,0.1007938831262436,1,1134422710,0.0,1,13,pair_merge,0.010159406875666854,0.1007938831262436,1,1134422710,0.0,1,32,contiguous,0.010159406875666854,0.1007938831262436,1,1134422710,0.0,1,32,contiguous,0.010159406875666854,0.1007938831262436,1,1134422710,0.0,1,13,0.0,13,0.0,6,0.0,6,0.0,26,0.0,34,0.0,0.010159406875666854,0.1007938831262436,1,1134422710,0.8085716406231797,0.8992061168737564,0,1134422709,0.010159406875666854,0.1007938831262436,1,1134422710,0.010159406875666854,0.1007938831262436,1,1134422710,wr256_reuse_confirm_g040
1,256,1092369196,64,4,0.082720970436424,0.00013535644835160413,3.9535982403620955,0x43b21bdc,34,contiguous,0.00013535644835160413,0.011634279021563998,1,1135746012,0.0,1,34,contiguous,0.00013535644835160413,0.011634279021563998,1,1135746012,0.0,1,46,contiguous,0.00013535644835160413,0.011634279021563998,1,1135746012,0.0,1,13,pair_merge,0.00013535644835160413,0.011634279021563998,1,1135746012,0.0,1,33,pair_merge,0.00013535644835160413,0.011634279021563998,1,1135746012,0.0,1,40,contiguous,0.00013535644835160413,0.011634279021563998,1,1135746012,0.0,1,13,0.0,13,0.0,6,0.0,6,0.0,26,0.24705719280459096,34,0.0,0.9768667984052236,0.988365720978436,0,1135746011,24.88379256623271,4.988365720978436,0,1135746007,0.00013535644835160413,0.011634279021563998,1,1135746012,0.00013535644835160413,0.011634279021563998,1,1135746012,wr256_reuse_confirm_g041
1,256,224759509,64,3,0.1600053372458945,0.0008229592617019306,1.058197492347451,0x43a3750e,34,contiguous,0.0008229592617019306,0.028687266542874568,1,1134785806,0.0,1,34,contiguous,0.0008229592617019306,0.028687266542874568,1,1134785806,0.0,1,46,contiguous,0.0008229592617019306,0.028687266542874568,1,1134785806,0.0,1,13,pair_merge,0.0008229592617019306,0.028687266542874568,1,1134785806,0.0,1,27,pair_merge,0.0008229592617019306,0.028687266542874568,1,1134785806,0.0,1,46,contiguous,0.0008229592617019306,0.028687266542874568,1,1134785806,0.0,1,13,0.0,13,0.0,6,0.0,6,0.0,26,0.0,34,0.0,0.0008229592617019306,0.028687266542874568,1,1134785806,3.8860738930902037,1.9713127334571254,0,1134785804,0.0008229592617019306,0.028687266542874568,1,1134785806,0.0008229592617019306,0.028687266542874568,1,1134785806,wr256_reuse_confirm_g042
1,256,1898799043,64,3,0.3689403713457981,0.013379606045202363,1.2447201000811783,0x4363dafb,34,contiguous,0.013379606045202363,0.115670247017988,1,1130617595,0.0,1,34,contiguous,0.013379606045202363,0.115670247017988,1,1130617595,0.0,1,46,contiguous,1.2447201000811783,1.115670247017988,0,1130617596,1.0,0,13,pair_merge,0.013379606045202363,0.115670247017988,1,1130617595,0.0,1,39,pair_merge,1.2447201000811783,1.115670247017988,0,1130617596,1.0,0,4,contiguous,0.013379606045202363,0.115670247017988,1,1130617595,0.0,1,13,0.0,13,0.0,6,0.6242461038900635,6,0.6242461038900635,26,0.6242461038900635,34,0.0,0.013379606045202363,0.115670247017988,1,1130617595,8.319358123937274,2.884329752982012,0,1130617592,0.013379606045202363,0.115670247017988,1,1130617595,0.013379606045202363,0.115670247017988,1,1130617595,wr256_reuse_confirm_g043
1,256,772268700,64,4,0.10519367149608518,0.04456774106369734,3.2001248140288636,0x43cfbbf0,34,contiguous,0.04456774106369734,0.21111073175870843,1,1137687536,0.0,1,34,contiguous,0.04456774106369734,0.21111073175870843,1,1137687536,0.0,1,46,contiguous,0.04456774106369734,0.21111073175870843,1,1137687536,0.0,1,13,pair_merge,0.6223462775462805,0.7888892682412916,0,1137687537,0.18309874393736283,0,35,pair_merge,0.04456774106369734,0.21111073175870843,1,1137687536,0.0,1,46,contiguous,0.04456774106369734,0.21111073175870843,1,1137687536,0.0,1,13,0.18309874393736283,13,0.18309874393736283,6,0.0,6,0.0,26,0.0,34,0.0,0.6223462775462805,0.7888892682412916,0,1137687537,0.6223462775462805,0.7888892682412916,0,1137687537,0.04456774106369734,0.21111073175870843,1,1137687536,0.04456774106369734,0.21111073175870843,1,1137687536,wr256_reuse_confirm_g044
1,256,1282085911,64,3,0.10699071165773738,0.004242884308631059,1.134517736964561,0x43ab1be4,34,contiguous,0.004242884308631059,0.06513742632796493,1,1135287268,0.0,1,34,contiguous,0.004242884308631059,0.06513742632796493,1,1135287268,0.0,1,46,contiguous,0.004242884308631059,0.06513742632796493,1,1135287268,0.0,1,13,pair_merge,0.004242884308631059,0.06513742632796493,1,1135287268,0.0,1,11,pair_merge,0.004242884308631059,0.06513742632796493,1,1135287268,0.0,1,17,pair_merge,0.004242884308631059,0.06513742632796493,1,1135287268,0.0,1,13,0.0,13,0.0,6,0.0,6,0.0,26,0.0,34,0.0,0.004242884308631059,0.06513742632796493,1,1135287268,0.004242884308631059,0.06513742632796493,1,1135287268,0.004242884308631059,0.06513742632796493,1,1135287268,0.004242884308631059,0.06513742632796493,1,1135287268,wr256_reuse_confirm_g045
1,256,1683740218,64,3,0.36437553111220655,0.020978835971302005,1.3106602884069178,0x43c49e63,34,contiguous,0.020978835971302005,0.14484072621780797,1,1136959075,0.0,1,34,contiguous,0.020978835971302005,0.14484072621780797,1,1136959075,0.0,1,46,contiguous,0.020978835971302005,0.14484072621780797,1,1136959075,0.0,1,13,pair_merge,0.020978835971302005,0.14484072621780797,1,1136959075,0.0,1,13,pair_merge,0.020978835971302005,0.14484072621780797,1,1136959075,0.0,1,13,pair_merge,0.020978835971302005,0.14484072621780797,1,1136959075,0.0,1,13,0.0,13,0.0,6,1.0,6,1.0,26,0.0,34,0.0,0.7312973835356861,0.855159273782192,0,1136959074,0.7312973835356861,0.855159273782192,0,1136959074,0.020978835971302005,0.14484072621780797,1,1136959075,0.020978835971302005,0.14484072621780797,1,1136959075,wr256_reuse_confirm_g046
1,256,576161920,64,4,0.13275034581717762,0.1742554161572045,2.5044989493288012,0x43d3e1d9,34,contiguous,0.1742554161572045,0.41743911670710077,1,1137959385,0.0,1,34,contiguous,0.1742554161572045,0.41743911670710077,1,1137959385,0.0,1,46,contiguous,0.1742554161572045,0.41743911670710077,1,1137959385,0.0,1,13,pair_merge,0.1742554161572045,0.41743911670710077,1,1137959385,0.0,1,46,contiguous,0.1742554161572045,0.41743911670710077,1,1137959385,0.0,1,57,pair_merge,0.33937718274300294,0.5825608832928992,0,1137959386,0.07086030461419546,0,13,0.0,13,0.0,6,0.07086030461419546,6,0.07086030461419546,26,0.07086030461419546,34,0.0,0.1742554161572045,0.41743911670710077,1,1137959385,2.009133649571406,1.4174391167071008,0,1137959384,0.1742554161572045,0.41743911670710077,1,1137959385,0.1742554161572045,0.41743911670710077,1,1137959385,wr256_reuse_confirm_g047
1,256,2139195900,64,4,0.09902949040408188,0.20175959214035444,2.405053307227411,0x43c92709,34,contiguous,0.30340644968388275,0.5508234287717642,0,1137256200,0.04613404778831861,0,34,contiguous,0.30340644968388275,0.5508234287717642,0,1137256200,0.04613404778831861,0,46,contiguous,0.30340644968388275,0.5508234287717642,0,1137256200,0.04613404778831861,0,13,pair_merge,0.30340644968388275,0.5508234287717642,0,1137256200,0.04613404778831861,0,40,contiguous,0.20175959214035444,0.44917657122823584,1,1137256201,0.0,1,24,contiguous,0.20175959214035444,0.44917657122823584,1,1137256201,0.0,1,13,0.04613404778831861,13,0.04613404778831861,6,0.04613404778831861,6,0.04613404778831861,26,0.8615978566350442,34,0.04613404778831861,0.30340644968388275,0.5508234287717642,0,1137256200,42.913287594945054,6.550823428771764,0,1137256194,0.20175959214035444,0.44917657122823584,1,1137256201,0.20175959214035444,0.44917657122823584,1,1137256201,wr256_reuse_confirm_g048
1,256,1656857779,64,3,0.12738213115850544,0.018070323864448932,1.286922133339103,0x43a906be,34,contiguous,0.018070323864448932,0.13442590473732707,1,1135150782,0.0,1,34,contiguous,0.018070323864448932,0.13442590473732707,1,1135150782,0.0,1,46,contiguous,0.018070323864448932,0.13442590473732707,1,1135150782,0.0,1,13,pair_merge,0.018070323864448932,0.13442590473732707,1,1135150782,0.0,1,2,contiguous,0.018070323864448932,0.13442590473732707,1,1135150782,0.0,1,11,pair_merge,0.018070323864448932,0.13442590473732707,1,1135150782,0.0,1,13,0.0,13,0.0,6,0.0,6,0.0,26,0.0,34,0.0,0.018070323864448932,0.13442590473732707,1,1135150782,0.018070323864448932,0.13442590473732707,1,1135150782,0.018070323864448932,0.13442590473732707,1,1135150782,0.018070323864448932,0.13442590473732707,1,1135150782,wr256_reuse_confirm_g049
1,256,1446912157,64,3,0.1504832331316905,0.06760932614148908,1.587645194679378,0x43c3c730,34,contiguous,0.5475734576036003,0.7399820657310556,0,1136903985,0.31575842478229493,0,34,contiguous,0.5475734576036003,0.7399820657310556,0,1136903985,0.31575842478229493,0,46,contiguous,0.06760932614148908,0.2600179342689444,1,1136903984,0.0,1,13,pair_merge,0.06760932614148908,0.2600179342689444,1,1136903984,0.0,1,26,contiguous,0.06760932614148908,0.2600179342689444,1,1136903984,0.0,1,60,contiguous,0.5475734576036003,0.7399820657310556,0,1136903985,0.31575842478229493,0,13,0.0,13,0.0,6,0.0,6,0.0,26,0.0,34,0.31575842478229493,0.06760932614148908,0.2600179342689444,1,1136903984,0.06760932614148908,0.2600179342689444,1,1136903984,0.06760932614148908,0.2600179342689444,1,1136903984,0.06760932614148908,0.2600179342689444,1,1136903984,wr256_reuse_confirm_g050
1,256,1726579687,64,3,0.28554975728494364,0.07044278497601336,1.6012639788860281,0x43e6464b,34,contiguous,0.07044278497601336,0.26541059695500735,1,1139164747,0.0,1,34,contiguous,0.07044278497601336,0.26541059695500735,1,1139164747,0.0,1,46,contiguous,1.6012639788860281,1.2654105969550073,0,1139164746,1.0,0,13,pair_merge,1.6012639788860281,1.2654105969550073,0,1139164746,1.0,0,35,pair_merge,0.5396215910659986,0.7345894030449927,0,1139164748,0.30648831356431083,0,35,pair_merge,0.5396215910659986,0.7345894030449927,0,1139164748,0.30648831356431083,0,13,1.0,13,1.0,6,1.0,6,1.0,26,0.30648831356431083,34,0.0,0.07044278497601336,0.26541059695500735,1,1139164747,0.5396215910659986,0.7345894030449927,0,1139164748,0.07044278497601336,0.26541059695500735,1,1139164747,0.07044278497601336,0.26541059695500735,1,1139164747,wr256_reuse_confirm_g051
1,256,1135148455,64,3,0.08706295504151876,0.016084921012575183,1.2697376049138118,0x43ad5718,34,contiguous,0.016084921012575183,0.12682634195061837,1,1135433496,0.0,1,34,contiguous,0.016084921012575183,0.12682634195061837,1,1135433496,0.0,1,46,contiguous,0.016084921012575183,0.12682634195061837,1,1135433496,0.0,1,13,pair_merge,0.016084921012575183,0.12682634195061837,1,1135433496,0.0,1,32,contiguous,0.016084921012575183,0.12682634195061837,1,1135433496,0.0,1,54,contiguous,0.016084921012575183,0.12682634195061837,1,1135433496,0.0,1,13,0.0,13,0.0,6,0.0,6,0.0,26,0.0,34,0.0,0.016084921012575183,0.12682634195061837,1,1135433496,1.2697376049138118,1.1268263419506184,0,1135433495,0.016084921012575183,0.12682634195061837,1,1135433496,0.016084921012575183,0.12682634195061837,1,1135433496,wr256_reuse_confirm_g052
1,256,1645237830,64,4,0.22791453454792082,0.13667342584310085,2.6578986581757547,0x437a3456,34,contiguous,0.13667342584310085,0.36969369191683654,1,1132082262,0.0,1,34,contiguous,0.13667342584310085,0.36969369191683654,1,1132082262,0.0,1,46,contiguous,0.13667342584310085,0.36969369191683654,1,1132082262,0.0,1,13,pair_merge,0.39728604200942774,0.6303063080831635,0,1132082263,0.10336744723326699,0,22,contiguous,0.39728604200942774,0.6303063080831635,0,1132082263,0.10336744723326699,0,24,contiguous,1.876060809676774,1.3696936919168365,0,1132082261,0.689897658300199,0,13,0.10336744723326699,13,0.10336744723326699,6,0.10336744723326699,6,0.10336744723326699,26,0.689897658300199,34,0.0,1.876060809676774,1.3696936919168365,0,1132082261,5.615448193510447,2.3696936919168365,0,1132082260,0.13667342584310085,0.36969369191683654,1,1132082262,0.13667342584310085,0.36969369191683654,1,1132082262,wr256_reuse_confirm_g053
1,256,1588416419,64,3,0.24545040810753868,0.01863053464643765,1.291617967664426,0x4388d779,34,contiguous,1.291617967664426,1.1364937165089941,0,1133041528,1.0,0,34,contiguous,1.291617967664426,1.1364937165089941,0,1133041528,1.0,0,46,contiguous,0.01863053464643765,0.1364937165089941,1,1133041529,0.0,1,13,pair_merge,0.01863053464643765,0.1364937165089941,1,1133041529,0.0,1,33,pair_merge,0.01863053464643765,0.1364937165089941,1,1133041529,0.0,1,33,pair_merge,0.01863053464643765,0.1364937165089941,1,1133041529,0.0,1,13,0.0,13,0.0,6,0.0,6,0.0,26,0.0,34,1.0,0.7456431016284494,0.8635062834910059,0,1133041530,1.291617967664426,1.1364937165089941,0,1133041528,0.01863053464643765,0.1364937165089941,1,1133041529,0.01863053464643765,0.1364937165089941,1,1133041529,wr256_reuse_confirm_g054
1,256,528848009,64,3,0.08462890564102162,0.05335315627165293,1.5153191994897792,0x43937e02,34,contiguous,0.05335315627165293,0.23098302160906314,1,1133739522,0.0,1,34,contiguous,0.05335315627165293,0.23098302160906314,1,1133739522,0.0,1,46,contiguous,0.05335315627165293,0.23098302160906314,1,1133739522,0.0,1,13,pair_merge,0.05335315627165293,0.23098302160906314,1,1133739522,0.0,1,63,pair_merge,0.05335315627165293,0.23098302160906314,1,1133739522,0.0,1,24,contiguous,0.5913871130535266,0.7690169783909369,0,1133739521,0.3680208300854486,0,13,0.0,13,0.0,6,0.0,6,0.0,26,0.0,34,0.0,0.05335315627165293,0.23098302160906314,1,1133739522,7.667455026617274,2.769016978390937,0,1133739519,0.05335315627165293,0.23098302160906314,1,1133739522,0.05335315627165293,0.23098302160906314,1,1133739522,wr256_reuse_confirm_g055
1,256,1176455837,64,3,0.3010052420223171,0.007148417323214649,1.1762450444121622,0x438b7721,34,contiguous,1.1762450444121622,1.0845483135444738,0,1133213472,1.0,0,34,contiguous,1.1762450444121622,1.0845483135444738,0,1133213472,1.0,0,46,contiguous,0.007148417323214649,0.08454831354447379,1,1133213473,0.0,1,13,pair_merge,0.007148417323214649,0.08454831354447379,1,1133213473,0.0,1,13,pair_merge,0.007148417323214649,0.08454831354447379,1,1133213473,0.0,1,13,pair_merge,0.007148417323214649,0.08454831354447379,1,1133213473,0.0,1,13,0.0,13,0.0,6,1.0,6,1.0,26,0.0,34,1.0,1.1762450444121622,1.0845483135444738,0,1133213472,25.852631552767953,5.084548313544474,0,1133213468,0.007148417323214649,0.08454831354447379,1,1133213473,0.007148417323214649,0.08454831354447379,1,1133213473,wr256_reuse_confirm_g056
1,256,1130612012,64,2,0.390625,0.24734833620552515,0.2526658015131236,0x438ddffc,34,contiguous,0.2526658015131236,0.5026587326537992,0,1133371387,1.0,0,34,contiguous,0.2526658015131236,0.5026587326537992,0,1133371387,1.0,0,46,contiguous,0.2526658015131236,0.5026587326537992,0,1133371387,1.0,0,13,pair_merge,0.24734833620552515,0.49734126734620077,1,1133371388,0.0,1,33,pair_merge,0.2526658015131236,0.5026587326537992,0,1133371387,1.0,0,19,pair_merge,0.24734833620552515,0.49734126734620077,1,1133371388,0.0,1,13,0.0,13,0.0,6,0.0,6,0.0,26,1.0,34,1.0,0.24734833620552515,0.49734126734620077,1,1133371388,0.2526658015131236,0.5026587326537992,0,1133371387,0.24734833620552515,0.49734126734620077,1,1133371388,0.24734833620552515,0.49734126734620077,1,1133371388,wr256_reuse_confirm_g057
1,256,1637572665,64,3,0.191167170785666,0.018909945767540515,1.2939368227635208,0x4389f33d,34,contiguous,0.018909945767540515,0.13751343849799014,1,1133114173,0.0,1,34,contiguous,0.018909945767540515,0.13751343849799014,1,1133114173,0.0,1,46,contiguous,0.7438830687715603,0.8624865615020099,0,1133114174,0.5685943850157014,0,13,pair_merge,1.2939368227635208,1.1375134384979901,0,1133114172,1.0,0,23,pair_merge,0.018909945767540515,0.13751343849799014,1,1133114173,0.0,1,18,contiguous,0.018909945767540515,0.13751343849799014,1,1133114173,0.0,1,13,1.0,13,1.0,6,0.0,6,0.0,26,0.5685943850157014,34,0.0,0.018909945767540515,0.13751343849799014,1,1133114173,0.7438830687715603,0.8624865615020099,0,1133114174,0.018909945767540515,0.13751343849799014,1,1133114173,0.018909945767540515,0.13751343849799014,1,1133114173,wr256_reuse_confirm_g058
1,256,430918230,64,4,0.06310056154478835,0.12849930736919032,5.56237130929511,0x43bcd5fd,34,contiguous,0.4115633064062304,0.64153199951852,0,1136449022,0.052092504007586866,0,34,contiguous,0.4115633064062304,0.64153199951852,0,1136449022,0.052092504007586866,0,46,contiguous,0.12849930736919032,0.35846800048148,1,1136449021,0.0,1,13,pair_merge,0.4115633064062304,0.64153199951852,0,1136449022,0.052092504007586866,0,17,pair_merge,0.12849930736919032,0.35846800048148,1,1136449021,0.0,1,46,contiguous,0.12849930736919032,0.35846800048148,1,1136449021,0.0,1,13,0.052092504007586866,13,0.052092504007586866,6,0.0,6,0.0,26,0.052092504007586866,34,0.052092504007586866,0.12849930736919032,0.35846800048148,1,1136449021,54.14705131410991,7.35846800048148,0,1136449014,0.12849930736919032,0.35846800048148,1,1136449021,0.12849930736919032,0.35846800048148,1,1136449021,wr256_reuse_confirm_g059
1,256,2138412708,64,4,0.10525906900835445,0.20481130171803505,2.39456799556039,0x43ee9d9b,34,contiguous,2.1099329547968573,1.4525608265394112,0,1139711386,0.8700152206115259,0,34,contiguous,2.1099329547968573,1.4525608265394112,0,1139711386,0.8700152206115259,0,46,contiguous,0.20481130171803505,0.4525608265394112,1,1139711387,0.0,1,13,pair_merge,0.2996896486392126,0.5474391734605888,0,1139711388,0.04332825979615799,0,24,contiguous,0.20481130171803505,0.4525608265394112,1,1139711387,0.0,1,24,contiguous,0.20481130171803505,0.4525608265394112,1,1139711387,0.0,1,13,0.04332825979615799,13,0.04332825979615799,6,0.8700152206115259,6,0.8700152206115259,26,0.04332825979615799,34,0.8700152206115259,0.20481130171803505,0.4525608265394112,1,1139711387,2.1099329547968573,1.4525608265394112,0,1139711386,0.20481130171803505,0.4525608265394112,1,1139711387,0.20481130171803505,0.4525608265394112,1,1139711387,wr256_reuse_confirm_g060
1,256,103718812,64,3,0.23108468571454338,0.03314310321753234,1.3972480508221061,0x439d397d,34,contiguous,0.03314310321753234,0.18205247380228684,1,1134377341,0.0,1,34,contiguous,0.03314310321753234,0.18205247380228684,1,1134377341,0.0,1,46,contiguous,0.03314310321753234,0.18205247380228684,1,1134377341,0.0,1,13,pair_merge,0.03314310321753234,0.18205247380228684,1,1134377341,0.0,1,23,pair_merge,0.03314310321753234,0.18205247380228684,1,1134377341,0.0,1,23,pair_merge,0.03314310321753234,0.18205247380228684,1,1134377341,0.0,1,13,0.0,13,0.0,6,0.0,6,0.0,26,0.0,34,0.0,0.6690381556129587,0.8179475261977132,0,1134377340,3.304933208008385,1.8179475261977132,0,1134377339,0.03314310321753234,0.18205247380228684,1,1134377341,0.03314310321753234,0.18205247380228684,1,1134377341,wr256_reuse_confirm_g061
1,256,1979634761,64,2,0.53125,0.10713473181801036,0.4525058848581155,0x438efef5,34,contiguous,0.10713473181801036,0.32731442347994744,1,1133444853,0.0,1,34,contiguous,0.10713473181801036,0.32731442347994744,1,1133444853,0.0,1,46,contiguous,0.10713473181801036,0.32731442347994744,1,1133444853,0.0,1,13,pair_merge,0.4525058848581155,0.6726855765200526,0,1133444852,1.0,0,27,pair_merge,0.10713473181801036,0.32731442347994744,1,1133444853,0.0,1,27,pair_merge,0.10713473181801036,0.32731442347994744,1,1133444853,0.0,1,13,1.0,13,1.0,6,0.0,6,0.0,26,0.0,34,0.0,0.10713473181801036,0.32731442347994744,1,1133444853,1.7617635787779053,1.3273144234799474,0,1133444854,0.10713473181801036,0.32731442347994744,1,1133444853,0.10713473181801036,0.32731442347994744,1,1133444853,wr256_reuse_confirm_g062
1,256,1907260823,64,4,0.15797506994628127,0.056792842341528794,3.1035428869444877,0x43ef6c9b,34,contiguous,0.056792842341528794,0.23831248884926026,1,1139764379,0.0,1,34,contiguous,0.056792842341528794,0.23831248884926026,1,1139764379,0.0,1,46,contiguous,0.056792842341528794,0.23831248884926026,1,1139764379,0.0,1,13,pair_merge,0.056792842341528794,0.23831248884926026,1,1139764379,0.0,1,41,pair_merge,0.5801678646430083,0.7616875111507397,0,1139764380,0.17178141122163626,0,46,contiguous,0.056792842341528794,0.23831248884926026,1,1139764379,0.0,1,13,0.0,13,0.0,6,0.0,6,0.0,26,0.0,34,0.0,1.5334178200400492,1.2383124888492603,0,1139764378,27.439917730834132,5.23831248884926,0,1139764374,0.056792842341528794,0.23831248884926026,1,1139764379,0.056792842341528794,0.23831248884926026,1,1139764379,wr256_reuse_confirm_g063
1,512,135263565,64,4,0.11677709232476763,0.07246615303784407,2.9956846298840034,0x44664c86,20,contiguous,0.07246615303784407,0.26919538078846017,1,1147554950,0.0,1,20,contiguous,0.07246615303784407,0.26919538078846017,1,1147554950,0.0,1,20,contiguous,0.07246615303784407,0.26919538078846017,1,1147554950,0.0,1,10,contiguous,0.07246615303784407,0.26919538078846017,1,1147554950,0.0,1,45,pair_merge,0.07246615303784407,0.26919538078846017,1,1147554950,0.0,1,45,pair_merge,0.07246615303784407,0.26919538078846017,1,1147554950,0.0,1,10,0.0,29,0.0,29,0.0,20,0.0,20,0.0,20,0.0,0.07246615303784407,0.26919538078846017,1,1147554950,22.380512345153242,4.73080461921154,0,1147554945,0.07246615303784407,0.26919538078846017,1,1147554950,0.07246615303784407,0.26919538078846017,1,1147554950,wr512_reuse_confirm_g000
1,512,167902216,64,3,0.411594717051902,0.0008554876667512106,1.059352929209137,0x443ca7e1,20,contiguous,0.0008554876667512106,0.029248720771192893,1,1144825825,0.0,1,20,contiguous,0.0008554876667512106,0.029248720771192893,1,1144825825,0.0,1,20,contiguous,0.0008554876667512106,0.029248720771192893,1,1144825825,0.0,1,10,contiguous,0.0008554876667512106,0.029248720771192893,1,1144825825,0.0,1,41,pair_merge,0.9423580461243655,0.9707512792288071,0,1144825826,0.8894707927547818,0,20,contiguous,0.0008554876667512106,0.029248720771192893,1,1144825825,0.0,1,10,0.0,29,1.0,29,1.0,20,0.0,20,0.0,20,0.0,0.0008554876667512106,0.029248720771192893,1,1144825825,25.29334269537868,5.029248720771193,0,1144825820,0.0008554876667512106,0.029248720771192893,1,1144825825,0.0008554876667512106,0.029248720771192893,1,1144825825,wr512_reuse_confirm_g001
1,512,1816963335,64,4,0.09906296436936109,0.06155951495090195,3.069111914714783,0x4426d157,20,contiguous,0.5653357148328425,0.7518880999409703,0,1143394646,0.1675037149548887,0,20,contiguous,0.5653357148328425,0.7518880999409703,0,1143394646,0.1675037149548887,0,20,contiguous,0.5653357148328425,0.7518880999409703,0,1143394646,0.1675037149548887,0,10,contiguous,0.5653357148328425,0.7518880999409703,0,1143394646,0.1675037149548887,0,40,contiguous,0.06155951495090195,0.24811190005902972,1,1143394647,0.0,1,2,contiguous,0.06155951495090195,0.24811190005902972,1,1143394647,0.0,1,10,0.1675037149548887,29,0.0,29,0.0,20,0.1675037149548887,20,0.1675037149548887,20,0.1675037149548887,0.06155951495090195,0.24811190005902972,1,1143394647,45.587992914124484,6.75188809994097,0,1143394640,0.06155951495090195,0.24811190005902972,1,1143394647,0.06155951495090195,0.24811190005902972,1,1143394647,wr512_reuse_confirm_g002
1,512,1723083016,64,3,0.023568337425913452,0.23248556492690914,2.1968207036145113,0x441c7cba,20,contiguous,0.23248556492690914,0.482167569343801,1,1142717626,0.0,1,20,contiguous,0.23248556492690914,0.482167569343801,1,1142717626,0.0,1,20,contiguous,0.23248556492690914,0.482167569343801,1,1142717626,0.0,1,10,contiguous,0.23248556492690914,0.482167569343801,1,1142717626,0.0,1,13,pair_merge,0.23248556492690914,0.482167569343801,1,1142717626,0.0,1,10,contiguous,0.23248556492690914,0.482167569343801,1,1142717626,0.0,1,10,0.0,29,0.018156199830659317,29,0.018156199830659317,20,0.0,20,0.0,20,0.0,0.2681504262393071,0.517832430656199,0,1142717625,20.410809871488897,4.517832430656199,0,1142717621,0.23248556492690914,0.482167569343801,1,1142717626,0.23248556492690914,0.482167569343801,1,1142717626,wr512_reuse_confirm_g003
1,512,426624743,64,3,0.13653573087123141,0.00028595763970428096,1.0341065217807284,0x441e887e,20,contiguous,0.00028595763970428096,0.01691028207051204,1,1142851710,0.0,1,20,contiguous,0.00028595763970428096,0.01691028207051204,1,1142851710,0.0,1,20,contiguous,0.00028595763970428096,0.01691028207051204,1,1142851710,0.0,1,10,contiguous,0.00028595763970428096,0.01691028207051204,1,1142851710,0.0,1,2,contiguous,0.00028595763970428096,0.01691028207051204,1,1142851710,0.0,1,24,contiguous,0.9664653934986802,0.983089717929488,0,1142851711,0.9345716939397026,0,10,0.0,29,0.0,29,0.0,20,0.0,20,0.0,20,0.0,0.00028595763970428096,0.01691028207051204,1,1142851710,9.101747650062777,3.016910282070512,0,1142851707,0.00028595763970428096,0.01691028207051204,1,1142851710,0.00028595763970428096,0.01691028207051204,1,1142851710,wr512_reuse_confirm_g004
1,512,1984769160,64,3,0.09040247291467834,0.0047752027943020765,1.1429808871101372,0x440c6540,20,contiguous,0.0047752027943020765,0.06910284215791762,1,1141663040,0.0,1,20,contiguous,0.0047752027943020765,0.06910284215791762,1,1141663040,0.0,1,20,contiguous,0.0047752027943020765,0.06910284215791762,1,1141663040,0.0,1,10,contiguous,0.0047752027943020765,0.06910284215791762,1,1141663040,0.0,1,20,contiguous,0.0047752027943020765,0.06910284215791762,1,1141663040,0.0,1,20,contiguous,0.0047752027943020765,0.06910284215791762,1,1141663040,0.0,1,10,0.0,29,0.0,29,0.0,20,0.0,20,0.0,20,0.0,0.0047752027943020765,0.06910284215791762,1,1141663040,3.7283638341626317,1.9308971578420824,0,1141663038,0.0047752027943020765,0.06910284215791762,1,1141663040,0.0047752027943020765,0.06910284215791762,1,1141663040,wr512_reuse_confirm_g005
1,512,1842562351,64,4,0.10183941631975009,0.03402037863457663,3.2962358178356763,0x4451e48a,20,contiguous,0.03402037863457663,0.18444614019972505,1,1146217610,0.0,1,20,contiguous,0.03402037863457663,0.18444614019972505,1,1146217610,0.0,1,20,contiguous,0.03402037863457663,0.18444614019972505,1,1146217610,0.0,1,10,contiguous,0.6651280982351265,0.815553859800275,0,1146217611,0.19345985308533303,0,1,pair_merge,0.03402037863457663,0.18444614019972505,1,1146217610,0.0,1,1,pair_merge,0.03402037863457663,0.18444614019972505,1,1146217610,0.0,1,10,0.19345985308533303,29,0.0,29,0.0,20,0.0,20,0.0,20,0.0,0.03402037863457663,0.18444614019972505,1,1146217610,17.509589500232376,4.184446140199725,0,1146217606,0.03402037863457663,0.18444614019972505,1,1146217610,0.03402037863457663,0.18444614019972505,1,1146217610,wr512_reuse_confirm_g006
1,512,1114511276,64,4,0.06800207886121983,0.08512857695912515,2.9180565006305024,0x4446fb02,20,contiguous,0.08512857695912515,0.29176801908215566,1,1145502466,0.0,1,20,contiguous,0.08512857695912515,0.29176801908215566,1,1145502466,0.0,1,20,contiguous,0.08512857695912515,0.29176801908215566,1,1145502466,0.0,1,10,contiguous,0.08512857695912515,0.29176801908215566,1,1145502466,0.0,1,49,pair_merge,0.08512857695912515,0.29176801908215566,1,1145502466,0.0,1,20,contiguous,0.08512857695912515,0.29176801908215566,1,1145502466,0.0,1,10,0.0,29,0.0,29,0.0,20,0.0,20,0.0,20,0.0,0.08512857695912515,0.29176801908215566,1,1145502466,22.16744838613757,4.708231980917844,0,1145502461,0.08512857695912515,0.29176801908215566,1,1145502466,0.08512857695912515,0.29176801908215566,1,1145502466,wr512_reuse_confirm_g007
1,512,104439332,64,3,0.25315022528310027,0.01561186569765816,1.265506769188371,0x44285e19,20,contiguous,0.01561186569765816,0.12494745174535637,1,1143496217,0.0,1,20,contiguous,0.01561186569765816,0.12494745174535637,1,1143496217,0.0,1,20,contiguous,0.01561186569765816,0.12494745174535637,1,1143496217,0.0,1,10,contiguous,0.01561186569765816,0.12494745174535637,1,1143496217,0.0,1,45,pair_merge,0.01561186569765816,0.12494745174535637,1,1143496217,0.0,1,45,pair_merge,0.01561186569765816,0.12494745174535637,1,1143496217,0.0,1,10,0.0,29,0.0,29,0.0,20,0.0,20,0.0,20,0.0,0.01561186569765816,0.12494745174535637,1,1143496217,0.01561186569765816,0.12494745174535637,1,1143496217,0.01561186569765816,0.12494745174535637,1,1143496217,0.01561186569765816,0.12494745174535637,1,1143496217,wr512_reuse_confirm_g008
1,512,828236423,64,3,0.12631518999732458,0.02675308052413376,1.3538804595319678,0x4439f414,20,contiguous,0.02675308052413376,0.16356368950391698,1,1144648724,0.0,1,20,contiguous,0.02675308052413376,0.16356368950391698,1,1144648724,0.0,1,20,contiguous,0.02675308052413376,0.16356368950391698,1,1144648724,0.0,1,10,contiguous,0.02675308052413376,0.16356368950391698,1,1144648724,0.0,1,49,pair_merge,0.02675308052413376,0.16356368950391698,1,1144648724,0.0,1,49,pair_merge,0.02675308052413376,0.16356368950391698,1,1144648724,0.0,1,10,0.0,29,0.0,29,0.0,20,0.0,20,0.0,20,0.0,0.02675308052413376,0.16356368950391698,1,1144648724,10.008135217547636,3.163563689503917,0,1144648721,0.02675308052413376,0.16356368950391698,1,1144648724,0.02675308052413376,0.16356368950391698,1,1144648724,wr512_reuse_confirm_g009
1,512,603684418,64,3,0.21035679271514174,0.03392523828583164,1.4023013411254792,0x441f596f,20,contiguous,0.03392523828583164,0.18418805141982375,1,1142905199,0.0,1,20,contiguous,0.03392523828583164,0.18418805141982375,1,1142905199,0.0,1,20,contiguous,0.03392523828583164,0.18418805141982375,1,1142905199,0.0,1,10,contiguous,0.03392523828583164,0.18418805141982375,1,1142905199,0.0,1,13,pair_merge,0.03392523828583164,0.18418805141982375,1,1142905199,0.0,1,2,contiguous,0.03392523828583164,0.18418805141982375,1,1142905199,0.0,1,10,0.0,29,0.0,29,0.0,20,0.0,20,0.0,20,0.0,0.6655491354461841,0.8158119485801762,0,1142905198,23.192044724087594,4.815811948580176,0,1142905194,0.03392523828583164,0.18418805141982375,1,1142905199,0.03392523828583164,0.18418805141982375,1,1142905199,wr512_reuse_confirm_g010
1,512,954026050,64,3,0.09541781121459189,0.18839847334025714,2.0564963326631727,0x443b3bdf,20,contiguous,0.32030061401734156,0.5659510703385422,0,1144732638,0.07060772540304275,0,20,contiguous,0.32030061401734156,0.5659510703385422,0,1144732638,0.07060772540304275,0,20,contiguous,0.32030061401734156,0.5659510703385422,0,1144732638,0.07060772540304275,0,10,contiguous,0.32030061401734156,0.5659510703385422,0,1144732638,0.07060772540304275,0,49,pair_merge,0.18839847334025714,0.4340489296614578,1,1144732639,0.0,1,20,contiguous,0.32030061401734156,0.5659510703385422,0,1144732638,0.07060772540304275,0,10,0.07060772540304275,29,0.07060772540304275,29,0.07060772540304275,20,0.07060772540304275,20,0.07060772540304275,20,0.07060772540304275,0.32030061401734156,0.5659510703385422,0,1144732638,6.58410489537151,2.565951070338542,0,1144732636,0.18839847334025714,0.4340489296614578,1,1144732639,0.18839847334025714,0.4340489296614578,1,1144732639,wr512_reuse_confirm_g011
1,512,1044227393,64,3,0.050239309103413704,0.1752262959863767,2.0124270986290322,0x440078e3,20,contiguous,0.33802549334372106,0.5813995986786722,0,1140881636,0.08861263130473908,0,20,contiguous,0.33802549334372106,0.5813995986786722,0,1140881636,0.08861263130473908,0,20,contiguous,0.33802549334372106,0.5813995986786722,0,1140881636,0.08861263130473908,0,10,contiguous,0.1752262959863767,0.4186004013213278,1,1140881635,0.0,1,55,pair_merge,0.33802549334372106,0.5813995986786722,0,1140881636,0.08861263130473908,0,4,contiguous,0.1752262959863767,0.4186004013213278,1,1140881635,0.0,1,10,0.0,29,0.0,29,0.0,20,0.08861263130473908,20,0.08861263130473908,20,0.08861263130473908,0.1752262959863767,0.4186004013213278,1,1140881635,0.1752262959863767,0.4186004013213278,1,1140881635,0.1752262959863767,0.4186004013213278,1,1140881635,0.1752262959863767,0.4186004013213278,1,1140881635,wr512_reuse_confirm_g012
1,512,1121926592,64,3,0.0831198041565774,0.017674292064032652,1.2835636830824233,0x440ab1f6,20,contiguous,0.017674292064032652,0.1329446955091953,1,1141551606,0.0,1,20,contiguous,0.017674292064032652,0.1329446955091953,1,1141551606,0.0,1,20,contiguous,0.017674292064032652,0.1329446955091953,1,1141551606,0.0,1,10,contiguous,0.017674292064032652,0.1329446955091953,1,1141551606,0.0,1,40,contiguous,0.017674292064032652,0.1329446955091953,1,1141551606,0.0,1,40,contiguous,0.017674292064032652,0.1329446955091953,1,1141551606,0.0,1,10,0.0,29,0.0,29,0.0,20,0.0,20,0.0,20,0.0,0.017674292064032652,0.1329446955091953,1,1141551606,14.95411672799047,3.8670553044908047,0,1141551602,0.017674292064032652,0.1329446955091953,1,1141551606,0.017674292064032652,0.1329446955091953,1,1141551606,wr512_reuse_confirm_g013
1,512,2002618844,64,3,0.30222673417581547,0.011279590987425144,1.2236904286339552,0x441755d3,20,contiguous,0.011279590987425144,0.10620541882326506,1,1142379987,0.0,1,20,contiguous,0.011279590987425144,0.10620541882326506,1,1142379987,0.0,1,20,contiguous,0.011279590987425144,0.10620541882326506,1,1142379987,0.0,1,10,contiguous,0.011279590987425144,0.10620541882326506,1,1142379987,0.0,1,36,contiguous,0.011279590987425144,0.10620541882326506,1,1142379987,0.0,1,2,contiguous,1.2236904286339552,1.106205418823265,0,1142379988,1.0,0,10,0.0,29,0.0,29,0.0,20,0.0,20,0.0,20,0.0,0.011279590987425144,0.10620541882326506,1,1142379987,16.860922941573545,4.106205418823265,0,1142379991,0.011279590987425144,0.10620541882326506,1,1142379987,0.011279590987425144,0.10620541882326506,1,1142379987,wr512_reuse_confirm_g014
1,512,1809904140,64,3,0.16207574028350533,0.0007602353695314361,1.0559049674672192,0x442f1544,20,contiguous,0.0007602353695314361,0.027572366048843833,1,1143936324,0.0,1,20,contiguous,0.0007602353695314361,0.027572366048843833,1,1143936324,0.0,1,20,contiguous,0.0007602353695314361,0.027572366048843833,1,1143936324,0.0,1,10,contiguous,0.0007602353695314361,0.027572366048843833,1,1143936324,0.0,1,13,pair_merge,0.0007602353695314361,0.027572366048843833,1,1143936324,0.0,1,29,pair_merge,0.0007602353695314361,0.027572366048843833,1,1143936324,0.0,1,10,0.0,29,0.0,29,0.0,20,0.0,20,0.0,20,0.0,0.0007602353695314361,0.027572366048843833,1,1143936324,36.33162862795566,6.027572366048844,0,1143936318,0.0007602353695314361,0.027572366048843833,1,1143936324,0.0007602353695314361,0.027572366048843833,1,1143936324,wr512_reuse_confirm_g015
1,512,1539420233,64,3,0.13558953165716803,0.12201612460734648,1.820632255561525,0x4429d7e7,20,contiguous,0.12201612460734648,0.34930806547708926,1,1143592935,0.0,1,20,contiguous,0.12201612460734648,0.34930806547708926,1,1143592935,0.0,1,20,contiguous,0.12201612460734648,0.34930806547708926,1,1143592935,0.0,1,10,contiguous,0.12201612460734648,0.34930806547708926,1,1143592935,0.0,1,48,contiguous,0.42339999365316794,0.6506919345229107,0,1143592936,0.17742906331433606,0,20,contiguous,0.12201612460734648,0.34930806547708926,1,1143592935,0.0,1,10,0.0,29,0.17742906331433606,29,0.17742906331433606,20,0.0,20,0.0,20,0.0,0.42339999365316794,0.6506919345229107,0,1143592936,69.71094517224077,8.34930806547709,0,1143592927,0.12201612460734648,0.34930806547708926,1,1143592935,0.12201612460734648,0.34930806547708926,1,1143592935,wr512_reuse_confirm_g016
1,512,189368337,64,3,0.1971734778795231,0.020015998809273617,1.3029718173341707,0x440bc6fb,20,contiguous,0.7370601802843766,0.8585220907375515,0,1141622522,0.5589001360152357,0,20,contiguous,0.7370601802843766,0.8585220907375515,0,1141622522,0.5589001360152357,0,20,contiguous,0.7370601802843766,0.8585220907375515,0,1141622522,0.5589001360152357,0,10,contiguous,0.020015998809273617,0.14147790926244852,1,1141622523,0.0,1,49,pair_merge,0.020015998809273617,0.14147790926244852,1,1141622523,0.0,1,45,pair_merge,0.7370601802843766,0.8585220907375515,0,1141622522,0.5589001360152357,0,10,0.0,29,0.0,29,0.0,20,0.5589001360152357,20,0.5589001360152357,20,0.5589001360152357,0.020015998809273617,0.14147790926244852,1,1141622523,1.3029718173341707,1.1414779092624485,0,1141622524,0.020015998809273617,0.14147790926244852,1,1141622523,0.020015998809273617,0.14147790926244852,1,1141622523,wr512_reuse_confirm_g017
1,512,605442168,64,3,0.3072371491802917,0.019432115066094584,1.2982303580024128,0x442b549f,20,contiguous,0.7406338721297763,0.8606008785318409,0,1143690398,0.5639683672130258,0,20,contiguous,0.7406338721297763,0.8606008785318409,0,1143690398,0.5639683672130258,0,20,contiguous,0.7406338721297763,0.8606008785318409,0,1143690398,0.5639683672130258,0,10,contiguous,0.019432115066094584,0.13939912146815914,1,1143690399,0.0,1,49,pair_merge,0.7406338721297763,0.8606008785318409,0,1143690398,0.5639683672130258,0,49,pair_merge,0.7406338721297763,0.8606008785318409,0,1143690398,0.5639683672130258,0,10,0.0,29,0.5639683672130258,29,0.5639683672130258,20,0.5639683672130258,20,0.5639683672130258,20,0.5639683672130258,0.019432115066094584,0.13939912146815914,1,1143690399,3.461835629193458,1.8606008785318409,0,1143690397,0.019432115066094584,0.13939912146815914,1,1143690399,0.019432115066094584,0.13939912146815914,1,1143690399,wr512_reuse_confirm_g018
1,512,41075480,64,4,0.07199130918308982,0.013389045098532214,3.5505448795562673,0x4436a4fa,20,contiguous,0.013389045098532214,0.1157110413855662,1,1144431866,0.0,1,20,contiguous,0.013389045098532214,0.1157110413855662,1,1144431866,0.0,1,20,contiguous,0.013389045098532214,0.1157110413855662,1,1144431866,0.0,1,10,contiguous,0.013389045098532214,0.1157110413855662,1,1144431866,0.0,1,44,contiguous,0.013389045098532214,0.1157110413855662,1,1144431866,0.0,1,18,contiguous,0.013389045098532214,0.1157110413855662,1,1144431866,0.0,1,10,0.0,29,0.0,29,0.0,20,0.0,20,0.0,20,0.0,0.013389045098532214,0.1157110413855662,1,1144431866,34.62485654847174,5.884288958614434,0,1144431860,0.013389045098532214,0.1157110413855662,1,1144431866,0.013389045098532214,0.1157110413855662,1,1144431866,wr512_reuse_confirm_g019
1,512,670359390,64,2,0.40625,0.24404741282815753,0.2560243102072572,0x44065a5a,20,contiguous,0.2560243102072572,0.5059884486895498,0,1141267035,1.0,0,20,contiguous,0.2560243102072572,0.5059884486895498,0,1141267035,1.0,0,20,contiguous,0.2560243102072572,0.5059884486895498,0,1141267035,1.0,0,10,contiguous,0.24404741282815753,0.49401155131045016,1,1141267034,0.0,1,41,pair_merge,0.24404741282815753,0.49401155131045016,1,1141267034,0.0,1,44,contiguous,0.24404741282815753,0.49401155131045016,1,1141267034,0.0,1,10,0.0,29,0.0,29,0.0,20,1.0,20,1.0,20,1.0,0.24404741282815753,0.49401155131045016,1,1141267034,20.196139823311757,4.49401155131045,0,1141267030,0.24404741282815753,0.49401155131045016,1,1141267034,0.24404741282815753,0.49401155131045016,1,1141267034,wr512_reuse_confirm_g020
1,512,1234841920,64,3,0.30716425838166095,0.050306305273192686,1.4988876480559379,0x443a041f,20,contiguous,1.4988876480559379,1.2242906713913726,0,1144652830,1.0,0,20,contiguous,1.4988876480559379,1.2242906713913726,0,1144652830,1.0,0,20,contiguous,1.4988876480559379,1.2242906713913726,0,1144652830,1.0,0,10,contiguous,0.6017249624904475,0.7757093286086274,0,1144652832,0.38066116201522504,0,36,contiguous,0.6017249624904475,0.7757093286086274,0,1144652832,0.38066116201522504,0,29,pair_merge,0.050306305273192686,0.2242906713913726,1,1144652831,0.0,1,10,0.38066116201522504,29,0.0,29,0.0,20,1.0,20,1.0,20,1.0,0.050306305273192686,0.2242906713913726,1,1144652831,17.844631676404173,4.224290671391373,0,1144652827,0.050306305273192686,0.2242906713913726,1,1144652831,0.050306305273192686,0.2242906713913726,1,1144652831,wr512_reuse_confirm_g021
1,512,1949053782,64,3,0.39309237955564347,0.009082040953622503,1.199681526300488,0x44595f23,20,contiguous,0.009082040953622503,0.09529974267343277,1,1146707747,0.0,1,20,contiguous,0.009082040953622503,0.09529974267343277,1,1146707747,0.0,1,20,contiguous,0.009082040953622503,0.09529974267343277,1,1146707747,0.0,1,10,contiguous,1.199681526300488,1.0952997426734328,0,1146707746,1.0,0,20,contiguous,0.009082040953622503,0.09529974267343277,1,1146707747,0.0,1,10,contiguous,1.199681526300488,1.0952997426734328,0,1146707746,1.0,0,10,1.0,29,0.0,29,0.0,20,0.0,20,0.0,20,0.0,1.199681526300488,1.0952997426734328,0,1146707746,4.390281011647353,2.0952997426734328,0,1146707745,0.009082040953622503,0.09529974267343277,1,1146707747,0.009082040953622503,0.09529974267343277,1,1146707747,wr512_reuse_confirm_g022
1,512,1868038620,64,4,0.09122386728488302,0.061378014952239233,3.070394544234474,0x44576fc0,20,contiguous,0.061378014952239233,0.2477458676794413,1,1146580928,0.0,1,20,contiguous,0.061378014952239233,0.2477458676794413,1,1146580928,0.0,1,20,contiguous,0.061378014952239233,0.2477458676794413,1,1146580928,0.0,1,10,contiguous,0.061378014952239233,0.2477458676794413,1,1146580928,0.0,1,20,contiguous,0.061378014952239233,0.2477458676794413,1,1146580928,0.0,1,20,contiguous,0.061378014952239233,0.2477458676794413,1,1146580928,0.0,1,10,0.0,29,0.1676655012465026,29,0.1676655012465026,20,0.0,20,0.0,20,0.0,0.061378014952239233,0.2477458676794413,1,1146580928,60.09744413208118,7.752254132320559,0,1146580920,0.061378014952239233,0.2477458676794413,1,1146580928,0.061378014952239233,0.2477458676794413,1,1146580928,wr512_reuse_confirm_g023
1,512,62805958,64,3,0.11781367968420858,0.11989656889236976,1.812418247664579,0x4406317b,20,contiguous,0.11989656889236976,0.34626083938610464,1,1141256571,0.0,1,20,contiguous,0.11989656889236976,0.34626083938610464,1,1141256571,0.0,1,20,contiguous,0.11989656889236976,0.34626083938610464,1,1141256571,0.0,1,10,contiguous,0.11989656889236976,0.34626083938610464,1,1141256571,0.0,1,18,contiguous,0.11989656889236976,0.34626083938610464,1,1141256571,0.0,1,18,contiguous,0.11989656889236976,0.34626083938610464,1,1141256571,0.0,1,10,0.0,29,0.0,29,0.0,20,0.0,20,0.0,20,0.0,0.4273748901201605,0.6537391606138954,0,1141256572,5.504939926436788,2.3462608393861046,0,1141256569,0.11989656889236976,0.34626083938610464,1,1141256571,0.11989656889236976,0.34626083938610464,1,1141256571,wr512_reuse_confirm_g024
1,512,859751844,64,4,0.05733513187053139,0.037381652901300376,3.2640082331222096,0x444a4f92,20,contiguous,0.037381652901300376,0.19334335494477273,1,1145720722,0.0,1,20,contiguous,0.037381652901300376,0.19334335494477273,1,1145720722,0.0,1,20,contiguous,0.037381652901300376,0.19334335494477273,1,1145720722,0.0,1,10,contiguous,0.037381652901300376,0.19334335494477273,1,1145720722,0.0,1,54,contiguous,0.037381652901300376,0.19334335494477273,1,1145720722,0.0,1,10,contiguous,0.037381652901300376,0.19334335494477273,1,1145720722,0.0,1,10,0.0,29,0.0,29,0.0,20,0.0,20,0.0,20,0.0,0.037381652901300376,0.19334335494477273,1,1145720722,17.58412849245948,4.193343354944773,0,1145720718,0.037381652901300376,0.19334335494477273,1,1145720722,0.037381652901300376,0.19334335494477273,1,1145720722,wr512_reuse_confirm_g025
1,512,374462968,64,4,0.04008880977227773,0.21087499545729538,2.374029893845097,0x4443e67e,20,contiguous,0.21087499545729538,0.4592112754030495,1,1145300606,0.0,1,20,contiguous,0.21087499545729538,0.4592112754030495,1,1145300606,0.0,1,20,contiguous,0.21087499545729538,0.4592112754030495,1,1145300606,0.0,1,10,contiguous,0.29245244465119635,0.5407887245969505,0,1145300607,0.037712255028384975,0,36,contiguous,0.21087499545729538,0.4592112754030495,1,1145300606,0.0,1,20,contiguous,0.21087499545729538,0.4592112754030495,1,1145300606,0.0,1,10,0.037712255028384975,29,0.0,29,0.0,20,0.0,20,0.0,20,0.0,0.21087499545729538,0.4592112754030495,1,1145300606,2.374029893845097,1.5407887245969505,0,1145300608,0.21087499545729538,0.4592112754030495,1,1145300606,0.21087499545729538,0.4592112754030495,1,1145300606,wr512_reuse_confirm_g026
1,512,1509543160,64,3,0.1003586269438863,0.156611357763846,1.9480944157350093,0x44331135,20,contiguous,0.156611357763846,0.3957415289855817,1,1144197429,0.0,1,20,contiguous,0.156611357763846,0.3957415289855817,1,1144197429,0.0,1,20,contiguous,0.156611357763846,0.3957415289855817,1,1144197429,0.0,1,10,contiguous,0.156611357763846,0.3957415289855817,1,1144197429,0.0,1,10,contiguous,0.156611357763846,0.3957415289855817,1,1144197429,0.0,1,2,contiguous,0.36512829979268263,0.6042584710144183,0,1144197428,0.11639347695812428,0,10,0.0,29,0.11639347695812428,29,0.11639347695812428,20,0.0,20,0.0,20,0.0,0.36512829979268263,0.6042584710144183,0,1144197428,31.407713009936867,5.604258471014418,0,1144197423,0.156611357763846,0.3957415289855817,1,1144197429,0.156611357763846,0.3957415289855817,1,1144197429,wr512_reuse_confirm_g027
1,512,50440987,64,4,0.05654062014269132,0.0754628881514752,5.174283260379622,0x442d6dfc,20,contiguous,0.0754628881514752,0.2747050930570367,1,1143827964,0.0,1,20,contiguous,0.0754628881514752,0.2747050930570367,1,1143827964,0.0,1,20,contiguous,0.0754628881514752,0.2747050930570367,1,1143827964,0.0,1,10,contiguous,0.0754628881514752,0.2747050930570367,1,1143827964,0.0,1,8,contiguous,0.5260527020374017,0.7252949069429633,0,1143827965,0.0883713841617492,0,13,pair_merge,0.0754628881514752,0.2747050930570367,1,1143827964,0.0,1,10,0.0,29,0.0,29,0.0,20,0.0,20,0.0,20,0.0,0.5260527020374017,0.7252949069429633,0,1143827965,32.77900177146704,5.725294906942963,0,1143827970,0.0754628881514752,0.2747050930570367,1,1143827964,0.0754628881514752,0.2747050930570367,1,1143827964,wr512_reuse_confirm_g028
1,512,1628148408,64,3,0.030360596255161416,0.20494770637523524,2.1103707155267264,0x4405326a,20,contiguous,0.20494770637523524,0.4527115045757455,1,1141191274,0.0,1,20,contiguous,0.20494770637523524,0.4527115045757455,1,1141191274,0.0,1,20,contiguous,0.20494770637523524,0.4527115045757455,1,1141191274,0.0,1,10,contiguous,0.20494770637523524,0.4527115045757455,1,1141191274,0.0,1,28,contiguous,0.29952469722374425,0.5472884954242545,0,1141191275,0.04963569264896477,0,59,pair_merge,0.20494770637523524,0.4527115045757455,1,1141191274,0.0,1,10,0.0,29,0.0,29,0.0,20,0.0,20,0.0,20,0.0,0.20494770637523524,0.4527115045757455,1,1141191274,19.8266397429812,4.4527115045757455,0,1141191270,0.20494770637523524,0.4527115045757455,1,1141191274,0.29952469722374425,0.5472884954242545,0,1141191275,wr512_reuse_confirm_g029
1,512,609957421,64,2,0.3125,0.12141018630651035,0.42453089602300553,0x441f83ba,20,contiguous,0.12141018630651035,0.3484396451417524,1,1142916026,0.0,1,20,contiguous,0.12141018630651035,0.3484396451417524,1,1142916026,0.0,1,20,contiguous,0.12141018630651035,0.3484396451417524,1,1142916026,0.0,1,10,contiguous,0.42453089602300553,0.6515603548582476,0,1142916025,1.0,0,18,contiguous,0.12141018630651035,0.3484396451417524,1,1142916026,0.0,1,53,pair_merge,0.12141018630651035,0.3484396451417524,1,1142916026,0.0,1,10,1.0,29,0.0,29,0.0,20,0.0,20,0.0,20,0.0,0.12141018630651035,0.3484396451417524,1,1142916026,74.84949657375496,8.651560354858248,0,1142916017,0.12141018630651035,0.3484396451417524,1,1142916026,0.12141018630651035,0.3484396451417524,1,1142916026,wr512_reuse_confirm_g030
1,512,905941306,64,3,0.1434253659830715,0.11495537846741553,1.7930567822925825,0x442ed3c1,20,contiguous,0.4368539746422486,0.6609492980874165,0,1143919552,0.19182308973765097,0,20,contiguous,0.4368539746422486,0.6609492980874165,0,1143919552,0.19182308973765097,0,20,contiguous,0.4368539746422486,0.6609492980874165,0,1143919552,0.19182308973765097,0,10,contiguous,0.4368539746422486,0.6609492980874165,0,1143919552,0.19182308973765097,0,53,pair_merge,0.11495537846741553,0.33905070191258346,1,1143919553,0.0,1,8,contiguous,0.4368539746422486,0.6609492980874165,0,1143919552,0.19182308973765097,0,10,0.19182308973765097,29,0.19182308973765097,29,0.19182308973765097,20,0.19182308973765097,20,0.19182308973765097,20,0.19182308973765097,0.11495537846741553,0.33905070191258346,1,1143919553,0.11495537846741553,0.33905070191258346,1,1143919553,0.11495537846741553,0.33905070191258346,1,1143919553,0.11495537846741553,0.33905070191258346,1,1143919553,wr512_reuse_confirm_g031
1,512,2043267930,64,3,0.08426554206825097,0.1885693565705618,2.0570608224366618,0x44292135,20,contiguous,0.32007789070446174,0.56575426706695,0,1143546166,0.07038219683435477,0,20,contiguous,0.32007789070446174,0.56575426706695,0,1143546166,0.07038219683435477,0,20,contiguous,0.32007789070446174,0.56575426706695,0,1143546166,0.07038219683435477,0,10,contiguous,0.32007789070446174,0.56575426706695,0,1143546166,0.07038219683435477,0,20,contiguous,0.32007789070446174,0.56575426706695,0,1143546166,0.07038219683435477,0,44,contiguous,0.32007789070446174,0.56575426706695,0,1143546166,0.07038219683435477,0,10,0.07038219683435477,29,0.0,29,0.0,20,0.07038219683435477,20,0.07038219683435477,20,0.07038219683435477,0.32007789070446174,0.56575426706695,0,1143546166,5.925552288302762,2.43424573293305,0,1143546163,0.1885693565705618,0.43424573293305,1,1143546165,0.1885693565705618,0.43424573293305,1,1143546165,wr512_reuse_confirm_g032
1,512,533592741,64,3,0.18062500374924698,0.00019990593555198598,1.0284775250398532,0x443973e0,20,contiguous,0.00019990593555198598,0.014138809552150633,1,1144615904,0.0,1,20,contiguous,0.00019990593555198598,0.014138809552150633,1,1144615904,0.0,1,20,contiguous,0.00019990593555198598,0.014138809552150633,1,1144615904,0.0,1,10,contiguous,0.00019990593555198598,0.014138809552150633,1,1144615904,0.0,1,49,pair_merge,0.00019990593555198598,0.014138809552150633,1,1144615904,0.0,1,57,pair_merge,0.00019990593555198598,0.014138809552150633,1,1144615904,0.0,1,10,0.0,29,0.9450000299939758,29,0.9450000299939758,20,0.0,20,0.0,20,0.0,0.00019990593555198598,0.014138809552150633,1,1144615904,24.858811810414046,4.985861190447849,0,1144615899,0.00019990593555198598,0.014138809552150633,1,1144615904,0.00019990593555198598,0.014138809552150633,1,1144615904,wr512_reuse_confirm_g033
1,512,719134742,64,3,0.23076315730776306,0.05490463746601866,1.5235394098251285,0x441bf59d,20,contiguous,0.05490463746601866,0.2343173861795549,1,1142683037,0.0,1,20,contiguous,0.05490463746601866,0.2343173861795549,1,1142683037,0.0,1,20,contiguous,0.05490463746601866,0.2343173861795549,1,1142683037,0.0,1,10,contiguous,0.05490463746601866,0.2343173861795549,1,1142683037,0.0,1,29,pair_merge,0.05490463746601866,0.2343173861795549,1,1142683037,0.0,1,29,pair_merge,0.05490463746601866,0.2343173861795549,1,1142683037,0.0,1,10,0.0,29,0.0,29,0.0,20,0.0,20,0.0,20,0.0,0.05490463746601866,0.2343173861795549,1,1142683037,7.649000320388689,2.765682613820445,0,1142683034,0.05490463746601866,0.2343173861795549,1,1142683037,0.05490463746601866,0.2343173861795549,1,1142683037,wr512_reuse_confirm_g034
1,512,1337368385,64,3,0.19283878611627436,0.06968038444281766,1.5976212312914684,0x4410311f,20,contiguous,0.5417395375941668,0.7360295765756746,0,1141911838,0.3089511967200578,0,20,contiguous,0.5417395375941668,0.7360295765756746,0,1141911838,0.3089511967200578,0,20,contiguous,0.5417395375941668,0.7360295765756746,0,1141911838,0.3089511967200578,0,10,contiguous,0.5417395375941668,0.7360295765756746,0,1141911838,0.3089511967200578,0,51,pair_merge,0.06968038444281766,0.2639704234243254,1,1141911839,0.0,1,51,pair_merge,0.06968038444281766,0.2639704234243254,1,1141911839,0.0,1,10,0.3089511967200578,29,0.3089511967200578,29,0.3089511967200578,20,0.3089511967200578,20,0.3089511967200578,20,0.3089511967200578,0.06968038444281766,0.2639704234243254,1,1141911839,13.957916997048214,3.7360295765756746,0,1141911835,0.06968038444281766,0.2639704234243254,1,1141911839,0.06968038444281766,0.2639704234243254,1,1141911839,wr512_reuse_confirm_g035
1,512,439454012,64,3,0.11081051781679568,0.019228254616115895,1.2965602189917782,0x4433437e,20,contiguous,0.019228254616115895,0.1386659821878311,1,1144210302,0.0,1,20,contiguous,0.019228254616115895,0.1386659821878311,1,1144210302,0.0,1,20,contiguous,0.019228254616115895,0.1386659821878311,1,1144210302,0.0,1,10,contiguous,0.019228254616115895,0.1386659821878311,1,1144210302,0.0,1,29,pair_merge,0.019228254616115895,0.1386659821878311,1,1144210302,0.0,1,44,contiguous,0.019228254616115895,0.1386659821878311,1,1144210302,0.0,1,10,0.0,29,0.0,29,0.0,20,0.0,20,0.0,20,0.0,0.019228254616115895,0.1386659821878311,1,1144210302,0.7418962902404537,0.8613340178121689,0,1144210303,0.019228254616115895,0.1386659821878311,1,1144210302,0.019228254616115895,0.1386659821878311,1,1144210302,wr512_reuse_confirm_g036
1,512,1178759920,64,3,0.16010200003628758,0.0011221148353306343,1.068118079947586,0x441c531a,20,contiguous,0.0011221148353306343,0.03349798255612768,1,1142706970,0.0,1,20,contiguous,0.0011221148353306343,0.03349798255612768,1,1142706970,0.0,1,20,contiguous,0.0011221148353306343,0.03349798255612768,1,1142706970,0.0,1,10,contiguous,0.0011221148353306343,0.03349798255612768,1,1142706970,0.0,1,45,pair_merge,0.0011221148353306343,0.03349798255612768,1,1142706970,0.0,1,2,contiguous,0.0011221148353306343,0.03349798255612768,1,1142706970,0.0,1,10,0.0,29,0.0,29,0.0,20,0.0,20,0.0,20,0.0,0.0011221148353306343,0.03349798255612768,1,1142706970,15.73313825438631,3.9665020174438723,0,1142706966,0.0011221148353306343,0.03349798255612768,1,1142706970,0.0011221148353306343,0.03349798255612768,1,1142706970,wr512_reuse_confirm_g037
1,512,1835907508,64,3,0.12904067403523184,0.024139210912991645,1.3348751818786437,0x44312a18,20,contiguous,0.024139210912991645,0.15536798548282604,1,1144072728,0.0,1,20,contiguous,0.024139210912991645,0.15536798548282604,1,1144072728,0.0,1,20,contiguous,0.024139210912991645,0.15536798548282604,1,1144072728,0.0,1,10,contiguous,0.024139210912991645,0.15536798548282604,1,1144072728,0.0,1,10,contiguous,0.024139210912991645,0.15536798548282604,1,1144072728,0.0,1,8,contiguous,0.024139210912991645,0.15536798548282604,1,1144072728,0.0,1,10,0.0,29,0.0,29,0.0,20,0.0,20,0.0,20,0.0,0.024139210912991645,0.15536798548282604,1,1144072728,1.3348751818786437,1.155367985482826,0,1144072727,0.024139210912991645,0.15536798548282604,1,1144072728,0.024139210912991645,0.15536798548282604,1,1144072728,wr512_reuse_confirm_g038
1,512,71317067,64,4,0.056716011780829946,0.1609045807800811,6.754129786977612,0x43e042ef,20,contiguous,0.3586463161792579,0.5988708676995884,0,1138770670,0.029991654951100805,0,20,contiguous,0.3586463161792579,0.5988708676995884,0,1138770670,0.029991654951100805,0,20,contiguous,0.3586463161792579,0.5988708676995884,0,1138770670,0.029991654951100805,0,10,contiguous,0.3586463161792579,0.5988708676995884,0,1138770670,0.029991654951100805,0,52,contiguous,0.3586463161792579,0.5988708676995884,0,1138770670,0.029991654951100805,0,49,pair_merge,0.3586463161792579,0.5988708676995884,0,1138770670,0.029991654951100805,0,10,0.029991654951100805,29,0.029991654951100805,29,0.029991654951100805,20,0.029991654951100805,20,0.029991654951100805,20,0.029991654951100805,0.3586463161792579,0.5988708676995884,0,1138770670,57.7428384639735,7.598870867699588,0,1138770663,0.1609045807800811,0.4011291323004116,1,1138770671,0.1609045807800811,0.4011291323004116,1,1138770671,wr512_reuse_confirm_g039
1,512,1298456974,64,3,0.16289421034883078,0.05472801722061774,1.5226084174111696,0x4415f84f,20,contiguous,0.5868476170300658,0.7660597999047241,0,1142290510,0.362508825474045,0,20,contiguous,0.5868476170300658,0.7660597999047241,0,1142290510,0.362508825474045,0,20,contiguous,0.5868476170300658,0.7660597999047241,0,1142290510,0.362508825474045,0,10,contiguous,0.5868476170300658,0.7660597999047241,0,1142290510,0.362508825474045,0,24,contiguous,0.05472801722061774,0.23394020009527594,1,1142290511,0.0,1,14,contiguous,0.05472801722061774,0.23394020009527594,1,1142290511,0.0,1,10,0.362508825474045,29,0.0,29,0.0,20,0.362508825474045,20,0.362508825474045,20,0.362508825474045,0.05472801722061774,0.23394020009527594,1,1142290511,22.71532601626786,4.766059799904724,0,1142290506,0.05472801722061774,0.23394020009527594,1,1142290511,0.05472801722061774,0.23394020009527594,1,1142290511,wr512_reuse_confirm_g040
1,512,1821558196,64,4,0.0625,0.04419568988560598,3.2032848514671115,0x44371706,20,contiguous,0.04419568988560598,0.21022770960462367,1,1144461062,0.0,1,20,contiguous,0.04419568988560598,0.21022770960462367,1,1144461062,0.0,1,20,contiguous,0.04419568988560598,0.21022770960462367,1,1144461062,0.0,1,10,contiguous,0.04419568988560598,0.21022770960462367,1,1144461062,0.0,1,51,pair_merge,0.04419568988560598,0.21022770960462367,1,1144461062,0.0,1,51,pair_merge,0.04419568988560598,0.21022770960462367,1,1144461062,0.0,1,10,0.0,29,0.0,29,0.0,20,0.0,20,0.0,20,0.0,0.04419568988560598,0.21022770960462367,1,1144461062,51.987383624350336,7.210227709604624,0,1144461055,0.04419568988560598,0.21022770960462367,1,1144461062,0.04419568988560598,0.21022770960462367,1,1144461062,wr512_reuse_confirm_g041
1,512,1915160685,64,2,0.140625,0.14739528477882186,0.3795534136130932,0x4412059c,20,contiguous,0.14739528477882186,0.38392093558286433,1,1142031772,0.0,1,20,contiguous,0.14739528477882186,0.38392093558286433,1,1142031772,0.0,1,20,contiguous,0.14739528477882186,0.38392093558286433,1,1142031772,0.0,1,10,contiguous,0.14739528477882186,0.38392093558286433,1,1142031772,0.0,1,44,contiguous,0.14739528477882186,0.38392093558286433,1,1142031772,0.0,1,20,contiguous,0.14739528477882186,0.38392093558286433,1,1142031772,0.0,1,10,0.0,29,0.0,29,0.0,20,0.0,20,0.0,20,0.0,0.14739528477882186,0.38392093558286433,1,1142031772,5.68307902711028,2.3839209355828643,0,1142031770,0.14739528477882186,0.38392093558286433,1,1142031772,0.14739528477882186,0.38392093558286433,1,1142031772,wr512_reuse_confirm_g042
1,512,79587920,64,5,0.08071658152510665,9.4269018757807e-05,4.038931162562461,0x44502ea4,20,contiguous,9.4269018757807e-05,0.009709223385925725,1,1146105508,0.0,1,20,contiguous,9.4269018757807e-05,0.009709223385925725,1,1146105508,0.0,1,20,contiguous,9.4269018757807e-05,0.009709223385925725,1,1146105508,0.0,1,10,contiguous,9.4269018757807e-05,0.009709223385925725,1,1146105508,0.0,1,28,contiguous,9.4269018757807e-05,0.009709223385925725,1,1146105508,0.0,1,29,pair_merge,9.4269018757807e-05,0.009709223385925725,1,1146105508,0.0,1,10,0.0,29,0.0,29,0.0,20,0.0,20,0.0,20,0.0,9.4269018757807e-05,0.009709223385925725,1,1146105508,8.941838928703204,2.9902907766140743,0,1146105505,9.4269018757807e-05,0.009709223385925725,1,1146105508,9.4269018757807e-05,0.009709223385925725,1,1146105508,wr512_reuse_confirm_g043
1,512,1448911635,64,3,0.051509300245819276,0.15641491909279698,2.574441877133879,0x44317094,20,contiguous,0.15641491909279698,0.39549326048972944,1,1144090772,0.0,1,20,contiguous,0.15641491909279698,0.39549326048972944,1,1144090772,0.0,1,20,contiguous,0.15641491909279698,0.39549326048972944,1,1144090772,0.0,1,10,contiguous,0.15641491909279698,0.39549326048972944,1,1144090772,0.0,1,29,pair_merge,0.15641491909279698,0.39549326048972944,1,1144090772,0.0,1,4,contiguous,0.15641491909279698,0.39549326048972944,1,1144090772,0.0,1,10,0.0,29,0.0,29,0.0,20,0.0,20,0.0,20,0.0,0.15641491909279698,0.39549326048972944,1,1144090772,12.99246883517496,3.6045067395102706,0,1144090768,0.15641491909279698,0.39549326048972944,1,1144090772,0.15641491909279698,0.39549326048972944,1,1144090772,wr512_reuse_confirm_g044
1,512,1187111602,64,2,0.671875,0.15598502555227145,0.3660862331686612,0x441206db,20,contiguous,0.15598502555227145,0.39494939619180514,1,1142032091,0.0,1,20,contiguous,0.15598502555227145,0.39494939619180514,1,1142032091,0.0,1,20,contiguous,0.15598502555227145,0.39494939619180514,1,1142032091,0.0,1,10,contiguous,0.15598502555227145,0.39494939619180514,1,1142032091,0.0,1,51,pair_merge,0.15598502555227145,0.39494939619180514,1,1142032091,0.0,1,51,pair_merge,0.15598502555227145,0.39494939619180514,1,1142032091,0.0,1,10,0.0,29,1.0,29,1.0,20,0.0,20,0.0,20,0.0,0.15598502555227145,0.39494939619180514,1,1142032091,6.786288648401441,2.605050603808195,0,1142032088,0.15598502555227145,0.39494939619180514,1,1142032091,0.15598502555227145,0.39494939619180514,1,1142032091,wr512_reuse_confirm_g045
1,512,1198155517,64,3,0.18661527246397447,0.05087486761465962,1.5019840234280153,0x442d33af,20,contiguous,0.5997657118013039,0.7744454220933221,0,1143813038,0.3782560684616365,0,20,contiguous,0.5997657118013039,0.7744454220933221,0,1143813038,0.3782560684616365,0,20,contiguous,0.5997657118013039,0.7744454220933221,0,1143813038,0.3782560684616365,0,10,contiguous,0.05087486761465962,0.22555457790667788,1,1143813039,0.0,1,29,pair_merge,0.05087486761465962,0.22555457790667788,1,1143813039,0.0,1,29,pair_merge,0.05087486761465962,0.22555457790667788,1,1143813039,0.0,1,10,0.0,29,0.0,29,0.0,20,0.3782560684616365,20,0.3782560684616365,20,0.3782560684616365,0.05087486761465962,0.22555457790667788,1,1143813039,4.953093179241371,2.225554577906678,0,1143813041,0.05087486761465962,0.22555457790667788,1,1143813039,0.05087486761465962,0.22555457790667788,1,1143813039,wr512_reuse_confirm_g046
1,512,66142785,64,3,0.37599519137616744,0.00041202121453796394,1.0410086326267218,0x442eab2b,20,contiguous,0.00041202121453796394,0.020298305706091924,1,1143909163,0.0,1,20,contiguous,0.00041202121453796394,0.020298305706091924,1,1143909163,0.0,1,20,contiguous,0.00041202121453796394,0.020298305706091924,1,1143909163,0.0,1,10,contiguous,0.9598154098023541,0.9797016942939081,0,1143909164,0.9219743540062262,0,20,contiguous,0.00041202121453796394,0.020298305706091924,1,1143909163,0.0,1,29,pair_merge,0.9598154098023541,0.9797016942939081,0,1143909164,0.9219743540062262,0,10,0.9219743540062262,29,0.9219743540062262,29,0.9219743540062262,20,0.0,20,0.0,20,0.0,0.00041202121453796394,0.020298305706091924,1,1143909163,4.081605244038905,2.020298305706092,0,1143909161,0.00041202121453796394,0.020298305706091924,1,1143909163,0.00041202121453796394,0.020298305706091924,1,1143909163,wr512_reuse_confirm_g047
1,512,1497552400,64,3,0.1431614758121811,0.0014078982029187516,1.076451837409726,0x440a4790,20,contiguous,0.0014078982029187516,0.037521969603403704,1,1141524368,0.0,1,20,contiguous,0.0014078982029187516,0.037521969603403704,1,1141524368,0.0,1,20,contiguous,0.0014078982029187516,0.037521969603403704,1,1141524368,0.0,1,10,contiguous,0.0014078982029187516,0.037521969603403704,1,1141524368,0.0,1,54,contiguous,0.0014078982029187516,0.037521969603403704,1,1141524368,0.0,1,54,contiguous,0.0014078982029187516,0.037521969603403704,1,1141524368,0.0,1,10,0.0,29,0.0,29,0.0,20,0.0,20,0.0,20,0.0,0.0014078982029187516,0.037521969603403704,1,1141524368,3.851320019789304,1.9624780303965963,0,1141524370,0.0014078982029187516,0.037521969603403704,1,1141524368,0.0014078982029187516,0.037521969603403704,1,1141524368,wr512_reuse_confirm_g048
1,512,45207914,64,3,0.04417436735757935,0.15801179493029452,1.9530257443180887,0x4434c764,20,contiguous,0.15801179493029452,0.39750697469389706,1,1144309604,0.0,1,20,contiguous,0.15801179493029452,0.39750697469389706,1,1144309604,0.0,1,20,contiguous,0.15801179493029452,0.39750697469389706,1,1144309604,0.0,1,10,contiguous,0.15801179493029452,0.39750697469389706,1,1144309604,0.0,1,13,pair_merge,0.15801179493029452,0.39750697469389706,1,1144309604,0.0,1,13,pair_merge,0.15801179493029452,0.39750697469389706,1,1144309604,0.0,1,10,0.0,29,0.0,29,0.0,20,0.0,20,0.0,20,0.0,0.15801179493029452,0.39750697469389706,1,1144309604,29.133081541869267,5.397506974693897,0,1144309599,0.15801179493029452,0.39750697469389706,1,1144309604,0.15801179493029452,0.39750697469389706,1,1144309604,wr512_reuse_confirm_g049
1,512,1913430217,64,3,0.1702834806927649,0.06370318656895686,1.5684929906219185,0x442366d9,20,contiguous,0.5589133825159952,0.7476050979735192,0,1143170778,0.329089281847373,0,20,contiguous,0.5589133825159952,0.7476050979735192,0,1143170778,0.329089281847373,0,20,contiguous,0.5589133825159952,0.7476050979735192,0,1143170778,0.329089281847373,0,10,contiguous,0.06370318656895686,0.25239490202648085,1,1143170777,0.0,1,45,pair_merge,0.06370318656895686,0.25239490202648085,1,1143170777,0.0,1,0,contiguous,0.06370318656895686,0.25239490202648085,1,1143170777,0.0,1,10,0.0,29,0.329089281847373,29,0.329089281847373,20,0.329089281847373,20,0.329089281847373,20,0.329089281847373,0.5589133825159952,0.7476050979735192,0,1143170778,1.5684929906219185,1.2523949020264808,0,1143170776,0.06370318656895686,0.25239490202648085,1,1143170777,0.06370318656895686,0.25239490202648085,1,1143170777,wr512_reuse_confirm_g050
1,512,1125194721,64,3,0.3491826207246822,0.0048038650541257985,1.143423705684907,0x44268f57,20,contiguous,0.0048038650541257985,0.06930992031539063,1,1143377751,0.0,1,20,contiguous,0.0048038650541257985,0.06930992031539063,1,1143377751,0.0,1,20,contiguous,0.0048038650541257985,0.06930992031539063,1,1143377751,0.0,1,10,contiguous,0.0048038650541257985,0.06930992031539063,1,1143377751,0.0,1,49,pair_merge,0.8661840244233445,0.9306900796846094,0,1143377750,0.7565125150919774,0,49,pair_merge,0.8661840244233445,0.9306900796846094,0,1143377750,0.7565125150919774,0,10,0.0,29,0.7565125150919774,29,0.7565125150919774,20,0.0,20,0.0,20,0.0,0.0048038650541257985,0.06930992031539063,1,1143377751,15.450324502531,3.9306900796846094,0,1143377747,0.0048038650541257985,0.06930992031539063,1,1143377751,0.0048038650541257985,0.06930992031539063,1,1143377751,wr512_reuse_confirm_g051
1,512,546746911,64,3,0.27223987676693806,0.019349098231913178,1.2975511703443485,0x44136317,20,contiguous,0.7411470261194778,0.8608989639437823,0,1142121238,0.5646978233220017,0,20,contiguous,0.7411470261194778,0.8608989639437823,0,1142121238,0.5646978233220017,0,20,contiguous,0.7411470261194778,0.8608989639437823,0,1142121238,0.5646978233220017,0,10,contiguous,0.019349098231913178,0.1391010360562177,1,1142121239,0.0,1,29,pair_merge,0.019349098231913178,0.1391010360562177,1,1142121239,0.0,1,8,contiguous,0.019349098231913178,0.1391010360562177,1,1142121239,0.0,1,10,0.0,29,0.0,29,0.0,20,0.5646978233220017,20,0.5646978233220017,20,0.5646978233220017,0.019349098231913178,0.1391010360562177,1,1142121239,23.628338737669736,4.860898963943782,0,1142121234,0.019349098231913178,0.1391010360562177,1,1142121239,0.019349098231913178,0.1391010360562177,1,1142121239,wr512_reuse_confirm_g052
1,512,1578849300,64,2,0.296875,0.19168400037792319,0.3160493725155409,0x4424f992,20,contiguous,0.3160493725155409,0.5621826860688088,0,1143273875,1.0,0,20,contiguous,0.3160493725155409,0.5621826860688088,0,1143273875,1.0,0,20,contiguous,0.3160493725155409,0.5621826860688088,0,1143273875,1.0,0,10,contiguous,0.19168400037792319,0.43781731393119117,1,1143273874,0.0,1,38,contiguous,0.19168400037792319,0.43781731393119117,1,1143273874,0.0,1,4,contiguous,0.19168400037792319,0.43781731393119117,1,1143273874,0.0,1,10,0.0,29,0.0,29,0.0,20,1.0,20,1.0,20,1.0,0.19168400037792319,0.43781731393119117,1,1143273874,5.942953256102688,2.437817313931191,0,1143273872,0.19168400037792319,0.43781731393119117,1,1143273874,0.19168400037792319,0.43781731393119117,1,1143273874,wr512_reuse_confirm_g053
1,512,96743003,64,3,0.3032905447021463,0.005529842988810077,1.1542556711264953,0x43fc0384,20,contiguous,0.005529842988810077,0.07436291406884266,1,1140589444,0.0,1,20,contiguous,0.005529842988810077,0.07436291406884266,1,1140589444,0.0,1,20,contiguous,0.005529842988810077,0.07436291406884266,1,1140589444,0.0,1,10,contiguous,1.1542556711264953,1.0743629140688427,0,1140589445,1.0,0,37,pair_merge,0.005529842988810077,0.07436291406884266,1,1140589444,0.0,1,37,pair_merge,0.005529842988810077,0.07436291406884266,1,1140589444,0.0,1,10,1.0,29,0.0,29,0.0,20,0.0,20,0.0,20,0.0,1.1542556711264953,1.0743629140688427,0,1140589445,47.96444904602501,6.925637085931157,0,1140589437,0.005529842988810077,0.07436291406884266,1,1140589444,0.005529842988810077,0.07436291406884266,1,1140589444,wr512_reuse_confirm_g054
1,512,1407145434,64,4,0.06954997087846165,0.04474102458929486,3.198658053818273,0x44293f34,20,contiguous,0.04474102458929486,0.21152074269275545,1,1143553844,0.0,1,20,contiguous,0.04474102458929486,0.21152074269275545,1,1143553844,0.0,1,20,contiguous,0.04474102458929486,0.21152074269275545,1,1143553844,0.0,1,10,contiguous,0.04474102458929486,0.21152074269275545,1,1143553844,0.0,1,61,pair_merge,0.04474102458929486,0.21152074269275545,1,1143553844,0.0,1,29,pair_merge,0.04474102458929486,0.21152074269275545,1,1143553844,0.0,1,10,0.0,29,0.0,29,0.0,20,0.0,20,0.0,20,0.0,0.04474102458929486,0.21152074269275545,1,1143553844,52.00603142228787,7.2115207426927554,0,1143553837,0.04474102458929486,0.21152074269275545,1,1143553844,0.04474102458929486,0.21152074269275545,1,1143553844,wr512_reuse_confirm_g055
1,512,911227349,64,4,0.14346266825183945,0.06010615975178206,3.0794438549656173,0x4449819b,20,contiguous,0.06010615975178206,0.24516557619654122,1,1145667995,0.0,1,20,contiguous,0.06010615975178206,0.24516557619654122,1,1145667995,0.0,1,20,contiguous,0.06010615975178206,0.24516557619654122,1,1145667995,0.0,1,10,contiguous,0.06010615975178206,0.24516557619654122,1,1145667995,0.0,1,49,pair_merge,0.5697750073586996,0.7548344238034588,0,1145667994,0.16880153830253222,0,53,pair_merge,1.5504373121448645,1.2451655761965412,0,1145667996,0.4935953850924033,0,10,0.0,29,0.0,29,0.0,20,0.0,20,0.0,20,0.0,0.5697750073586996,0.7548344238034588,0,1145667994,22.60845039778637,4.754834423803459,0,1145667990,0.06010615975178206,0.24516557619654122,1,1145667995,0.06010615975178206,0.24516557619654122,1,1145667995,wr512_reuse_confirm_g056
1,512,969989564,64,4,0.06087894765575382,0.12646391556256673,2.7039933011029684,0x4428b97c,20,contiguous,0.4152286083327675,0.6443823463851004,0,1143519613,0.11203158124603058,0,20,contiguous,0.4152286083327675,0.6443823463851004,0,1143519613,0.11203158124603058,0,20,contiguous,0.4152286083327675,0.6443823463851004,0,1143519613,0.11203158124603058,0,10,contiguous,0.4152286083327675,0.6443823463851004,0,1143519613,0.11203158124603058,0,57,pair_merge,0.12646391556256673,0.3556176536148996,1,1143519612,0.0,1,57,pair_merge,0.12646391556256673,0.3556176536148996,1,1143519612,0.0,1,10,0.11203158124603058,29,0.0,29,0.0,20,0.11203158124603058,20,0.11203158124603058,20,0.11203158124603058,0.4152286083327675,0.6443823463851004,0,1143519613,1.8376992227923659,1.3556176536148996,0,1143519611,0.12646391556256673,0.3556176536148996,1,1143519612,0.12646391556256673,0.3556176536148996,1,1143519612,wr512_reuse_confirm_g057
1,512,1384461665,64,4,0.13728255176614748,0.08298619896836856,2.930693187840601,0x43f0f9e3,20,contiguous,0.5068396934044849,0.7119267472180582,0,1139866082,0.1488402760861199,0,20,contiguous,0.5068396934044849,0.7119267472180582,0,1139866082,0.1488402760861199,0,20,contiguous,0.5068396934044849,0.7119267472180582,0,1139866082,0.1488402760861199,0,10,contiguous,0.08298619896836856,0.28807325278194185,1,1139866083,0.0,1,0,contiguous,0.08298619896836856,0.28807325278194185,1,1139866083,0.0,1,29,pair_merge,0.5068396934044849,0.7119267472180582,0,1139866082,0.1488402760861199,0,10,0.0,29,0.1488402760861199,29,0.1488402760861199,20,0.1488402760861199,20,0.1488402760861199,20,0.1488402760861199,0.08298619896836856,0.28807325278194185,1,1139866083,0.5068396934044849,0.7119267472180582,0,1139866082,0.08298619896836856,0.28807325278194185,1,1139866083,0.08298619896836856,0.28807325278194185,1,1139866083,wr512_reuse_confirm_g058
1,512,1788160566,64,4,0.09105625175168759,0.01763868617735029,4.548881548564794,0x43e700f6,20,contiguous,0.01763868617735029,0.13281071559686097,1,1139212534,0.0,1,20,contiguous,0.01763868617735029,0.13281071559686097,1,1139212534,0.0,1,20,contiguous,0.01763868617735029,0.13281071559686097,1,1139212534,0.0,1,10,contiguous,0.01763868617735029,0.13281071559686097,1,1139212534,0.0,1,51,pair_merge,0.01763868617735029,0.13281071559686097,1,1139212534,0.0,1,49,pair_merge,0.01763868617735029,0.13281071559686097,1,1139212534,0.0,1,10,0.0,29,0.0,29,0.0,20,0.0,20,0.0,20,0.0,0.01763868617735029,0.13281071559686097,1,1139212534,17.080124410952237,4.132810715596861,0,1139212530,0.01763868617735029,0.13281071559686097,1,1139212534,0.01763868617735029,0.13281071559686097,1,1139212534,wr512_reuse_confirm_g059
1,512,1533585310,64,4,0.18957204331807004,0.03410912454062811,3.2953628943302467,0x43ed0aad,20,contiguous,0.03410912454062811,0.18468655755259533,1,1139608237,0.0,1,20,contiguous,0.03410912454062811,0.18468655755259533,1,1139608237,0.0,1,20,contiguous,0.03410912454062811,0.18468655755259533,1,1139608237,0.0,1,10,contiguous,0.6647360094354374,0.8153134424474047,0,1139608236,0.19336946138217592,0,63,pair_merge,0.03410912454062811,0.18468655755259533,1,1139608237,0.0,1,20,contiguous,0.03410912454062811,0.18468655755259533,1,1139608237,0.0,1,10,0.19336946138217592,29,0.19336946138217592,29,0.19336946138217592,20,0.0,20,0.0,20,0.0,0.6647360094354374,0.8153134424474047,0,1139608236,116.97100485838354,10.815313442447405,0,1139608226,0.03410912454062811,0.18468655755259533,1,1139608237,0.03410912454062811,0.18468655755259533,1,1139608237,wr512_reuse_confirm_g060
1,512,1484793439,64,3,0.03235794458465349,0.19425045893690593,2.0757275350697024,0x441369e6,20,contiguous,0.31277338280410955,0.5592614619336018,0,1142122983,0.06299461490693078,0,20,contiguous,0.31277338280410955,0.5592614619336018,0,1142122983,0.06299461490693078,0,20,contiguous,0.31277338280410955,0.5592614619336018,0,1142122983,0.06299461490693078,0,10,contiguous,0.19425045893690593,0.4407385380663982,1,1142122982,0.0,1,37,pair_merge,0.19425045893690593,0.4407385380663982,1,1142122982,0.0,1,37,pair_merge,0.19425045893690593,0.4407385380663982,1,1142122982,0.0,1,10,0.0,29,0.0,29,0.0,20,0.06299461490693078,20,0.06299461490693078,20,0.06299461490693078,0.19425045893690593,0.4407385380663982,1,1142122982,5.957204611202498,2.440738538066398,0,1142122980,0.19425045893690593,0.4407385380663982,1,1142122982,0.19425045893690593,0.4407385380663982,1,1142122982,wr512_reuse_confirm_g061
1,512,1180096559,64,3,0.19885055217137246,0.0014493564786567095,1.0775901859634136,0x440e232b,20,contiguous,0.0014493564786567095,0.03807041474237849,1,1141777195,0.0,1,20,contiguous,0.0014493564786567095,0.03807041474237849,1,1141777195,0.0,1,20,contiguous,0.0014493564786567095,0.03807041474237849,1,1141777195,0.0,1,10,contiguous,0.9253085269938998,0.9619295852576215,0,1141777196,0.8584928154408707,0,54,contiguous,0.0014493564786567095,0.03807041474237849,1,1141777195,0.0,1,13,pair_merge,0.0014493564786567095,0.03807041474237849,1,1141777195,0.0,1,10,0.8584928154408707,29,0.0,29,0.0,20,0.0,20,0.0,20,0.0,0.0014493564786567095,0.03807041474237849,1,1141777195,0.0014493564786567095,0.03807041474237849,1,1141777195,0.0014493564786567095,0.03807041474237849,1,1141777195,0.0014493564786567095,0.03807041474237849,1,1141777195,wr512_reuse_confirm_g062
1,512,1287107251,64,5,0.09053746091108116,0.03411762681594414,4.772955923776183,0x4430ff57,20,contiguous,0.03411762681594414,0.18470957424005974,1,1144061783,0.0,1,20,contiguous,0.03411762681594414,0.18470957424005974,1,1144061783,0.0,1,20,contiguous,0.03411762681594414,0.18470957424005974,1,1144061783,0.0,1,10,contiguous,0.6646984783358246,0.8152904257599403,0,1144061782,0.13306654753853303,0,10,contiguous,0.6646984783358246,0.8152904257599403,0,1144061782,0.13306654753853303,0,36,contiguous,0.03411762681594414,0.18470957424005974,1,1144061783,0.0,1,10,0.13306654753853303,29,0.0,29,0.0,20,0.0,20,0.0,20,0.0,0.03411762681594414,0.18470957424005974,1,1144061783,33.817602735935225,5.81529042575994,0,1144061777,0.03411762681594414,0.18470957424005974,1,1144061783,0.03411762681594414,0.18470957424005974,1,1144061783,wr512_reuse_confirm_g063
1,1024,2095293495,64,3,0.17988253127989626,0.005005574579288357,1.1465057453111762,0x44c24516,19,pair_merge,0.005005574579288357,0.07075008536594396,1,1153582358,0.0,1,19,pair_merge,0.005005574579288357,0.07075008536594396,1,1153582358,0.0,1,47,pair_merge,0.005005574579288357,0.07075008536594396,1,1153582358,0.0,1,45,pair_merge,0.005005574579288357,0.07075008536594396,1,1153582358,0.0,1,21,pair_merge,0.005005574579288357,0.07075008536594396,1,1153582358,0.0,1,30,contiguous,0.005005574579288357,0.07075008536594396,1,1153582358,0.0,1,45,0.0,19,0.0,45,0.0,30,0.0,19,0.0,19,0.0,0.005005574579288357,0.07075008536594396,1,1153582358,363.69350881848516,19.070750085365944,0,1153582339,0.005005574579288357,0.07075008536594396,1,1153582358,0.005005574579288357,0.07075008536594396,1,1153582358,wr1024_reuse_confirm_g000
1,1024,1259324293,64,3,0.1293936827729324,0.010476628728755377,1.215187436736104,0x449da6fe,19,pair_merge,0.010476628728755377,0.10235540400367427,1,1151182590,0.0,1,19,pair_merge,0.010476628728755377,0.10235540400367427,1,1151182590,0.0,1,47,pair_merge,0.010476628728755377,0.10235540400367427,1,1151182590,0.0,1,45,pair_merge,0.010476628728755377,0.10235540400367427,1,1151182590,0.0,1,60,contiguous,0.010476628728755377,0.10235540400367427,1,1151182590,0.0,1,21,pair_merge,0.010476628728755377,0.10235540400367427,1,1151182590,0.0,1,45,0.0,19,0.0,45,0.0,30,0.0,19,0.0,19,0.0,0.010476628728755377,0.10235540400367427,1,1151182590,15.19163339669936,3.8976445959963257,0,1151182586,0.010476628728755377,0.10235540400367427,1,1151182590,0.010476628728755377,0.10235540400367427,1,1151182590,wr1024_reuse_confirm_g001
1,1024,262655213,64,3,0.13997313762689068,6.8702614566658535e-06,1.00524910698128,0x44a6da96,19,pair_merge,6.8702614566658535e-06,0.002621118359911634,1,1151785622,0.0,1,19,pair_merge,6.8702614566658535e-06,0.002621118359911634,1,1151785622,0.0,1,47,pair_merge,6.8702614566658535e-06,0.002621118359911634,1,1151785622,0.0,1,45,pair_merge,6.8702614566658535e-06,0.002621118359911634,1,1151785622,0.0,1,60,contiguous,6.8702614566658535e-06,0.002621118359911634,1,1151785622,0.0,1,30,contiguous,6.8702614566658535e-06,0.002621118359911634,1,1151785622,0.0,1,45,0.0,19,0.0,45,0.0,30,0.0,19,0.0,19,0.0,6.8702614566658535e-06,0.002621118359911634,1,1151785622,35.96855344994252,5.997378881640088,0,1151785616,6.8702614566658535e-06,0.002621118359911634,1,1151785622,6.8702614566658535e-06,0.002621118359911634,1,1151785622,wr1024_reuse_confirm_g002
1,1024,1811192981,64,3,0.09173985019095447,0.0649513733057504,1.5746625593935208,0x44b0c8b4,19,pair_merge,0.0649513733057504,0.25485559304388516,1,1152436404,0.0,1,19,pair_merge,0.0649513733057504,0.25485559304388516,1,1152436404,0.0,1,47,pair_merge,0.0649513733057504,0.25485559304388516,1,1152436404,0.0,1,45,pair_merge,0.0649513733057504,0.25485559304388516,1,1152436404,0.0,1,53,pair_merge,0.0649513733057504,0.25485559304388516,1,1152436404,0.0,1,19,pair_merge,0.0649513733057504,0.25485559304388516,1,1152436404,0.0,1,45,0.0,19,0.0,45,0.0,30,0.0,19,0.0,19,0.0,0.0649513733057504,0.25485559304388516,1,1152436404,14.026106628954668,3.745144406956115,0,1152436400,0.0649513733057504,0.25485559304388516,1,1152436404,0.0649513733057504,0.25485559304388516,1,1152436404,wr1024_reuse_confirm_g003
1,1024,1937917936,64,2,0.3125,0.12025968347816916,0.426690123943816,0x44960327,19,pair_merge,0.12025968347816916,0.3467847797671766,1,1150681895,0.0,1,19,pair_merge,0.12025968347816916,0.3467847797671766,1,1150681895,0.0,1,47,pair_merge,0.12025968347816916,0.3467847797671766,1,1150681895,0.0,1,45,pair_merge,0.12025968347816916,0.3467847797671766,1,1150681895,0.0,1,21,pair_merge,0.12025968347816916,0.3467847797671766,1,1150681895,0.0,1,45,pair_merge,0.12025968347816916,0.3467847797671766,1,1150681895,0.0,1,45,0.0,19,0.0,45,0.0,30,1.0,19,0.0,19,0.0,0.12025968347816916,0.3467847797671766,1,1150681895,107.0559552788217,10.346784779767177,0,1150681885,0.12025968347816916,0.3467847797671766,1,1150681895,0.12025968347816916,0.3467847797671766,1,1150681895,wr1024_reuse_confirm_g004
1,1024,1400047590,64,3,0.08919597794751262,0.10843517043040764,2.79125533195484,0x449be42b,19,pair_merge,0.44984525119262386,0.6707050403811081,0,1151067178,0.1272579078011029,0,19,pair_merge,0.44984525119262386,0.6707050403811081,0,1151067178,0.1272579078011029,0,47,pair_merge,0.44984525119262386,0.6707050403811081,0,1151067178,0.1272579078011029,0,45,pair_merge,0.44984525119262386,0.6707050403811081,0,1151067178,0.1272579078011029,0,26,contiguous,0.10843517043040764,0.3292949596188919,1,1151067179,0.0,1,53,pair_merge,0.10843517043040764,0.3292949596188919,1,1151067179,0.0,1,45,0.1272579078011029,19,0.1272579078011029,45,0.1272579078011029,30,0.0,19,0.1272579078011029,19,0.1272579078011029,0.44984525119262386,0.6707050403811081,0,1151067178,44.498305735765925,6.670705040381108,0,1151067172,0.10843517043040764,0.3292949596188919,1,1151067179,0.10843517043040764,0.3292949596188919,1,1151067179,wr1024_reuse_confirm_g005
1,1024,1741050135,64,3,0.08964645366214385,0.024070620264670183,1.3343648049647394,0x4497cb98,19,pair_merge,0.024070620264670183,0.15514709235003465,1,1150798744,0.0,1,19,pair_merge,0.024070620264670183,0.15514709235003465,1,1150798744,0.0,1,47,pair_merge,0.024070620264670183,0.15514709235003465,1,1150798744,0.0,1,45,pair_merge,0.024070620264670183,0.15514709235003465,1,1150798744,0.0,1,44,contiguous,0.024070620264670183,0.15514709235003465,1,1150798744,0.0,1,53,pair_merge,0.024070620264670183,0.15514709235003465,1,1150798744,0.0,1,45,0.0,19,0.0,45,0.0,30,0.0,19,0.0,19,0.0,0.024070620264670183,0.15514709235003465,1,1150798744,14.782893881464393,3.8448529076499653,0,1150798740,0.024070620264670183,0.15514709235003465,1,1150798744,0.024070620264670183,0.15514709235003465,1,1150798744,wr1024_reuse_confirm_g006
1,1024,809013211,64,3,0.2590488582499641,0.0031896980831740617,1.116144522383406,0x449ed17d,19,pair_merge,0.0031896980831740617,0.056477412150115924,1,1151259005,0.0,1,19,pair_merge,0.0031896980831740617,0.056477412150115924,1,1151259005,0.0,1,47,pair_merge,1.116144522383406,1.056477412150116,0,1151259004,1.0,0,45,pair_merge,0.0031896980831740617,0.056477412150115924,1,1151259005,0.0,1,21,pair_merge,0.0031896980831740617,0.056477412150115924,1,1151259005,0.0,1,36,contiguous,0.8902348737829422,0.9435225878498841,0,1151259006,0.7970181325711005,0,45,0.0,19,0.0,45,0.0,30,0.0,19,0.0,19,0.0,0.0031896980831740617,0.056477412150115924,1,1151259005,16.4550089952841,4.056477412150116,0,1151259001,0.0031896980831740617,0.056477412150115924,1,1151259005,0.0031896980831740617,0.056477412150115924,1,1151259005,wr1024_reuse_confirm_g007
1,1024,2048662914,64,3,0.5256236234164344,6.922238744868014e-05,1.0167092208788766,0x44be9bc9,19,pair_merge,1.0167092208788766,1.008319999245714,0,1153342408,1.0,0,19,pair_merge,1.0167092208788766,1.008319999245714,0,1153342408,1.0,0,47,pair_merge,1.0167092208788766,1.008319999245714,0,1153342408,1.0,0,45,pair_merge,1.0167092208788766,1.008319999245714,0,1153342408,1.0,0,23,pair_merge,6.922238744868014e-05,0.008319999245713916,1,1153342409,0.0,1,43,pair_merge,1.0167092208788766,1.008319999245714,0,1153342408,1.0,0,45,1.0,19,1.0,45,1.0,30,0.0,19,1.0,19,1.0,6.922238744868014e-05,0.008319999245713916,1,1153342409,49.11654921182744,7.008319999245714,0,1153342402,6.922238744868014e-05,0.008319999245713916,1,1153342409,6.922238744868014e-05,0.008319999245713916,1,1153342409,wr1024_reuse_confirm_g008
1,1024,508062443,64,4,0.10682182101037145,0.138240435576026,2.651012487608259,0x44ac4a37,19,pair_merge,0.3946264615921424,0.6281930130080582,0,1152141880,0.10203314137020957,0,19,pair_merge,0.3946264615921424,0.6281930130080582,0,1152141880,0.10203314137020957,0,47,pair_merge,0.138240435576026,0.3718069869919418,1,1152141879,0.0,1,45,pair_merge,0.3946264615921424,0.6281930130080582,0,1152141880,0.10203314137020957,0,60,contiguous,0.138240435576026,0.3718069869919418,1,1152141879,0.0,1,19,pair_merge,0.3946264615921424,0.6281930130080582,0,1152141880,0.10203314137020957,0,45,0.10203314137020957,19,0.10203314137020957,45,0.10203314137020957,30,0.6939005758893714,19,0.10203314137020957,19,0.10203314137020957,0.3946264615921424,0.6281930130080582,0,1152141880,2.651012487608259,1.6281930130080582,0,1152141881,0.138240435576026,0.3718069869919418,1,1152141879,0.138240435576026,0.3718069869919418,1,1152141879,wr1024_reuse_confirm_g009
1,1024,1015123945,64,3,0.38924739481669024,0.004305562666284356,1.1355391356007185,0x44b985ff,19,pair_merge,0.004305562666284356,0.06561678646721703,1,1153009151,0.0,1,19,pair_merge,0.004305562666284356,0.06561678646721703,1,1153009151,0.0,1,47,pair_merge,0.004305562666284356,0.06561678646721703,1,1153009151,0.0,1,45,pair_merge,0.004305562666284356,0.06561678646721703,1,1153009151,0.0,1,27,pair_merge,0.004305562666284356,0.06561678646721703,1,1153009151,0.0,1,19,pair_merge,0.004305562666284356,0.06561678646721703,1,1153009151,0.0,1,45,0.0,19,0.0,45,0.0,30,0.0,19,0.0,19,0.0,0.004305562666284356,0.06561678646721703,1,1153009151,4.266772708535153,2.065616786467217,0,1153009149,0.004305562666284356,0.06561678646721703,1,1153009151,0.004305562666284356,0.06561678646721703,1,1153009151,wr1024_reuse_confirm_g010
1,1024,462984093,64,4,0.06211438647261501,0.19606677939165437,2.424889636848744,0x44ae6e6e,19,pair_merge,0.19606677939165437,0.44279428563572765,1,1152282222,0.0,1,19,pair_merge,0.19606677939165437,0.44279428563572765,1,1152282222,0.0,1,47,pair_merge,0.19606677939165437,0.44279428563572765,1,1152282222,0.0,1,45,pair_merge,0.19606677939165437,0.44279428563572765,1,1152282222,0.0,1,21,pair_merge,0.19606677939165437,0.44279428563572765,1,1152282222,0.0,1,36,contiguous,0.19606677939165437,0.44279428563572765,1,1152282222,0.0,1,45,0.0,19,0.0,45,0.0,30,0.0,19,0.0,19,0.0,0.19606677939165437,0.44279428563572765,1,1152282222,6.5393010655772885,2.5572057143642724,0,1152282219,0.19606677939165437,0.44279428563572765,1,1152282222,0.19606677939165437,0.44279428563572765,1,1152282222,wr1024_reuse_confirm_g011
1,1024,1467760083,64,3,0.13926810042176585,0.014285772553912024,1.2533319819270123,0x449e9f00,19,pair_merge,0.014285772553912024,0.11952310468655014,1,1151246080,0.0,1,19,pair_merge,0.014285772553912024,0.11952310468655014,1,1151246080,0.0,1,47,pair_merge,0.014285772553912024,0.11952310468655014,1,1151246080,0.0,1,45,pair_merge,0.014285772553912024,0.11952310468655014,1,1151246080,0.0,1,53,pair_merge,0.014285772553912024,0.11952310468655014,1,1151246080,0.0,1,62,contiguous,0.014285772553912024,0.11952310468655014,1,1151246080,0.0,1,45,0.0,19,0.0,45,0.0,30,0.0,19,0.0,19,0.0,0.014285772553912024,0.11952310468655014,1,1151246080,47.34096230694221,6.88047689531345,0,1151246073,0.014285772553912024,0.11952310468655014,1,1151246080,0.014285772553912024,0.11952310468655014,1,1151246080,wr1024_reuse_confirm_g012
1,1024,1565259629,64,4,0.038300025458017854,0.23655338497548167,2.2910832208229426,0x449abd47,19,pair_merge,0.2638183028992122,0.5136324589618653,0,1150991688,0.013270636156268905,0,19,pair_merge,0.2638183028992122,0.5136324589618653,0,1150991688,0.013270636156268905,0,47,pair_merge,0.23655338497548167,0.48636754103813473,1,1150991687,0.0,1,45,pair_merge,0.2638183028992122,0.5136324589618653,0,1150991688,0.013270636156268905,0,34,contiguous,0.2638183028992122,0.5136324589618653,0,1150991688,0.013270636156268905,0,3,pair_merge,0.2638183028992122,0.5136324589618653,0,1150991688,0.013270636156268905,0,45,0.013270636156268905,19,0.013270636156268905,45,0.013270636156268905,30,0.013270636156268905,19,0.013270636156268905,19,0.013270636156268905,0.23655338497548167,0.48636754103813473,1,1150991687,209.85484453404325,14.486367541038135,0,1150991673,0.23655338497548167,0.48636754103813473,1,1150991687,0.2638183028992122,0.5136324589618653,0,1150991688,wr1024_reuse_confirm_g013
1,1024,2024747526,64,3,0.17155323375955775,0.050468750368392615,1.4997737708985115,0x44a1496f,19,pair_merge,0.050468750368392615,0.2246525102650594,1,1151420783,0.0,1,19,pair_merge,0.050468750368392615,0.2246525102650594,1,1151420783,0.0,1,47,pair_merge,0.050468750368392615,0.2246525102650594,1,1151420783,0.0,1,45,pair_merge,0.6011637298382738,0.7753474897349406,0,1151420782,0.37997176002912836,0,30,contiguous,0.050468750368392615,0.2246525102650594,1,1151420783,0.0,1,21,pair_merge,0.6011637298382738,0.7753474897349406,0,1151420782,0.37997176002912836,0,45,0.37997176002912836,19,0.0,45,0.37997176002912836,30,0.0,19,0.0,19,0.0,0.6011637298382738,0.7753474897349406,0,1151420782,0.6011637298382738,0.7753474897349406,0,1151420782,0.050468750368392615,0.2246525102650594,1,1151420783,0.050468750368392615,0.2246525102650594,1,1151420783,wr1024_reuse_confirm_g014
1,1024,1467016394,64,3,0.23709248693275248,0.04175048603540093,1.4504091995624757,0x44a52651,19,pair_merge,0.6330917725083262,0.7956706432364626,0,1151673936,0.4197903159895227,0,19,pair_merge,0.6330917725083262,0.7956706432364626,0,1151673936,0.4197903159895227,0,47,pair_merge,0.6330917725083262,0.7956706432364626,0,1151673936,0.4197903159895227,0,45,pair_merge,0.6330917725083262,0.7956706432364626,0,1151673936,0.4197903159895227,0,36,contiguous,0.04175048603540093,0.20432935676353736,1,1151673937,0.0,1,36,contiguous,0.04175048603540093,0.20432935676353736,1,1151673937,0.0,1,45,0.4197903159895227,19,0.4197903159895227,45,0.4197903159895227,30,0.0,19,0.4197903159895227,19,0.4197903159895227,0.04175048603540093,0.20432935676353736,1,1151673937,77.36382206429172,8.795670643236463,0,1151673928,0.04175048603540093,0.20432935676353736,1,1151673937,0.04175048603540093,0.20432935676353736,1,1151673937,wr1024_reuse_confirm_g015
1,1024,289212982,64,2,0.21875,0.16431475978818108,0.35359961921615235,0x44912ff4,19,pair_merge,0.16431475978818108,0.4053575702860144,1,1150365684,0.0,1,19,pair_merge,0.16431475978818108,0.4053575702860144,1,1150365684,0.0,1,47,pair_merge,0.35359961921615235,0.5946424297139856,0,1150365685,1.0,0,45,pair_merge,0.16431475978818108,0.4053575702860144,1,1150365684,0.0,1,30,contiguous,0.16431475978818108,0.4053575702860144,1,1150365684,0.0,1,43,pair_merge,0.16431475978818108,0.4053575702860144,1,1150365684,0.0,1,45,0.0,19,0.0,45,0.0,30,0.0,19,0.0,19,0.0,0.16431475978818108,0.4053575702860144,1,1150365684,41.028605603220356,6.405357570286014,0,1150365678,0.16431475978818108,0.4053575702860144,1,1150365684,0.16431475978818108,0.4053575702860144,1,1150365684,wr1024_reuse_confirm_g016
1,1024,988747146,64,2,0.296875,0.1583581157293497,0.3624734111914381,0x44962592,19,pair_merge,0.1583581157293497,0.3979423522689558,1,1150690706,0.0,1,19,pair_merge,0.1583581157293497,0.3979423522689558,1,1150690706,0.0,1,47,pair_merge,0.1583581157293497,0.3979423522689558,1,1150690706,0.0,1,45,pair_merge,0.1583581157293497,0.3979423522689558,1,1150690706,0.0,1,25,pair_merge,0.1583581157293497,0.3979423522689558,1,1150690706,0.0,1,19,pair_merge,0.1583581157293497,0.3979423522689558,1,1150690706,0.0,1,45,0.0,19,0.0,45,0.0,30,0.0,19,0.0,19,0.0,0.1583581157293497,0.3979423522689558,1,1150690706,179.5048592747222,13.397942352268956,0,1150690693,0.1583581157293497,0.3979423522689558,1,1150690706,0.1583581157293497,0.3979423522689558,1,1150690706,wr1024_reuse_confirm_g017
1,1024,646453837,64,3,0.2107095802057814,0.07842616913678148,1.63851962254177,0x44a5ce23,19,pair_merge,0.07842616913678148,0.2800467267024942,1,1151716899,0.0,1,19,pair_merge,0.07842616913678148,0.2800467267024942,1,1151716899,0.0,1,47,pair_merge,0.07842616913678148,0.2800467267024942,1,1151716899,0.0,1,45,pair_merge,0.5183327157317931,0.7199532732975058,0,1151716900,0.28197448405087,0,36,contiguous,0.5183327157317931,0.7199532732975058,0,1151716900,0.28197448405087,0,36,contiguous,0.5183327157317931,0.7199532732975058,0,1151716900,0.28197448405087,0,45,0.28197448405087,19,0.0,45,0.28197448405087,30,0.0,19,0.0,19,0.0,0.07842616913678148,0.2800467267024942,1,1151716899,127.23945415659165,11.280046726702494,0,1151716888,0.07842616913678148,0.2800467267024942,1,1151716899,0.07842616913678148,0.2800467267024942,1,1151716899,wr1024_reuse_confirm_g018
1,1024,1785136068,64,4,0.13382271412083066,0.05768398191801319,3.0969843875139085,0x44b9e6dd,19,pair_merge,0.05768398191801319,0.24017489860102614,1,1153033949,0.0,1,19,pair_merge,0.05768398191801319,0.24017489860102614,1,1153033949,0.0,1,47,pair_merge,0.5773341847159609,0.7598251013989739,0,1153033948,0.17097691358221082,0,45,pair_merge,0.05768398191801319,0.24017489860102614,1,1153033949,0.0,1,27,pair_merge,1.5380337791200656,1.2401748986010261,0,1153033950,0.4870692592533675,0,36,contiguous,0.05768398191801319,0.24017489860102614,1,1153033949,0.0,1,45,0.0,19,0.0,45,0.0,30,0.17097691358221082,19,0.0,19,0.0,0.05768398191801319,0.24017489860102614,1,1153033949,95.2541860098975,9.759825101398974,0,1153033939,0.05768398191801319,0.24017489860102614,1,1153033949,0.05768398191801319,0.24017489860102614,1,1153033949,wr1024_reuse_confirm_g019
1,1024,643427973,64,2,0.328125,0.1416516559833621,0.3889188853844939,0x44ae2d58,19,pair_merge,0.1416516559833621,0.3763663852994341,1,1152265560,0.0,1,19,pair_merge,0.1416516559833621,0.3763663852994341,1,1152265560,0.0,1,47,pair_merge,0.1416516559833621,0.3763663852994341,1,1152265560,0.0,1,45,pair_merge,0.3889188853844939,0.6236336147005659,0,1152265561,1.0,0,19,pair_merge,0.1416516559833621,0.3763663852994341,1,1152265560,0.0,1,3,pair_merge,0.3889188853844939,0.6236336147005659,0,1152265561,1.0,0,45,1.0,19,0.0,45,1.0,30,0.0,19,0.0,19,0.0,0.1416516559833621,0.3763663852994341,1,1152265560,54.41078105017544,7.376366385299434,0,1152265553,0.1416516559833621,0.3763663852994341,1,1152265560,0.1416516559833621,0.3763663852994341,1,1152265560,wr1024_reuse_confirm_g020
1,1024,1098130991,64,3,0.10562017894283243,0.0050121246584399065,1.1466048456357543,0x44a174de,19,pair_merge,0.0050121246584399065,0.07079636048865723,1,1151431902,0.0,1,19,pair_merge,0.0050121246584399065,0.07079636048865723,1,1151431902,0.0,1,47,pair_merge,0.0050121246584399065,0.07079636048865723,1,1151431902,0.0,1,45,pair_merge,0.0050121246584399065,0.07079636048865723,1,1151431902,0.0,1,36,contiguous,0.0050121246584399065,0.07079636048865723,1,1151431902,0.0,1,36,contiguous,0.0050121246584399065,0.07079636048865723,1,1151431902,0.0,1,45,0.0,19,0.0,45,0.0,30,0.0,19,0.0,19,0.0,0.0050121246584399065,0.07079636048865723,1,1151431902,25.71297572954501,5.070796360488657,0,1151431897,0.0050121246584399065,0.07079636048865723,1,1151431902,0.0050121246584399065,0.07079636048865723,1,1151431902,wr1024_reuse_confirm_g021
1,1024,852405262,64,3,0.15670495345400196,0.043045883145978944,1.4579959193960266,0x448e5e9b,19,pair_merge,0.6280958468959313,0.7925249818749762,0,1150181020,0.4134774718268309,0,19,pair_merge,0.6280958468959313,0.7925249818749762,0,1150181020,0.4134774718268309,0,47,pair_merge,0.6280958468959313,0.7925249818749762,0,1150181020,0.4134774718268309,0,45,pair_merge,0.043045883145978944,0.20747501812502378,1,1150181019,0.0,1,3,pair_merge,0.043045883145978944,0.20747501812502378,1,1150181019,0.0,1,3,pair_merge,0.043045883145978944,0.20747501812502378,1,1150181019,0.0,1,45,0.0,19,0.4134774718268309,45,0.0,30,0.4134774718268309,19,0.4134774718268309,19,0.4134774718268309,0.043045883145978944,0.20747501812502378,1,1150181019,27.117796064396217,5.207475018125024,0,1150181014,0.043045883145978944,0.20747501812502378,1,1150181019,0.043045883145978944,0.20747501812502378,1,1150181019,wr1024_reuse_confirm_g022
1,1024,51847166,64,3,0.1452914885542241,0.11813010877970893,1.8055313272241016,0x44a56d23,19,pair_merge,0.11813010877970893,0.34370060922219636,1,1151692067,0.0,1,19,pair_merge,0.11813010877970893,0.34370060922219636,1,1151692067,0.0,1,47,pair_merge,0.4307288903353162,0.6562993907778036,0,1151692066,0.18525456669030418,0,45,pair_merge,0.4307288903353162,0.6562993907778036,0,1151692066,0.18525456669030418,0,26,contiguous,0.11813010877970893,0.34370060922219636,1,1151692067,0.0,1,30,contiguous,0.4307288903353162,0.6562993907778036,0,1151692066,0.18525456669030418,0,45,0.18525456669030418,19,0.0,45,0.18525456669030418,30,0.18525456669030418,19,0.0,19,0.0,0.4307288903353162,0.6562993907778036,0,1151692066,74.93151914278018,8.656299390777804,0,1151692058,0.11813010877970893,0.34370060922219636,1,1151692067,0.11813010877970893,0.34370060922219636,1,1151692067,wr1024_reuse_confirm_g023
1,1024,430171460,64,3,0.0889172230174529,0.18529245528872576,2.046204658219375,0x44a3b2a5,19,pair_merge,0.3243802523580767,0.5695438985346755,0,1151578790,0.07474172980880515,0,19,pair_merge,0.3243802523580767,0.5695438985346755,0,1151578790,0.07474172980880515,0,47,pair_merge,0.3243802523580767,0.5695438985346755,0,1151578790,0.07474172980880515,0,45,pair_merge,0.3243802523580767,0.5695438985346755,0,1151578790,0.07474172980880515,0,54,contiguous,0.3243802523580767,0.5695438985346755,0,1151578790,0.07474172980880515,0,25,pair_merge,0.3243802523580767,0.5695438985346755,0,1151578790,0.07474172980880515,0,45,0.07474172980880515,19,0.07474172980880515,45,0.07474172980880515,30,0.0,19,0.07474172980880515,19,0.07474172980880515,0.18529245528872576,0.43045610146532454,1,1151578789,19.62894126701132,4.4304561014653245,0,1151578785,0.18529245528872576,0.43045610146532454,1,1151578789,0.18529245528872576,0.43045610146532454,1,1151578789,wr1024_reuse_confirm_g024
1,1024,958983881,64,4,0.05728880974360978,0.21726004430185594,2.352813555708071,0x44b729b8,19,pair_merge,0.21726004430185594,0.46611162214844626,1,1152854456,0.0,1,19,pair_merge,0.21726004430185594,0.46611162214844626,1,1152854456,0.0,1,47,pair_merge,2.352813555708071,1.5338883778515537,0,1152854458,1.0,0,45,pair_merge,0.2850368000049634,0.5338883778515537,0,1152854457,0.031737324932906014,0,53,pair_merge,0.21726004430185594,0.46611162214844626,1,1152854456,0.0,1,53,pair_merge,0.21726004430185594,0.46611162214844626,1,1152854456,0.0,1,45,0.031737324932906014,19,0.0,45,0.031737324932906014,30,0.0,19,0.0,19,0.0,0.21726004430185594,0.46611162214844626,1,1152854456,89.60726924297389,9.466111622148446,0,1152854447,0.21726004430185594,0.46611162214844626,1,1152854456,0.21726004430185594,0.46611162214844626,1,1152854456,wr1024_reuse_confirm_g025
1,1024,2124670122,64,3,0.19868700998030833,0.05382305489845954,1.5178189811670402,0x449e1975,19,pair_merge,0.5898271286298788,0.7680020368657097,0,1151211892,0.36612401996061666,0,19,pair_merge,0.5898271286298788,0.7680020368657097,0,1151211892,0.36612401996061666,0,47,pair_merge,0.05382305489845954,0.23199796313429033,1,1151211893,0.0,1,45,pair_merge,0.05382305489845954,0.23199796313429033,1,1151211893,0.0,1,30,contiguous,0.05382305489845954,0.23199796313429033,1,1151211893,0.0,1,30,contiguous,0.05382305489845954,0.23199796313429033,1,1151211893,0.0,1,45,0.0,19,0.36612401996061666,45,0.0,30,0.0,19,0.36612401996061666,19,0.36612401996061666,0.5898271286298788,0.7680020368657097,0,1151211892,7.6618352760927175,2.7680020368657097,0,1151211890,0.05382305489845954,0.23199796313429033,1,1151211893,0.05382305489845954,0.23199796313429033,1,1151211893,wr1024_reuse_confirm_g026
1,1024,1130860108,64,2,0.171875,0.09461803249642091,0.47941714661792706,0x449b2cb2,19,pair_merge,0.09461803249642091,0.30760044293924693,1,1151020210,0.0,1,19,pair_merge,0.09461803249642091,0.30760044293924693,1,1151020210,0.0,1,47,pair_merge,0.09461803249642091,0.30760044293924693,1,1151020210,0.0,1,45,pair_merge,0.09461803249642091,0.30760044293924693,1,1151020210,0.0,1,53,pair_merge,0.09461803249642091,0.30760044293924693,1,1151020210,0.0,1,3,pair_merge,0.09461803249642091,0.30760044293924693,1,1151020210,0.0,1,45,0.0,19,0.0,45,0.0,30,0.0,19,0.0,19,0.0,0.09461803249642091,0.30760044293924693,1,1151020210,151.47702866303834,12.307600442939247,0,1151020198,0.09461803249642091,0.30760044293924693,1,1151020210,0.09461803249642091,0.30760044293924693,1,1151020210,wr1024_reuse_confirm_g027
1,1024,962040297,64,4,0.07490261339972785,0.10246912925768684,2.82203714429207,0x44a44420,19,pair_merge,0.10246912925768684,0.3201079962414042,1,1151616032,0.0,1,19,pair_merge,0.10246912925768684,0.3201079962414042,1,1151616032,0.0,1,47,pair_merge,0.10246912925768684,0.3201079962414042,1,1151616032,0.0,1,45,pair_merge,0.10246912925768684,0.3201079962414042,1,1151616032,0.0,1,53,pair_merge,0.10246912925768684,0.3201079962414042,1,1151616032,0.0,1,53,pair_merge,0.10246912925768684,0.3201079962414042,1,1151616032,0.0,1,45,0.0,19,0.0,45,0.0,30,0.13229454293043041,19,0.0,19,0.0,0.10246912925768684,0.3201079962414042,1,1151616032,106.50462905408577,10.320107996241404,0,1151616022,0.10246912925768684,0.3201079962414042,1,1151616032,0.10246912925768684,0.3201079962414042,1,1151616032,wr1024_reuse_confirm_g028
1,1024,367937070,64,2,0.109375,0.1007138181642611,0.46600500882170565,0x448ab2f8,19,pair_merge,0.1007138181642611,0.31735440467127773,1,1149940472,0.0,1,19,pair_merge,0.1007138181642611,0.31735440467127773,1,1149940472,0.0,1,47,pair_merge,0.1007138181642611,0.31735440467127773,1,1149940472,0.0,1,45,pair_merge,0.1007138181642611,0.31735440467127773,1,1149940472,0.0,1,3,pair_merge,0.1007138181642611,0.31735440467127773,1,1149940472,0.0,1,3,pair_merge,0.1007138181642611,0.31735440467127773,1,1149940472,0.0,1,45,0.0,19,0.0,45,0.0,30,0.0,19,0.0,19,0.0,0.1007138181642611,0.31735440467127773,1,1149940472,204.98663714896003,14.317354404671278,0,1149940458,0.1007138181642611,0.31735440467127773,1,1149940472,0.1007138181642611,0.31735440467127773,1,1149940472,wr1024_reuse_confirm_g029
1,1024,756083256,64,3,0.24249605441254568,0.018096397139561664,1.2871420968975147,0x44997ef9,19,pair_merge,0.018096397139561664,0.13452284987897656,1,1150910201,0.0,1,19,pair_merge,0.018096397139561664,0.13452284987897656,1,1150910201,0.0,1,47,pair_merge,0.7490506973816086,0.8654771501210234,0,1150910200,0.5759873741201462,0,45,pair_merge,0.018096397139561664,0.13452284987897656,1,1150910201,0.0,1,3,pair_merge,0.7490506973816086,0.8654771501210234,0,1150910200,0.5759873741201462,0,21,pair_merge,0.018096397139561664,0.13452284987897656,1,1150910201,0.0,1,45,0.0,19,0.0,45,0.0,30,0.0,19,0.0,19,0.0,0.018096397139561664,0.13452284987897656,1,1150910201,47.13477649883389,6.865477150121023,0,1150910194,0.018096397139561664,0.13452284987897656,1,1150910201,0.018096397139561664,0.13452284987897656,1,1150910201,wr1024_reuse_confirm_g030
1,1024,781720501,64,3,0.1707131311860962,0.02323359580670176,1.328085007525275,0x44a22043,19,pair_merge,1.328085007525275,1.1524257058592866,0,1151475778,1.0,0,19,pair_merge,1.328085007525275,1.1524257058592866,0,1151475778,1.0,0,47,pair_merge,0.02323359580670176,0.1524257058592866,1,1151475779,0.0,1,45,pair_merge,0.02323359580670176,0.1524257058592866,1,1151475779,0.0,1,18,contiguous,0.02323359580670176,0.1524257058592866,1,1151475779,0.0,1,23,pair_merge,0.02323359580670176,0.1524257058592866,1,1151475779,0.0,1,45,0.0,19,1.0,45,0.0,30,0.532741568916166,19,1.0,19,1.0,0.02323359580670176,0.1524257058592866,1,1151475779,51.157193477836714,7.152425705859287,0,1151475772,0.02323359580670176,0.1524257058592866,1,1151475779,0.02323359580670176,0.1524257058592866,1,1151475779,wr1024_reuse_confirm_g031
1,1024,517104179,64,4,0.092912585352121,0.1540613380747026,2.58403541179347,0x44a27c05,19,pair_merge,0.1540613380747026,0.3925064815703081,1,1151499269,0.0,1,19,pair_merge,0.1540613380747026,0.3925064815703081,1,1151499269,0.0,1,47,pair_merge,0.1540613380747026,0.3925064815703081,1,1151499269,0.0,1,45,pair_merge,0.36904837493408643,0.6074935184296919,0,1151499270,0.08847297556980656,0,53,pair_merge,0.36904837493408643,0.6074935184296919,0,1151499270,0.08847297556980656,0,53,pair_merge,0.36904837493408643,0.6074935184296919,0,1151499270,0.08847297556980656,0,45,0.08847297556980656,19,0.0,45,0.08847297556980656,30,0.7345810732905804,19,0.0,19,0.0,0.36904837493408643,0.6074935184296919,0,1151499270,5.724087264355935,2.392506481570308,0,1151499267,0.1540613380747026,0.3925064815703081,1,1151499269,0.1540613380747026,0.3925064815703081,1,1151499269,wr1024_reuse_confirm_g032
1,1024,1400750307,64,3,0.12837043583251617,0.0029535056742998854,1.1116458361176185,0x44b00f10,19,pair_merge,0.0029535056742998854,0.05434616522165925,1,1152388880,0.0,1,19,pair_merge,0.0029535056742998854,0.05434616522165925,1,1152388880,0.0,1,47,pair_merge,0.0029535056742998854,0.05434616522165925,1,1152388880,0.0,1,45,pair_merge,0.0029535056742998854,0.05434616522165925,1,1152388880,0.0,1,27,pair_merge,0.0029535056742998854,0.05434616522165925,1,1152388880,0.0,1,1,pair_merge,0.0029535056742998854,0.05434616522165925,1,1152388880,0.0,1,45,0.0,19,0.0,45,0.0,30,0.0,19,0.0,19,0.0,0.0029535056742998854,0.05434616522165925,1,1152388880,48.24210719257107,6.945653834778341,0,1152388873,0.0029535056742998854,0.05434616522165925,1,1152388880,0.0029535056742998854,0.05434616522165925,1,1152388880,wr1024_reuse_confirm_g033
1,1024,1723388475,64,3,0.3028857761000511,0.017994795664395123,1.286284159332768,0x449deb85,19,pair_merge,0.017994795664395123,0.13414468183418649,1,1151200133,0.0,1,19,pair_merge,0.017994795664395123,0.13414468183418649,1,1151200133,0.0,1,47,pair_merge,0.7497054319960221,0.8658553181658135,0,1151200134,0.5769272039112927,0,45,pair_merge,0.7497054319960221,0.8658553181658135,0,1151200134,0.5769272039112927,0,25,pair_merge,0.017994795664395123,0.13414468183418649,1,1151200133,0.0,1,36,contiguous,0.017994795664395123,0.13414468183418649,1,1151200133,0.0,1,45,0.5769272039112927,19,0.0,45,0.5769272039112927,30,0.0,19,0.0,19,0.0,0.017994795664395123,0.13414468183418649,1,1151200133,9.822862886669514,3.1341446818341865,0,1151200130,0.017994795664395123,0.13414468183418649,1,1151200133,0.017994795664395123,0.13414468183418649,1,1151200133,wr1024_reuse_confirm_g034
1,1024,1980256236,64,3,0.05696786240830658,0.23268410198145958,2.1974309122513036,0x44a6c725,19,pair_merge,0.2679372917116156,0.517626594865078,0,1151780646,0.017942866503656143,0,19,pair_merge,0.2679372917116156,0.517626594865078,0,1151780646,0.017942866503656143,0,47,pair_merge,0.23268410198145958,0.482373405134922,1,1151780645,0.0,1,45,pair_merge,0.23268410198145958,0.482373405134922,1,1151780645,0.0,1,25,pair_merge,0.2679372917116156,0.517626594865078,0,1151780646,0.017942866503656143,0,23,pair_merge,0.2679372917116156,0.517626594865078,0,1151780646,0.017942866503656143,0,45,0.0,19,0.017942866503656143,45,0.0,30,0.0,19,0.017942866503656143,19,0.017942866503656143,0.2679372917116156,0.517626594865078,0,1151780646,55.98591177387037,7.482373405134922,0,1151780638,0.23268410198145958,0.482373405134922,1,1151780645,0.23268410198145958,0.482373405134922,1,1151780645,wr1024_reuse_confirm_g035
1,1024,964630447,64,3,0.049577932779749874,0.1336932846409638,1.864975130828776,0x44bcef1e,19,pair_merge,0.1336932846409638,0.36564092309390617,1,1153232670,0.0,1,19,pair_merge,0.1336932846409638,0.36564092309390617,1,1153232670,0.0,1,47,pair_merge,0.1336932846409638,0.36564092309390617,1,1153232670,0.0,1,45,pair_merge,0.1336932846409638,0.36564092309390617,1,1153232670,0.0,1,45,pair_merge,0.1336932846409638,0.36564092309390617,1,1153232670,0.0,1,19,pair_merge,0.1336932846409638,0.36564092309390617,1,1153232670,0.0,1,45,0.0,19,0.0,45,0.0,30,0.0,19,0.0,19,0.0,0.1336932846409638,0.36564092309390617,1,1153232670,159.6270292841994,12.634359076906094,0,1153232657,0.1336932846409638,0.36564092309390617,1,1153232670,0.1336932846409638,0.36564092309390617,1,1153232670,wr1024_reuse_confirm_g036
1,1024,1373584510,64,3,0.252321508896611,0.0037932795935185118,1.126972492020267,0x449c8a6f,19,pair_merge,0.0037932795935185118,0.06158960621337428,1,1151109743,0.0,1,19,pair_merge,0.0037932795935185118,0.06158960621337428,1,1151109743,0.0,1,47,pair_merge,1.126972492020267,1.0615896062133743,0,1151109744,1.0,0,45,pair_merge,0.0037932795935185118,0.06158960621337428,1,1151109743,0.0,1,25,pair_merge,0.0037932795935185118,0.06158960621337428,1,1151109743,0.0,1,23,pair_merge,0.8806140671667699,0.9384103937866257,0,1151109742,0.7806597361063926,0,45,0.0,19,0.0,45,0.0,30,0.0,19,0.0,19,0.0,0.0037932795935185118,0.06158960621337428,1,1151109743,1.126972492020267,1.0615896062133743,0,1151109744,0.0037932795935185118,0.06158960621337428,1,1151109743,0.0037932795935185118,0.06158960621337428,1,1151109743,wr1024_reuse_confirm_g037
1,1024,830955236,64,3,0.4011812610276929,0.0025877314903182264,1.1043272319867965,0x44b3e0a9,19,pair_merge,0.9008482309938399,0.9491302497517609,0,1152639146,0.815311150320686,0,19,pair_merge,0.9008482309938399,0.9491302497517609,0,1152639146,0.815311150320686,0,47,pair_merge,0.0025877314903182264,0.05086975024823914,1,1152639145,0.0,1,45,pair_merge,1.1043272319867965,1.0508697502482391,0,1152639144,1.0,0,26,contiguous,0.9008482309938399,0.9491302497517609,0,1152639146,0.815311150320686,0,45,pair_merge,1.1043272319867965,1.0508697502482391,0,1152639144,1.0,0,45,1.0,19,0.815311150320686,45,1.0,30,1.0,19,0.815311150320686,19,0.815311150320686,0.0025877314903182264,0.05086975024823914,1,1152639145,443.1391172419164,21.05086975024824,0,1152639124,0.0025877314903182264,0.05086975024823914,1,1152639145,0.0025877314903182264,0.05086975024823914,1,1152639145,wr1024_reuse_confirm_g038
1,1024,897310028,64,3,0.1504238444103093,0.00025711022755329604,1.0323264243800758,0x44a8faea,19,pair_merge,0.00025711022755329604,0.016034657076261283,1,1151924970,0.0,1,19,pair_merge,0.00025711022755329604,0.016034657076261283,1,1151924970,0.0,1,47,pair_merge,0.00025711022755329604,0.016034657076261283,1,1151924970,0.0,1,45,pair_merge,0.00025711022755329604,0.016034657076261283,1,1151924970,0.0,1,3,pair_merge,0.00025711022755329604,0.016034657076261283,1,1151924970,0.0,1,3,pair_merge,0.00025711022755329604,0.016034657076261283,1,1151924970,0.0,1,45,0.0,19,0.0,45,0.0,30,0.0,19,0.0,19,0.0,0.00025711022755329604,0.016034657076261283,1,1151924970,15.871979853617463,3.9839653429237387,0,1151924966,0.00025711022755329604,0.016034657076261283,1,1151924970,0.00025711022755329604,0.016034657076261283,1,1151924970,wr1024_reuse_confirm_g039
1,1024,291933375,64,3,0.11973274937626027,0.1129921856113398,1.785278391364038,0x449eb52f,19,pair_merge,0.4407059798586416,0.6638568971236509,0,1151251760,0.1959675282376664,0,19,pair_merge,0.4407059798586416,0.6638568971236509,0,1151251760,0.1959675282376664,0,47,pair_merge,0.4407059798586416,0.6638568971236509,0,1151251760,0.1959675282376664,0,45,pair_merge,0.1129921856113398,0.3361431028763491,1,1151251759,0.0,1,36,contiguous,0.4407059798586416,0.6638568971236509,0,1151251760,0.1959675282376664,0,36,contiguous,0.4407059798586416,0.6638568971236509,0,1151251760,0.1959675282376664,0,45,0.0,19,0.1959675282376664,45,0.0,30,0.1959675282376664,19,0.1959675282376664,19,0.1959675282376664,0.4407059798586416,0.6638568971236509,0,1151251760,0.1129921856113398,0.3361431028763491,1,1151251759,0.1129921856113398,0.3361431028763491,1,1151251759,0.1129921856113398,0.3361431028763491,1,1151251759,wr1024_reuse_confirm_g040
1,1024,1154223009,64,3,0.04141288883824213,0.21194454817793837,2.1326932612977307,0x44a74477,19,pair_merge,0.21194454817793837,0.4603743565598961,1,1151812727,0.0,1,19,pair_merge,0.21194454817793837,0.4603743565598961,1,1151812727,0.0,1,47,pair_merge,0.2911958350581461,0.5396256434401039,0,1151812726,0.04126062214118741,0,45,pair_merge,0.2911958350581461,0.5396256434401039,0,1151812726,0.04126062214118741,0,25,pair_merge,0.2911958350581461,0.5396256434401039,0,1151812726,0.04126062214118741,0,53,pair_merge,0.21194454817793837,0.4603743565598961,1,1151812727,0.0,1,45,0.04126062214118741,19,0.0,45,0.04126062214118741,30,0.04126062214118741,19,0.0,19,0.0,0.21194454817793837,0.4603743565598961,1,1151812727,72.92520613009981,8.539625643440104,0,1151812718,0.21194454817793837,0.4603743565598961,1,1151812727,0.21194454817793837,0.4603743565598961,1,1151812727,wr1024_reuse_confirm_g041
1,1024,726242693,64,3,0.1670383580878899,0.08759083756449823,1.6795058232321978,0x44c7798b,19,pair_merge,0.08759083756449823,0.29595749283384976,1,1153923467,0.0,1,19,pair_merge,0.08759083756449823,0.29595749283384976,1,1153923467,0.0,1,47,pair_merge,0.4956758518967987,0.7040425071661502,0,1153923466,0.2563484972541651,0,45,pair_merge,0.4956758518967987,0.7040425071661502,0,1153923466,0.2563484972541651,0,22,contiguous,0.08759083756449823,0.29595749283384976,1,1153923467,0.0,1,40,contiguous,0.08759083756449823,0.29595749283384976,1,1153923467,0.0,1,45,0.2563484972541651,19,0.0,45,0.2563484972541651,30,0.0,19,0.0,19,0.0,0.4956758518967987,0.7040425071661502,0,1153923466,75.7603559665552,8.70404250716615,0,1153923458,0.08759083756449823,0.29595749283384976,1,1153923467,0.08759083756449823,0.29595749283384976,1,1153923467,wr1024_reuse_confirm_g042
1,1024,690557436,64,4,0.06867464838804158,0.1320211222851714,2.6786326826164286,0x44bcfbc4,19,pair_merge,0.1320211222851714,0.36334710991718566,1,1153235908,0.0,1,19,pair_merge,0.1320211222851714,0.36334710991718566,1,1153235908,0.0,1,47,pair_merge,2.6786326826164286,1.6366528900828143,0,1153235906,1.0,0,45,pair_merge,0.1320211222851714,0.36334710991718566,1,1153235908,0.0,1,31,pair_merge,0.40532690245080005,0.6366528900828143,0,1153235907,0.10732134591035851,0,27,pair_merge,0.1320211222851714,0.36334710991718566,1,1153235908,0.0,1,45,0.0,19,0.0,45,0.0,30,0.0,19,0.0,19,0.0,0.1320211222851714,0.36334710991718566,1,1153235908,44.045161583444575,6.636652890082814,0,1153235901,0.1320211222851714,0.36334710991718566,1,1153235908,0.1320211222851714,0.36334710991718566,1,1153235908,wr1024_reuse_confirm_g043
1,1024,417088163,64,4,0.0967573440098216,0.14502992301212347,2.621718146587489,0x44b48504,19,pair_merge,0.14502992301212347,0.3808279441061586,1,1152681220,0.0,1,19,pair_merge,0.14502992301212347,0.3808279441061586,1,1152681220,0.0,1,47,pair_merge,0.14502992301212347,0.3808279441061586,1,1152681220,0.0,1,45,pair_merge,0.14502992301212347,0.3808279441061586,1,1152681220,0.0,1,3,pair_merge,0.14502992301212347,0.3808279441061586,1,1152681220,0.0,1,3,pair_merge,0.14502992301212347,0.3808279441061586,1,1152681220,0.0,1,45,0.0,19,0.0,45,0.0,30,0.0,19,0.0,19,0.0,0.14502992301212347,0.3808279441061586,1,1152681220,70.23827702871066,8.380827944106159,0,1152681212,0.14502992301212347,0.3808279441061586,1,1152681220,0.14502992301212347,0.3808279441061586,1,1152681220,wr1024_reuse_confirm_g044
1,1024,193999764,64,3,0.3153958572684007,0.022266117169222003,1.320702825160863,0x44aaada9,19,pair_merge,0.723829409177581,0.8507816460041795,0,1152036266,0.5403138155986849,0,19,pair_merge,0.723829409177581,0.8507816460041795,0,1152036266,0.5403138155986849,0,47,pair_merge,0.022266117169222003,0.1492183539958205,1,1152036265,0.0,1,45,pair_merge,0.022266117169222003,0.1492183539958205,1,1152036265,0.0,1,25,pair_merge,0.022266117169222003,0.1492183539958205,1,1152036265,0.0,1,36,contiguous,1.320702825160863,1.1492183539958205,0,1152036264,1.0,0,45,0.0,19,0.5403138155986849,45,0.0,30,0.0,19,0.5403138155986849,19,0.5403138155986849,0.022266117169222003,0.1492183539958205,1,1152036265,83.708196489094,9.14921835399582,0,1152036256,0.022266117169222003,0.1492183539958205,1,1152036265,0.022266117169222003,0.1492183539958205,1,1152036265,wr1024_reuse_confirm_g045
1,1024,1320166666,64,3,0.304847110863972,0.008886165496015584,1.1974190856560298,0x44a592f7,19,pair_merge,0.008886165496015584,0.09426646008000716,1,1151701751,0.0,1,19,pair_merge,0.008886165496015584,0.09426646008000716,1,1151701751,0.0,1,47,pair_merge,0.008886165496015584,0.09426646008000716,1,1151701751,0.0,1,45,pair_merge,0.008886165496015584,0.09426646008000716,1,1151701751,0.0,1,22,contiguous,0.008886165496015584,0.09426646008000716,1,1151701751,0.0,1,30,contiguous,0.008886165496015584,0.09426646008000716,1,1151701751,0.0,1,45,0.0,19,0.0,45,0.0,30,0.0,19,0.0,19,0.0,1.1974190856560298,1.0942664600800072,0,1151701750,37.1400836864561,6.094266460080007,0,1151701745,0.008886165496015584,0.09426646008000716,1,1151701751,0.008886165496015584,0.09426646008000716,1,1151701751,wr1024_reuse_confirm_g046
1,1024,2098736751,64,3,0.19623295839190674,0.01288932041447911,1.2399516062699607,0x44c3d928,19,pair_merge,0.01288932041447911,0.1135311429277408,1,1153685800,0.0,1,19,pair_merge,0.01288932041447911,0.1135311429277408,1,1153685800,0.0,1,47,pair_merge,0.01288932041447911,0.1135311429277408,1,1153685800,0.0,1,45,pair_merge,0.01288932041447911,0.1135311429277408,1,1153685800,0.0,1,45,pair_merge,0.01288932041447911,0.1135311429277408,1,1153685800,0.0,1,19,pair_merge,0.01288932041447911,0.1135311429277408,1,1153685800,0.0,1,45,0.0,19,0.0,45,0.0,30,0.0,19,0.0,19,0.0,0.01288932041447911,0.1135311429277408,1,1153685800,102.28351217896929,10.11353114292774,0,1153685790,0.01288932041447911,0.1135311429277408,1,1153685800,0.01288932041447911,0.1135311429277408,1,1153685800,wr1024_reuse_confirm_g047
1,1024,789070510,64,3,0.13872933083717975,0.14594739433425272,1.910008633592606,0x44b721e1,19,pair_merge,0.14594739433425272,0.3820306196291767,1,1152852449,0.0,1,19,pair_merge,0.14594739433425272,0.3820306196291767,1,1152852449,0.0,1,47,pair_merge,0.38188615507589924,0.6179693803708233,0,1152852450,0.13374748874412085,0,45,pair_merge,0.14594739433425272,0.3820306196291767,1,1152852449,0.0,1,36,contiguous,0.14594739433425272,0.3820306196291767,1,1152852449,0.0,1,43,pair_merge,0.38188615507589924,0.6179693803708233,0,1152852450,0.13374748874412085,0,45,0.0,19,0.0,45,0.0,30,0.13374748874412085,19,0.0,19,0.0,0.38188615507589924,0.6179693803708233,0,1152852450,2.617824915817546,1.6179693803708233,0,1152852451,0.14594739433425272,0.3820306196291767,1,1152852449,0.14594739433425272,0.3820306196291767,1,1152852449,wr1024_reuse_confirm_g048
1,1024,835969406,64,4,0.07000203492151576,0.13390261991263522,2.6701943434442117,0x44ad3800,19,pair_merge,0.13390261991263522,0.36592706911710593,1,1152202752,0.0,1,19,pair_merge,0.13390261991263522,0.36592706911710593,1,1152202752,0.0,1,47,pair_merge,0.13390261991263522,0.36592706911710593,1,1152202752,0.0,1,45,pair_merge,0.13390261991263522,0.36592706911710593,1,1152202752,0.0,1,36,contiguous,0.13390261991263522,0.36592706911710593,1,1152202752,0.0,1,13,pair_merge,0.13390261991263522,0.36592706911710593,1,1152202752,0.0,1,45,0.0,19,0.0,45,0.0,30,0.0,19,0.0,19,0.0,0.13390261991263522,0.36592706911710593,1,1152202752,31.742777790507365,5.634072930882894,0,1152202746,0.13390261991263522,0.36592706911710593,1,1152202752,0.13390261991263522,0.36592706911710593,1,1152202752,wr1024_reuse_confirm_g049
1,1024,1868305313,64,3,0.18740613141323176,0.04600600837733883,1.4749862334569517,0x44ac699b,19,pair_merge,0.04600600837733883,0.21449011253980643,1,1152149915,0.0,1,19,pair_merge,0.04600600837733883,0.21449011253980643,1,1152149915,0.0,1,47,pair_merge,0.04600600837733883,0.21449011253980643,1,1152149915,0.0,1,45,pair_merge,0.617025783297726,0.7855098874601936,0,1152149914,0.3995994940297889,0,31,pair_merge,0.617025783297726,0.7855098874601936,0,1152149914,0.3995994940297889,0,26,contiguous,0.04600600837733883,0.21449011253980643,1,1152149915,0.0,1,45,0.3995994940297889,19,0.0,45,0.3995994940297889,30,0.3995994940297889,19,0.0,19,0.0,0.04600600837733883,0.21449011253980643,1,1152149915,1.4749862334569517,1.2144901125398064,0,1152149916,0.04600600837733883,0.21449011253980643,1,1152149915,0.04600600837733883,0.21449011253980643,1,1152149915,wr1024_reuse_confirm_g050
1,1024,1092484473,64,4,0.05000324123754641,0.01480379935010749,3.5281203400033574,0x44a7b8b0,19,pair_merge,0.01480379935010749,0.12167086483668754,1,1151842480,0.0,1,19,pair_merge,0.01480379935010749,0.12167086483668754,1,1151842480,0.0,1,47,pair_merge,0.01480379935010749,0.12167086483668754,1,1151842480,0.0,1,45,pair_merge,0.01480379935010749,0.12167086483668754,1,1151842480,0.0,1,45,pair_merge,0.01480379935010749,0.12167086483668754,1,1151842480,0.0,1,22,contiguous,0.01480379935010749,0.12167086483668754,1,1151842480,0.0,1,45,0.0,19,0.0,45,0.0,30,0.0,19,0.0,19,0.0,0.01480379935010749,0.12167086483668754,1,1151842480,26.231512447716984,5.1216708648366875,0,1151842475,0.01480379935010749,0.12167086483668754,1,1151842480,0.01480379935010749,0.12167086483668754,1,1151842480,wr1024_reuse_confirm_g051
1,1024,218558628,64,3,0.051630265437399105,0.13505682942672675,2.6650536760873784,0x44b4dc6e,19,pair_merge,0.13505682942672675,0.3675007883348371,1,1152703598,0.0,1,19,pair_merge,0.13505682942672675,0.3675007883348371,1,1152703598,0.0,1,47,pair_merge,0.4000552527570525,0.6324992116651629,0,1152703597,0.10474259036334285,0,45,pair_merge,0.4000552527570525,0.6324992116651629,0,1152703597,0.10474259036334285,0,50,contiguous,0.13505682942672675,0.3675007883348371,1,1152703598,0.0,1,26,contiguous,0.13505682942672675,0.3675007883348371,1,1152703598,0.0,1,45,0.10474259036334285,19,0.0,45,0.10474259036334285,30,0.0,19,0.0,19,0.0,0.13505682942672675,0.3675007883348371,1,1152703598,43.990045792739004,6.632499211665163,0,1152703591,0.13505682942672675,0.3675007883348371,1,1152703598,0.13505682942672675,0.3675007883348371,1,1152703598,wr1024_reuse_confirm_g052
1,1024,346503600,64,3,0.05388071451751076,0.18607809785321738,2.4606072735123714,0x449cf8be,19,pair_merge,0.32334268568279445,0.5686322939147885,0,1151137981,0.06034857204669536,0,19,pair_merge,0.32334268568279445,0.5686322939147885,0,1151137981,0.06034857204669536,0,47,pair_merge,0.18607809785321738,0.43136770608521147,1,1151137982,0.0,1,45,pair_merge,2.4606072735123714,1.5686322939147885,0,1151137980,1.0,0,31,pair_merge,0.18607809785321738,0.43136770608521147,1,1151137982,0.0,1,21,pair_merge,0.18607809785321738,0.43136770608521147,1,1151137982,0.0,1,45,1.0,19,0.06034857204669536,45,1.0,30,0.0,19,0.06034857204669536,19,0.06034857204669536,0.18607809785321738,0.43136770608521147,1,1151137982,20.872401037001104,4.5686322939147885,0,1151137977,0.18607809785321738,0.43136770608521147,1,1151137982,0.18607809785321738,0.43136770608521147,1,1151137982,wr1024_reuse_confirm_g053
1,1024,311670534,64,3,0.1206587779201439,0.0068887541654499545,1.172885792276977,0x44962d94,19,pair_merge,0.0068887541654499545,0.08299851905576361,1,1150692756,0.0,1,19,pair_merge,0.0068887541654499545,0.08299851905576361,1,1150692756,0.0,1,47,pair_merge,0.0068887541654499545,0.08299851905576361,1,1150692756,0.0,1,45,pair_merge,0.0068887541654499545,0.08299851905576361,1,1150692756,0.0,1,23,pair_merge,0.0068887541654499545,0.08299851905576361,1,1150692756,0.0,1,23,pair_merge,0.0068887541654499545,0.08299851905576361,1,1150692756,0.0,1,45,0.0,19,0.0,45,0.0,30,0.0,19,0.0,19,0.0,0.0068887541654499545,0.08299851905576361,1,1150692756,98.34691837305017,9.917001480944236,0,1150692746,0.0068887541654499545,0.08299851905576361,1,1150692756,0.0068887541654499545,0.08299851905576361,1,1150692756,wr1024_reuse_confirm_g054
1,1024,1033586138,64,3,0.11751325224197476,0.034187400168849996,1.4039841019867543,0x44a766fe,19,pair_merge,0.6643906983509458,0.8151016490910479,0,1151821567,0.46007067862386536,0,19,pair_merge,0.6643906983509458,0.8151016490910479,0,1151821567,0.46007067862386536,0,47,pair_merge,0.034187400168849996,0.18489835090895212,1,1151821566,0.0,1,45,pair_merge,0.034187400168849996,0.18489835090895212,1,1151821566,0.0,1,21,pair_merge,0.034187400168849996,0.18489835090895212,1,1151821566,0.0,1,21,pair_merge,0.034187400168849996,0.18489835090895212,1,1151821566,0.0,1,45,0.0,19,0.46007067862386536,45,0.0,30,0.0,19,0.46007067862386536,19,0.46007067862386536,0.034187400168849996,0.18489835090895212,1,1151821566,103.73215441834789,10.184898350908952,0,1151821556,0.034187400168849996,0.18489835090895212,1,1151821566,0.034187400168849996,0.18489835090895212,1,1151821566,wr1024_reuse_confirm_g055
1,1024,1165139319,64,3,0.2635953898815856,0.0005160134037855787,1.045947870235114,0x448d1fc3,19,pair_merge,0.9550841565724573,0.9772840715843358,0,1150099394,0.9130849963401136,0,19,pair_merge,0.9550841565724573,0.9772840715843358,0,1150099394,0.9130849963401136,0,47,pair_merge,0.9550841565724573,0.9772840715843358,0,1150099394,0.9130849963401136,0,45,pair_merge,0.0005160134037855787,0.022715928415664166,1,1150099395,0.0,1,44,contiguous,0.0005160134037855787,0.022715928415664166,1,1150099395,0.0,1,44,contiguous,0.0005160134037855787,0.022715928415664166,1,1150099395,0.0,1,45,0.0,19,0.9130849963401136,45,0.0,30,0.0,19,0.9130849963401136,19,0.9130849963401136,0.0005160134037855787,0.022715928415664166,1,1150099395,15.818788586078472,3.977284071584336,0,1150099391,0.0005160134037855787,0.022715928415664166,1,1150099395,0.0005160134037855787,0.022715928415664166,1,1150099395,wr1024_reuse_confirm_g056
1,1024,981994487,64,4,0.11523980381179184,0.029699167540459624,3.3403613108639574,0x44a36e8b,19,pair_merge,0.029699167540459624,0.17233446416912557,1,1151561355,0.0,1,19,pair_merge,0.029699167540459624,0.17233446416912557,1,1151561355,0.0,1,47,pair_merge,0.6850302392022085,0.8276655358308744,0,1151561356,0.1979456203295565,0,45,pair_merge,0.6850302392022085,0.8276655358308744,0,1151561356,0.1979456203295565,0,25,pair_merge,0.6850302392022085,0.8276655358308744,0,1151561356,0.1979456203295565,0,25,pair_merge,0.6850302392022085,0.8276655358308744,0,1151561356,0.1979456203295565,0,45,0.1979456203295565,19,0.0,45,0.1979456203295565,30,0.0,19,0.0,19,0.0,0.6850302392022085,0.8276655358308744,0,1151561356,4.719037024216962,2.1723344641691256,0,1151561353,0.029699167540459624,0.17233446416912557,1,1151561355,0.029699167540459624,0.17233446416912557,1,1151561355,wr1024_reuse_confirm_g057
1,1024,737297309,64,4,0.0444960059970413,0.1806320649322559,2.4805988185173233,0x449b398a,19,pair_merge,0.3306154417247897,0.5749916883962669,0,1151023499,0.06521110644697257,0,19,pair_merge,0.3306154417247897,0.5749916883962669,0,1151023499,0.06521110644697257,0,47,pair_merge,0.1806320649322559,0.4250083116037331,1,1151023498,0.0,1,45,pair_merge,0.3306154417247897,0.5749916883962669,0,1151023499,0.06521110644697257,0,60,contiguous,0.1806320649322559,0.4250083116037331,1,1151023498,0.0,1,19,pair_merge,0.3306154417247897,0.5749916883962669,0,1151023499,0.06521110644697257,0,45,0.06521110644697257,19,0.06521110644697257,45,0.06521110644697257,30,0.06521110644697257,19,0.06521110644697257,19,0.06521110644697257,0.1806320649322559,0.4250083116037331,1,1151023498,108.68079829700692,10.425008311603733,0,1151023488,0.1806320649322559,0.4250083116037331,1,1151023498,0.1806320649322559,0.4250083116037331,1,1151023498,wr1024_reuse_confirm_g058
1,1024,1589627468,64,3,0.07218075529787736,0.13430895121239217,1.8672726643998654,0x44a90470,19,pair_merge,0.13430895121239217,0.36648185659373667,1,1151927408,0.0,1,19,pair_merge,0.13430895121239217,0.36648185659373667,1,1151927408,0.0,1,47,pair_merge,0.13430895121239217,0.36648185659373667,1,1151927408,0.0,1,45,pair_merge,0.13430895121239217,0.36648185659373667,1,1151927408,0.0,1,4,contiguous,0.13430895121239217,0.36648185659373667,1,1151927408,0.0,1,60,contiguous,0.13430895121239217,0.36648185659373667,1,1151927408,0.0,1,45,0.0,19,0.0,45,0.0,30,0.0,19,0.0,19,0.0,0.13430895121239217,0.36648185659373667,1,1151927408,152.92987350946208,12.366481856593737,0,1151927396,0.13430895121239217,0.36648185659373667,1,1151927408,0.13430895121239217,0.36648185659373667,1,1151927408,wr1024_reuse_confirm_g059
1,1024,1963422636,64,3,0.20229882842467145,0.014840943315586252,1.2584877640671508,0x44a06e6d,19,pair_merge,0.7711941225640218,0.8781765896242177,0,1151364716,0.6081736121766096,0,19,pair_merge,0.7711941225640218,0.8781765896242177,0,1151364716,0.6081736121766096,0,47,pair_merge,0.014840943315586252,0.12182341037578226,1,1151364717,0.0,1,45,pair_merge,0.7711941225640218,0.8781765896242177,0,1151364716,0.6081736121766096,0,27,pair_merge,0.014840943315586252,0.12182341037578226,1,1151364717,0.0,1,25,pair_merge,0.014840943315586252,0.12182341037578226,1,1151364717,0.0,1,45,0.6081736121766096,19,0.6081736121766096,45,0.6081736121766096,30,0.0,19,0.6081736121766096,19,0.6081736121766096,0.014840943315586252,0.12182341037578226,1,1151364717,23.796606839557764,4.878176589624218,0,1151364712,0.014840943315586252,0.12182341037578226,1,1151364717,0.014840943315586252,0.12182341037578226,1,1151364717,wr1024_reuse_confirm_g060
1,1024,1509160857,64,3,0.15016507304407656,0.007705100033970274,1.1832624984422433,0x44a1e71e,19,pair_merge,0.007705100033970274,0.0877786992041365,1,1151461150,0.0,1,19,pair_merge,0.007705100033970274,0.0877786992041365,1,1151461150,0.0,1,47,pair_merge,0.007705100033970274,0.0877786992041365,1,1151461150,0.0,1,45,pair_merge,0.007705100033970274,0.0877786992041365,1,1151461150,0.0,1,45,pair_merge,0.007705100033970274,0.0877786992041365,1,1151461150,0.0,1,45,pair_merge,0.007705100033970274,0.0877786992041365,1,1151461150,0.0,1,45,0.0,19,0.0,45,0.0,30,0.0,19,0.0,19,0.0,0.007705100033970274,0.0877786992041365,1,1151461150,79.42768851435952,8.912221300795863,0,1151461141,0.007705100033970274,0.0877786992041365,1,1151461150,0.007705100033970274,0.0877786992041365,1,1151461150,wr1024_reuse_confirm_g061
1,1024,92922338,64,3,0.2970895384832183,0.005062108375123969,1.1473590988580427,0x4492ff67,19,pair_merge,0.005062108375123969,0.07114849524145939,1,1150484327,0.0,1,19,pair_merge,0.005062108375123969,0.07114849524145939,1,1150484327,0.0,1,47,pair_merge,0.005062108375123969,0.07114849524145939,1,1150484327,0.0,1,45,pair_merge,0.005062108375123969,0.07114849524145939,1,1150484327,0.0,1,23,pair_merge,0.005062108375123969,0.07114849524145939,1,1150484327,0.0,1,23,pair_merge,0.005062108375123969,0.07114849524145939,1,1150484327,0.0,1,45,0.0,19,0.0,45,0.0,30,0.0,19,0.0,19,0.0,0.005062108375123969,0.07114849524145939,1,1150484327,16.5742500703068,4.071148495241459,0,1150484323,0.005062108375123969,0.07114849524145939,1,1150484327,0.005062108375123969,0.07114849524145939,1,1150484327,wr1024_reuse_confirm_g062
1,1024,700090170,64,3,0.18694247984625645,0.04300109143895777,1.4577351818581457,0x449f26ed,19,pair_merge,0.04300109143895777,0.20736704520959393,1,1151280877,0.0,1,19,pair_merge,0.04300109143895777,0.20736704520959393,1,1151280877,0.0,1,47,pair_merge,0.04300109143895777,0.20736704520959393,1,1151280877,0.0,1,45,pair_merge,0.04300109143895777,0.20736704520959393,1,1151280877,0.0,1,26,contiguous,0.04300109143895777,0.20736704520959393,1,1151280877,0.0,1,25,pair_merge,0.62826700101977,0.7926329547904061,0,1151280878,0.413693225846701,0,45,0.0,19,0.0,45,0.0,30,0.0,19,0.0,19,0.0,0.62826700101977,0.7926329547904061,0,1151280878,10.287203362696522,3.207367045209594,0,1151280874,0.04300109143895777,0.20736704520959393,1,1151280877,0.04300109143895777,0.20736704520959393,1,1151280877,wr1024_reuse_confirm_g063
